sentence,NOUN,VERB,ADV,AUX,ADJ,ADP,PUNCT,words,letters,word_avg,numbers,symbols,if_question,punctuation,sym_hashtag,sym_shtrudel,sym_dollar,sym_ampersand,sym_percend,sym_star,sym_tilda,sym_math,sym_logic,sym_brackets,sym_num,sym_quotes,sym_slashes
לצורך זה לומדים הסוכרתיים לבדוק בעצמם את רמת הסוכר בדמם.,4,2,3,0,0,1,1,10,46,4.6,0,1,0,1,0,0,0,0,0,0,0,0,0,0,0,0,0
"חשוב להתייצב בשירות התעסוקה בסמוך להפסקת העבודה גם אם הפסקת לעבוד מרצונך, כדי לממש את זכאותך לדמי אבטלה.",8,4,2,0,0,2,2,18,85,4.722,0,2,0,2,0,0,0,0,0,0,0,0,0,0,0,0,0
"עם זאת, הנקה עשויה להיות מאתגרת בהתחלה.",2,2,1,0,1,1,2,7,31,4.429,0,2,0,2,0,0,0,0,0,0,0,0,0,0,0,0,0
"תנאי שני – גילמלאו לך 20 שנה, ועדיין לא הגעת לגיל 6",4,1,1,0,0,1,1,11,38,3.455,3,2,0,1,0,0,0,0,0,0,0,0,0,0,0,0,0
"עד לגילוי האינסולין (על ידי שני חוקרים קנדים: חתן פרס נובל ד""ר פרדריק בנטינג ושותפו למחקר ד""ר צ'רלס בסט) מי שחלה בסוכרת נעורים היה מת בתוך זמן לא רב לאחר גילוי המחלה.",19,0,3,1,1,4,7,35,128,3.657,0,7,0,3,0,0,0,0,0,0,0,0,0,0,0,3,0
פגיעת איבה בחוץ לארץפגיעה שאירעה בחוץ לארץ תוכר כפגיעת איבה אם מטרתה הייתה פגיעה בישראל או בעם היהודי.,10,3,0,0,1,2,1,18,84,4.667,0,1,0,1,0,0,0,0,0,0,0,0,0,0,0,0,0
"דו""ח קלינאית תקשורת של קופת חולים (לא פרטי)/ מרפאה בעיסוק (אם רלוונטי לקשיי הילד)אבחון פסיכולוגי.",12,0,1,0,1,1,7,17,76,4.471,0,7,0,1,0,0,0,0,0,0,0,1,0,0,0,1,1
לאחר שתתקבל החלטה בתביעתך תישלח אליך הודעה אליה יצורף עותק מהפרוטוקול הרפואי של הוועדה.,8,3,2,0,0,1,1,14,73,5.214,0,1,0,1,0,0,0,0,0,0,0,0,0,0,0,0,0
"יש להביא בחשבון, כי בנסיבות מסוימות, ובהתחשב במצב הבריאותי, הרופאים עשויים להמליץ גם לבצע שינוי מהותי במסלול, או אף לדחות את הנסיעה.",10,6,1,0,0,1,5,22,106,4.818,0,5,0,5,0,0,0,0,0,0,0,0,0,0,0,0,0
נוסעים מבוגרים רבים סבורים שחיסוני הילדות שקיבלו עדיין מגנים עליהם.,5,2,3,0,0,0,1,10,57,5.7,0,1,0,1,0,0,0,0,0,0,0,0,0,0,0,0,0
"כדי למנוע גירוי בעור, החליפו את החיתולים בזמן.",4,1,1,0,0,2,2,8,37,4.625,0,2,0,2,0,0,0,0,0,0,0,0,0,0,0,0,0
"צהבת פיזיולוגית היא לא מחלה, אלא תופעה, ולכן אינה מידבקת.",4,0,3,1,0,0,3,10,45,4.5,0,3,0,3,0,0,0,0,0,0,0,0,0,0,0,0,0
חלב אם הוא המזון המושלם לתינוק.,4,0,0,1,1,0,1,6,25,4.167,0,1,0,1,0,0,0,0,0,0,0,0,0,0,0,0,0
"ב 29- למאי 2012 –ח' בסיוון התשע""ב הורחב החוק באישור ועדת העבודה הרווחה והבריאות של הכנסת ובוצעו שינויים בתוספת לחוק.",15,1,1,0,0,2,4,21,92,4.381,6,5,0,2,0,0,0,0,0,0,0,1,0,0,0,2,0
"אצטדיון ספורט, למעט במקומות שהוקצו לעישון בידי הנהלת האצטדיון, אם הוקצו, כמפורט בחוק.",8,2,1,0,0,1,4,13,69,5.308,0,4,0,4,0,0,0,0,0,0,0,0,0,0,0,0,0
"הועדה קובעת את המסגרת החינוכית בה ישובצו התלמידים לאחר שקיבלו זכאות לחינוך מיוחד במעמד ועדת השמה, וכן דנה בהעברת תלמידים בין מסגרות החינוך המיוחד.",15,4,3,0,0,2,2,24,121,5.042,0,2,0,2,0,0,0,0,0,0,0,0,0,0,0,0,0
מי לא זכאי לדמי אבטלה?,1,2,0,0,0,0,1,5,17,3.4,0,1,1,1,0,0,0,0,0,0,0,0,0,0,0,0,0
"נוסעים עם סוכרתתרופות וציוד: מטיילים חולי סוכרת צריכים להעריך את כמות האינסולין, המזרקים/העטים, הפדים, האלכוהול ואמצעי הניטור שבה הם משתמשים – ולקחת עימם לטיול כמות מספקת, במידה שלא יודעים אם ניתן לרכוש תרופות וציוד ממקורות מהימנים (למשל, אם מתכננים טרקים, טיולי שטח, טיפוס הרים או אפילו טיול רכב באזורים כפריים המרוחקים ממרכזי הערים הגדולות).",32,8,4,0,0,4,13,54,277,5.13,0,13,0,9,0,0,0,0,0,0,0,1,0,0,0,0,1
"אם ההתקף קשה, ניתן לטפל בו גם באמצעות הזרקה של הורמון הקרוי גלוקגון הגורם לעלייה חדה ברמת הסוכר בדם.",9,3,0,0,2,2,2,19,80,4.211,0,2,0,2,0,0,0,0,0,0,0,0,0,0,0,0,0
גני שעשועים הפתוחים לציבור.,3,0,1,0,0,0,1,4,23,5.75,0,1,0,1,0,0,0,0,0,0,0,0,0,0,0,0,0
פעילות גופנית סדירה יכולה לעזור גם היא בשמירה על רמת סוכר תקינה ולמנוע סיבוכים מאוחרים.,8,3,0,0,1,1,1,15,72,4.8,0,1,0,1,0,0,0,0,0,0,0,0,0,0,0,0,0
"אין להציב במיטה בובות, מגן ראש או מצעים שעלולים לכסות את פני התינוק.",8,3,0,0,0,1,2,13,54,4.154,0,2,0,2,0,0,0,0,0,0,0,0,0,0,0,0,0
אסור להציב מאפרה במקום ציבורי.,3,2,0,0,0,0,1,5,25,5.0,0,1,0,1,0,0,0,0,0,0,0,0,0,0,0,0,0
"חנות; מסעדה, מזנון, בית קפה, לרבות כל בית אוכל, בית משקה, מועדון, דיסקוטק או מקום אחר שביןעיסוקיו הגשת מזון או משקאות (כולם להלן - בית אוכל), למעט חדר נפרד לחלוטין, אם קיים,שהוקצה לעישון בידי הנהלת בית האוכל, ובלבד שיש בו סידורי אוורור תקינים ובלבד שעומד בתנאיםהקבועים בחוק.",1,0,0,0,0,0,0,47,213,4.532,0,15,0,12,0,0,0,0,0,0,0,1,0,0,0,0,0
"מתוכם, מהווים בני השמונים ומעלה את קבוצת הגיל הגדלה במהירות הרבה ביותר.",6,1,3,0,1,1,2,12,58,4.833,0,2,0,2,0,0,0,0,0,0,0,0,0,0,0,0,0
עד גיל 14 ימים צריך לבדוק שהתינוק חזר למשקל הלידה שלו.,5,3,0,0,0,1,1,11,43,3.909,2,1,0,1,0,0,0,0,0,0,0,0,0,0,0,0,0
עד למפגש עם הרופא יש להלביש את התינוק בשכבת בגדים נוספת ולוודא שהוא נמצא במקום שחומם היטב.,6,3,4,0,0,3,1,17,73,4.294,0,1,0,1,0,0,0,0,0,0,0,0,0,0,0,0,0
"יש חשיבות לניקוי של המפשעות בזמן  החלפת חיתול, לניגוב קפלים ולניקוי הפנים לפחות פעם ביום.",10,1,2,0,0,2,2,15,72,4.8,0,2,0,2,0,0,0,0,0,0,0,0,0,0,0,0,0
"לנוחיותכם, ריכזנו מספר דרכים בהן תוכלו לשלם את חשבון הארנונה: הוראת קבע בבנקנפתח בחלון חדש טופס הוראת קבע בכרטיס האשראי - להדפסהנפתח בחלון חדשטופס הוראת קבע מקווןנפתח בחלון חדשסניפי הבנקיםסניפי בנק הדואר – במזומן, המחאה או כרטיס אשראימוקד תשלומים טלפוני – התשלום הוא באמצעות כרטיס אשראי במוקד התשלומים של אגף הגבייה.",33,2,3,1,4,3,7,48,259,5.396,0,7,0,4,0,0,0,0,0,0,0,1,0,0,0,0,0
תינוקות - יותר מאשר ילדים ומבוגרים - מתקשים לשמור על חום גופם.,5,2,1,0,0,1,3,10,48,4.8,0,3,0,1,0,0,0,0,0,0,0,2,0,0,0,0,0
גם בחורף צריך לעשות כל יום אמבטיה?,2,2,1,0,0,1,1,7,27,3.857,0,1,1,1,0,0,0,0,0,0,0,0,0,0,0,0,0
לעיתים קרובות מדובר רק בעיכוב קל הנובע מכך שלכל ילד יש קצב התפתחותי משלו.,5,2,5,0,0,1,1,14,59,4.214,0,1,0,1,0,0,0,0,0,0,0,0,0,0,0,0,0
כמו כן לומדים כיצד ניתן לתקשר איתו ולהרגיעו.,1,2,4,0,0,0,1,8,36,4.5,0,1,0,1,0,0,0,0,0,0,0,0,0,0,0,0,0
"אם משהו לא ברור לרופא, הוא ישאל אותך.",2,2,0,0,0,0,2,8,28,3.5,0,2,0,2,0,0,0,0,0,0,0,0,0,0,0,0,0
"אם קיבלתם הודעה שיש צורך באבחון, תנותבו לאיש המקצוע או לאנשי המקצוע המתאימים (את המידע על כך תקבלו ממזכירוּת המרפאה שלכם).",12,3,1,0,0,2,4,22,97,4.409,0,5,0,2,0,0,0,0,0,0,0,0,0,0,0,0,0
התינוק החדש מבלה את רוב שעות היממה במיטה.,6,1,0,0,0,1,1,8,33,4.125,0,1,0,1,0,0,0,0,0,0,0,0,0,0,0,0,0
"הגורמים יכולים להיות רבים, ובעיקר השינויים באופי המאמץ הגופני, במעלות החום, בלחות האוויר ובאלרגנים שבסביבה.",11,2,2,0,0,0,4,15,89,5.933,0,4,0,4,0,0,0,0,0,0,0,0,0,0,0,0,0
השימוש באינסולין קצר־טווח ביחד עם הארוחות מסייע מאוד בהקשר זה.,5,1,2,0,0,2,2,11,51,4.636,0,2,0,1,0,0,0,0,0,0,0,0,0,0,0,0,0
למידע נוסף קראו את המדריך לבטיחות תינוקות.,4,1,1,0,0,1,1,7,35,5.0,0,1,0,1,0,0,0,0,0,0,0,0,0,0,0,0,0
סוכרת נגרמת מירידה בכמות האינסולין שמיוצר בגוף או עקב ירידה ביכולת הגוף להשתמש באינסולין.,10,2,0,0,0,1,1,14,75,5.357,0,1,0,1,0,0,0,0,0,0,0,0,0,0,0,0,0
"נוסף על הטיפול התרופתי יש להקפיד על תזונה נכונה, וחשוב להתייעץ עם דיאטנית לקביעת הדיאטה המתאימה.",9,3,1,0,0,3,2,16,79,4.938,0,2,0,2,0,0,0,0,0,0,0,0,0,0,0,0,0
יש לפנות למחלקת היסעים על מנת להסדיר את הנושא.,4,3,0,0,0,2,1,9,37,4.111,0,1,0,1,0,0,0,0,0,0,0,0,0,0,0,0,0
"שינוי בהתנהגות הרגילה של התינוק: אי־שקט מסיבה לא ברורה הנמשך כמה שעות או, לחלופין, התינוק ישנוני, מסרב לאכול ובוכה בכי חלש.",8,3,2,0,5,2,6,22,97,4.409,0,6,0,5,0,0,0,0,0,0,0,0,0,0,0,0,0
"הערה: בתי החולים, מרפאות, משרדים ממשלתיים, חניונים, גני חיות ואירועים, רשאים לקבוע אזורי עישוןבטווח של 10 מטרים מהכניסה או מהיציאה בתנאי שלא יהוו מטרד בחלקים אחרים של המקום, למעט בתימגורים/בניין מגורים.",23,3,0,0,0,3,9,32,163,5.094,2,9,0,8,0,0,0,0,0,0,0,1,0,0,0,0,1
"סוכרת של מבוגרים (סוכרת מסוג 2) מופיעה בדרך כלל בגיל מאוחר הרבה יותר, לעיתים קרובות  אצל אנשים שסובלים מעודף משקל.",9,1,7,0,0,2,4,20,90,4.5,1,4,0,2,0,0,0,0,0,0,0,0,0,0,0,0,0
"האם אנחנו ""זקנים מדי"" כדי לנסוע?",2,1,3,0,0,0,3,6,24,4.0,0,3,1,1,0,0,0,0,0,0,0,0,0,0,0,2,0
"את התרופות יש לקחת בתיק האישי, ולא במזוודה המאופסנת בבטן המטוס.",7,2,0,0,0,1,2,11,51,4.636,0,2,0,2,0,0,0,0,0,0,0,0,0,0,0,0,0
החומר הזה מסכן את הגוף אם הוא מגיע לרמות גבוהות בדם.,5,2,0,0,0,1,1,11,41,3.727,0,1,0,1,0,0,0,0,0,0,0,0,0,0,0,0,0
"אם קיבלתם הודעה מהוועדה שאין צורך באבחון, קיבלתם בעצם בשורה משמחת ומרגיעה.",7,2,1,0,0,1,2,12,61,5.083,0,2,0,2,0,0,0,0,0,0,0,0,0,0,0,0,0
"יכולות להופיע נקודות שומן לבנות על האף ועל הסנטר, אך גם הן נעלמות בתוך זמן קצר.",7,3,0,0,0,3,2,16,62,3.875,0,2,0,2,0,0,0,0,0,0,0,0,0,0,0,0,0
"כל מקום במוסד חינוך לרבות חדר המוסד, מגורי תלמידים בטווח 10 מטר מהכניסה או מהיציאה.",11,0,1,0,0,0,2,15,67,4.467,2,2,0,2,0,0,0,0,0,0,0,0,0,0,0,0,0
"המשמעות - רווח ניכר לתושב ולסביבה, הן בחיסכון בנייר, הן במהירות קבלת המידע וכן בנוחות וביעילות המעקב אחר החשבונות התקופתיים.",15,0,0,0,0,1,4,19,101,5.316,0,4,0,3,0,0,0,0,0,0,0,1,0,0,0,0,0
"משרדי אגף הגבייה נמצאים ברח' הדסה 78, קבלת קהל היא בימים א', ב', ה' בין השעות 8:30-13:00, בימי ג' בין השעות 8:30-13:00 ו- 16:30-18:3",15,1,0,1,0,2,17,33,90,2.727,23,19,0,15,0,0,0,0,0,0,0,4,0,0,0,5,0
"שימו לב, בעקבות משבר הקורונה, יש להירשם באתר שירות התעסוקה מבלי להתייצב פיזית.",4,3,4,0,0,1,3,13,63,4.846,0,3,0,3,0,0,0,0,0,0,0,0,0,0,0,0,0
אבחון/טיפול רב־תחומי (משולב).,4,0,0,0,0,1,5,5,22,4.4,0,5,0,1,0,0,0,0,0,0,0,1,0,0,0,0,1
הטיפול באינסולין טומן בחובו סיכונים.,3,1,1,0,0,0,1,5,31,6.2,0,1,0,1,0,0,0,0,0,0,0,0,0,0,0,0,0
לעיתים הוא רק רוצה את קרבתכם ואת תשומת ליבכם.,3,1,1,0,0,2,1,9,36,4.0,0,1,0,1,0,0,0,0,0,0,0,0,0,0,0,0,0
הטיפול בקטואצידוזיס כולל מתן נוזלים רבים ומתן אינסולין כדי להוריד את השיעור הגבוה של הסוכר ושל גופי הקטו שנוצרו.,12,2,0,0,0,4,1,19,93,4.895,0,1,0,1,0,0,0,0,0,0,0,0,0,0,0,0,0
"עובד שכיר שמעסיקו אינו תושב ישראל או עובד בשירות דיפלומטי או קונסולרי של מדינת חוץ, יכולים להיות זכאים לדמי אבטלה למרות שהמעסיק שלהם אינו חייב בתשלום דמי ביטוח עבורם, והם משלמים את דמי הביטוח עבור עצמם.",17,4,1,2,2,3,3,36,164,4.556,0,3,0,3,0,0,0,0,0,0,0,0,0,0,0,0,0
"אם למרות נקיטת צעדים אלו, אדם מפר את הוראות החוק מומלץ לפעול על פי הצעדים הבאים:הפנה את תשומת לבו של המעשן לכך שהעישון אסור במקום ולשילוט האוסר על עישון, ודרוש בנימוס לחדול מיד מהעישון או לחילופין לצאת ולעשן מחוץ למקום.",18,8,3,0,0,9,4,41,176,4.293,0,4,0,4,0,0,0,0,0,0,0,0,0,0,0,0,0
"מדובר בכתמי לידה אדומים המופיעים על העפעפיים, על המצח, מעל השפה ובעורף.",7,0,2,0,0,3,3,12,57,4.75,0,3,0,3,0,0,0,0,0,0,0,0,0,0,0,0,0
שים לב!,0,0,0,0,0,0,1,2,5,2.5,0,1,0,1,0,0,0,0,0,0,0,0,0,0,0,0,0
"והכל בתנאי שהרשות המאשרת, המתמנה על ידי שר הביטחון, אישרה שהפגיעה היא פגיעת איבה.",9,1,1,1,1,1,3,14,65,4.643,0,3,0,3,0,0,0,0,0,0,0,0,0,0,0,0,0
במקרה כזה מטפל מהתחום הרלוונטי יזמן את ההורים ואת הילד לאבחון ויקבע לילד תוכנית טיפולים אישית.,10,2,1,0,0,1,1,16,78,4.875,0,1,0,1,0,0,0,0,0,0,0,0,0,0,0,0,0
איך מטפלים בסוכרת נעורים?,2,1,0,0,0,0,1,4,21,5.25,0,1,1,1,0,0,0,0,0,0,0,0,0,0,0,0,0
"ככלל, כדאי להיות קשובים לגוף וכשאשר מופיעים סימנים חריגים דוגמת קוצר נשימה במאמץ, כאבים בלתי אופייניים בחזה - ולא להסס ולפנות להתייעצות רפואית או לעזרה רפואית.",12,3,7,0,1,0,4,25,130,5.2,0,4,0,3,0,0,0,0,0,0,0,1,0,0,0,0,0
מה קורה כשאין לנו מספיק אינסולין בגוף?,2,1,2,0,0,0,1,7,31,4.429,0,1,1,1,0,0,0,0,0,0,0,0,0,0,0,0,0
כתמים כחולים באזור העכוז והגב התחתון ניתן לראות אצל תינוקות להורים בעלי עור כהה יותר.,8,2,2,0,0,3,1,15,70,4.667,0,1,0,1,0,0,0,0,0,0,0,0,0,0,0,0,0
ההחתלה נעשית בדרך כלל בצמוד לשעות ההאכלה מכיוון שהתינוק לרוב ער.,4,2,5,0,0,0,1,11,53,4.818,0,1,0,1,0,0,0,0,0,0,0,0,0,0,0,0,0
"ראשית, כל המשלם בהוראת קבע יקבל הנחה בשיער של 1% מחיוב הארנונה התקופתי למעט משלם אשר חיובו השנתי מעל ל-100,000 שקלים אשר לא יזוכה בהנחה אך יוכל לחלק את התשלום ל-12 תשלומים.",16,4,1,0,0,6,5,35,135,3.857,9,6,0,3,0,0,0,0,1,0,0,3,0,0,0,0,0
"דו""ח רפואי / פסיכיאטרי – אם רלוונטי לקשיי הילד.",6,0,1,0,0,1,4,8,35,4.375,0,4,0,1,0,0,0,0,0,0,0,1,0,0,0,1,1
חודשי העבודה לא חייבים להיות רצופים ולא חייבים להיות ממעסיק אחד.,4,3,0,1,0,0,1,11,53,4.818,0,1,0,1,0,0,0,0,0,0,0,0,0,0,0,0,0
במקרה כזה יוזמנו ההורים והילד לאבחון רב־תחומי ולקביעת תוכנית טיפולים אישית שתתואם בין הגורמים המטפלים.,9,2,2,0,1,2,2,16,86,5.375,0,2,0,1,0,0,0,0,0,0,0,0,0,0,0,0,0
זה נורמלי?,1,0,0,0,0,0,1,2,8,4.0,0,1,1,1,0,0,0,0,0,0,0,0,0,0,0,0,0
"זה בסדר, זו הדרך שלו לתקשר אתכם.",1,1,2,0,0,0,2,7,24,3.429,0,2,0,2,0,0,0,0,0,0,0,0,0,0,0,0,0
התופעה הזאת נקראת היפוגליקמיה והיא יכולה להתרחש בעקבות מתן מנה גדולה מדי של אינסולין או בעקבות דילוג על ארוחה ולעיתים אף ללא סיבה ברורה.,12,3,1,0,0,5,1,24,112,4.667,0,1,0,1,0,0,0,0,0,0,0,0,0,0,0,0,0
הודעות שיבוץ למסגרות החינוך המיוחד נשלחות להורים במשך חודשי הקיץ.,8,1,0,0,0,1,1,10,55,5.5,0,1,0,1,0,0,0,0,0,0,0,0,0,0,0,0,0
"לעיתים נדמה להורים שהילד אינו מתפתח כראוי (כמו ""הבן של השכנים"") ושקיים קושי התפתחותי, לעיתים הגננת היא שמצביעה על קושי של הילד או הסבתא מציינת ש""האח הגדול כבר זחל/עמד/דיבר... בגיל הזה"", ובאופן טבעי ההורים נכנסים לחרדה ומגיעים לרופא.",18,8,6,0,1,3,14,41,181,4.415,0,14,0,6,0,0,0,0,0,0,0,2,0,0,0,4,2
"איסור העישון מתייחס לכל מוצרי העישון, הכוללים בין השאר, סיגריות, סיגרים, מקטרת, נרגילה, סיגריות אלקטרוניות ואחרים.",11,2,1,0,0,2,7,16,92,5.75,0,7,0,7,0,0,0,0,0,0,0,0,0,0,0,0,0
צריך להדק את החיתול לגוף?,2,2,0,0,0,1,1,5,20,4.0,0,1,1,1,0,0,0,0,0,0,0,0,0,0,0,0,0
איך בוחרים מיטת תינוק?,2,1,0,0,0,0,1,4,18,4.5,0,1,1,1,0,0,0,0,0,0,0,0,0,0,0,0,0
הרופא יוצג לפניך בשמו ובתחום מומחיותו וכן יוצג לפניך גם המזכיר.,4,2,3,0,0,1,1,11,52,4.727,0,1,0,1,0,0,0,0,0,0,0,0,0,0,0,0,0
תנאי חמישי - תקופת אכשרהצברת תקופת אכשרה של לפחות 12 חודשי עבודה כשכיר מתוך 18 החודשים האחרונים לפני שנרשמת לראשונה בשירות התעסוקה.,11,1,4,0,1,2,2,21,108,5.143,4,2,0,1,0,0,0,0,0,0,0,1,0,0,0,0,0
מטרת הטיפול היא להפחית ככל הניתן את רמת ההמוגלובין הקשור לסוכר (HbA1C) ולשמור על רמת גלוקוזה שקרובה ככל האפשר למדד המקובל.,15,3,2,0,0,2,3,21,99,4.714,1,7,0,1,0,0,0,0,0,0,0,0,0,0,0,0,0
עד כמה היא שכיחה?,1,0,0,0,0,1,1,4,13,3.25,0,1,1,1,0,0,0,0,0,0,0,0,0,0,0,0,0
הטמפרטורה המומלצת בחדר התינוק היא 24-22 מעלות צלזיוס בחורף ובקיץ.,8,0,0,1,0,0,2,11,54,4.909,4,2,0,1,0,0,0,0,0,0,0,1,0,0,0,0,0
"אתה תושב השטחים ויש לך היתר כניסה ממפקד כוחות הצבא בשטח, ונפגעת בתחום הקו הירוק.",8,2,2,0,0,1,2,15,64,4.267,0,2,0,2,0,0,0,0,0,0,0,0,0,0,0,0,0
"מי שמגיש בקשה לקבל מהביטוח הלאומי קצבה עקב נכותו, צריך להיבדק בוועדה רפואית.",7,4,0,0,0,1,2,13,62,4.769,0,2,0,2,0,0,0,0,0,0,0,0,0,0,0,0,0
"אתה תושב השטחים בעל תעודת זהות ישראלית, ונפגעת בתחום הקו הירוק.",8,1,0,0,0,1,2,11,51,4.636,0,2,0,2,0,0,0,0,0,0,0,0,0,0,0,0,0
יתרונות התשלום באמצעות הטלפון או האינטרנטגם התשלום הטלפוני או האינטרנטי עשוי להקל עליכם .,7,2,0,0,1,1,1,13,75,5.769,0,1,0,1,0,0,0,0,0,0,0,0,0,0,0,0,0
צריך לרחוץ את התינוק בין חיתול לחיתול?,3,2,0,0,0,2,1,7,31,4.429,0,1,1,1,0,0,0,0,0,0,0,0,0,0,0,0,0
"התופעה חולפת מעצמה, ואין צורך לטפל בה.",2,2,2,0,0,0,2,7,30,4.286,0,2,0,2,0,0,0,0,0,0,0,0,0,0,0,0,0
"כדי להקל עליכם ולסייע לכם ריכזנו כאן בעבורכם מידע על המערך העוסק בהתפתחות הילד בכללית, על זכאותכם בסל הבריאות ובכללית מושלם ועל כל מה שחשוב שתדעו בשלב הזה כדי להתחיל את תהליך הטיפול בילדכם.",13,5,6,0,1,6,2,34,154,4.529,0,2,0,2,0,0,0,0,0,0,0,0,0,0,0,0,0
"במקרה כזה, עליך להודיע על כך לוועדה, ותוזמן לוועדה אחרת.",2,3,3,0,0,1,3,10,44,4.4,0,3,0,3,0,0,0,0,0,0,0,0,0,0,0,0,0
מהניסיון ידוע שפעמים רבות הדברים פשוט מסתדרים מעצמם.,2,1,5,0,0,0,1,8,44,5.5,0,1,0,1,0,0,0,0,0,0,0,0,0,0,0,0,0
"אם המעשן מסרב לכבות את הסיגריה, הסבר למעשן שהוא לא יקבל שירות אם ימשיך לעשן וכי הוא מתבקש לעזוב את המקום.",6,7,0,0,0,2,2,21,83,3.952,0,2,0,2,0,0,0,0,0,0,0,0,0,0,0,0,0
"לייעוץ זה חשוב להביא מכתב מרופא או מרופאת המשפחה, או מהרופא או הרופאה המטפלים במחלות רקע שונות - ובו פירוט מלא של האבחנות הכרוניות השונות ושל התרופות הקבועות.",17,2,3,0,0,1,3,27,128,4.741,0,3,0,2,0,0,0,0,0,0,0,1,0,0,0,0,0
"הועדה מורכבת ממנהלת המחלקה לחינוך מיוחד, נציג הפיקוח על החינוך המיוחד ונציג מהשירות הפסיכולוגי החינוכי.",13,1,0,0,0,1,2,15,87,5.8,0,2,0,2,0,0,0,0,0,0,0,0,0,0,0,0,0
הנפיחות בעיניים מלוּוה לעיתים בהפרשה קלה הניתנת לניגוב בעדינות בעזרת מים פושרים.,7,1,1,0,2,1,1,13,67,5.154,0,2,0,1,0,0,0,0,0,0,0,0,0,0,0,0,0
הנפיחות נעלמת לאחר זמן קצר.,3,1,0,0,0,1,1,5,22,4.4,0,1,0,1,0,0,0,0,0,0,0,0,0,0,0,0,0
"כמות הזריקות ותזמונן במהלך היום תלויים בסוכרתי עצמו ובתגובה שלו לטיפול, וזאת בכפוף להחלטת הרופא ועל סמך בקרה צמודה של רמות הסוכר בדם.",15,1,3,0,0,3,2,23,109,4.739,0,2,0,2,0,0,0,0,0,0,0,0,0,0,0,0,0
"הוועדה כוללת רופא מומחה שתפקידו לקבוע את דרגת הנכות שלך, ומזכיר שתפקידו לרשום את דבריך ואת פרוטוקול הוועדה ולדאוג לשמירה על זכויותיך.",14,3,0,0,0,3,2,22,110,5.0,0,2,0,2,0,0,0,0,0,0,0,0,0,0,0,0,0
"מקלט ציבורי ומחסה ציבורי כהגדרתם בסעיף 11 לחוק ההתגוננות האזרחית, התשי""א - 1951כל מקום בבניין של בית כנסת, כנסייה, ח'ילווה או מסגד בחצר שלו, למעט חלק של האזור שהוקצה לעישוןבידי הנהלת המקום, אם הוקצה, ובלבד שאותו חלק של האזור שהוקצה לעישון אינו מקורה בדרך כלשהי,לרבות בסככה וכיוצא בזה, שטחו רציף ואינו עולה על רבע ממקומות הישיבה באזור, ושאר האזור שמורללא מעשנים וסומן בבירור שהעישון בו אסור.",36,10,9,0,1,4,13,68,312,4.588,6,13,0,11,0,0,0,0,0,0,0,1,0,0,0,2,0
"בנוסף, הורחבה ההגדרה של ""מחזיק למעשה"", האחראי לאכיפת החוק.",6,1,1,0,0,1,5,9,45,5.0,0,5,0,3,0,0,0,0,0,0,0,0,0,0,0,2,0
הלבישו את התינוק בבגדי תינוקות התואמים את תנאי מזג האוויר ועל פי עונות השנה:   בקיץ: לבוש קל ומאוורר.,10,2,1,0,1,3,3,18,79,4.389,0,3,0,3,0,0,0,0,0,0,0,0,0,0,0,0,0
החוק חל גם על מקומות עבודה פרטיים.,4,1,0,0,0,1,1,7,27,3.857,0,1,0,1,0,0,0,0,0,0,0,0,0,0,0,0,0
"הניטור הצמוד במקרים האלה הוא חשוב ביותר כדי למנוע מעבר למצב של היפוגליקמיה (תת סוכר בדם) בעקבות עודף האינסולין שניתן כדי לבלום את ההידרדרות במצב החולה.הורים יקרים,במדריך הזה מפורט התהליך העומד בפניכם לאחר שרופא הילדים שאליו פניתם הפנה את בקשתכם לבדיקת הוועדה המקצועית שפועלת בתחום של התפתחות הילד.",28,5,8,1,2,5,5,50,245,4.9,0,5,0,3,0,0,0,0,0,0,0,0,0,0,0,0,0
"קבלת חשבון ארנונה בדוא""למהיום ניתן לקבל  את חשבון הארנונה ישירות לדואר האלקטרוני (למייל), במקום בדואר.​תורם לאיכות הסביבהקבלת חשבון ארנונה תקופתי ללא עיכוב וללא תלות בדוארניתן לתיוק בקלותהשירות אינו כרוך בתשלוםניתן לקבל את חשבון הארנונה למייל במילוי טופסנפתח בחלון חדש​ או בהרש​מה באתר האינטרנט ​CityPayנפתח בחלון חדשחשוב להבהיר - חשבון הארנונה בדואר האלקטרוני מגיע כשהוא מאובטח ומי שאין לו הרשאה אינו יכול לצפות בפרטי השובר.",34,10,12,0,1,5,7,66,350,5.303,0,18,0,3,0,0,0,0,0,0,0,1,0,0,0,1,0
תלמידים בעלי לקויות מורכבות בתפקוד חריג במיוחד שמנהל המחוז במעמד ועדת חריגים שתוקם במחוז למטרה זו מצא לנכון לדון בעניינים בוועדת ההשמה.,12,3,3,0,1,2,1,22,113,5.136,0,1,0,1,0,0,0,0,0,0,0,0,0,0,0,0,0
האשכים שלו נפוחים בגלל ההורמונים?,2,1,0,0,0,1,1,5,28,5.6,0,1,1,1,0,0,0,0,0,0,0,0,0,0,0,0,0
היתרון העיקרי בתשלום זה הוא יתרון  הנוחות והמהירות.,6,0,0,1,0,0,1,8,42,5.25,0,1,0,1,0,0,0,0,0,0,0,0,0,0,0,0,0
הפקחים מגיבים לפניות / תלונות וכן פועלים בפעילות יזומה.,4,2,1,0,0,0,2,8,45,5.625,0,2,0,1,0,0,0,0,0,0,0,1,0,0,0,0,1
אין צורך לטפל בכך.,1,2,1,0,0,0,1,4,14,3.5,0,1,0,1,0,0,0,0,0,0,0,0,0,0,0,0,0
"אלה הם הנפוצים ביותר: סוכרת נעורים, הנקראת גם סוכרת מסוג 1 או סוכרת תלוית אינסולין.",7,0,2,0,1,1,3,15,66,4.4,1,3,0,3,0,0,0,0,0,0,0,0,0,0,0,0,0
"קריטריונים להסעהתלמידי החינוך המיוחד, החל מכיתות הגן גילאי 3 ועד גיל 21, המשובצים במוסדות החינוך המיוחד זכאים להסעה מאורגנת מיוחדת, ללא קשר להגבלת המרחק: עיכוב התפתחות, הפרעת תקשורת, תלמידים עם מגבלה שכלית קשה/עמוק וסיעודי, משותקי מוחין ובעלי נכויות פיזיות קשות, אוטיסטים/ASD, בעלי הפרעות נפשיות קשות וחולי נפש, תלמידים בעלי מגבלה שכלית בינונית רב- בעייתי, תלמידים בעלי מגבלה שכלית קשה/עמוקה/סיעודית, חירשים וכבדי שמיעה, עיוורים ולקויי ראייה.",44,0,3,0,12,7,19,69,359,5.203,3,22,0,14,0,0,0,0,0,0,0,5,0,0,0,0,4
"בטיול ממושך, הסכנה העיקרית לחולי אסתמה היא יציאה מאיזון והופעת התקפים.",9,0,0,1,1,0,2,11,58,5.273,0,2,0,2,0,0,0,0,0,0,0,0,0,0,0,0,0
ניתן להירשם און-ליין באתר שירות התעסוקה.,3,2,0,0,1,1,2,7,33,4.714,0,2,0,1,0,0,0,0,0,0,0,1,0,0,0,0,0
"מומלץ להציב שילוט ברור בכניסה למקום האוסר על העישון במקום, בנוסף לשילוט המחויב על פי התקנות בתוך בית העסק.",10,2,3,0,0,4,2,19,86,4.526,0,2,0,2,0,0,0,0,0,0,0,0,0,0,0,0,0
"אין כמו המגע, החיבוק, הבעת הפנים והקול המרגיע שלכם כדי לתת לו ביטחון בעולם החדש שאליו יצא.",8,2,2,0,1,1,3,17,71,4.176,0,3,0,3,0,0,0,0,0,0,0,0,0,0,0,0,0
"הנפיחות באשכים אינה קשורה להורמונים, אלא נובעת מהצטברות נוזלים בשק האשכים.",6,2,0,1,0,1,2,11,62,5.636,0,2,0,2,0,0,0,0,0,0,0,0,0,0,0,0,0
"ועדת העברותהתלמיד והוריו יכולים לערער על החלטת ועדת השיבוץ בכתב למחלקה לחינוך מיוחד, לגב' אתי וקנין.",11,2,0,0,1,1,3,16,82,5.125,0,3,0,3,0,0,0,0,0,0,0,0,0,0,0,1,0
"מטרתו של חוק זה למנוע את העישון במקומות ציבוריים ואת חשיפת הציבור לעישון כפוי, הגורמת למוות, למחלות ולנכות.",11,2,1,0,1,2,3,18,87,4.833,0,3,0,3,0,0,0,0,0,0,0,0,0,0,0,0,0
"אסור ללחוץ על השד, ובמקרה של אודם יש לפנות לרופא.",4,4,0,0,0,2,2,10,38,3.8,0,2,0,2,0,0,0,0,0,0,0,0,0,0,0,0,0
"חושי הראייה, השמיעה, הטעם והריח פועלים כבר מהלידה.",6,1,1,0,0,0,3,8,40,5.0,0,3,0,3,0,0,0,0,0,0,0,0,0,0,0,0,0
"בריאות הרגליים: חשוב שמטיילים סוכרתיים יצטיידו בנעליים מתאימות וידאגו להיגיינה מתאימה של כפות הרגליים, כדי למנוע התהוות של פצעים וכיבים כרוניים.",12,3,3,0,0,3,3,21,121,5.762,0,3,0,3,0,0,0,0,0,0,0,0,0,0,0,0,0
"איסור העישון מתייחס לכל מוצרי העישון, הכוללים בין השאר, סיגריות, סיגרים, מקטרת,נרגילה, סיגריות אלקטרוניות ואחרים.",11,2,1,0,0,2,7,16,92,5.75,0,7,0,7,0,0,0,0,0,0,0,0,0,0,0,0,0
"בכל מקרה, אם נוסעים עם סוכרת מומלץ להתייעץ הן עם הרופא או הרופאה במרפאת־המטיילים והן עם הרופא או הרופאה המבצעים את המעקב אחר הסוכרת ולגבש תוכנית פעולה ברורה למקרה שיופיעו סיבוכים (למשל: שמות וכתובות מדויקים של מרפאות או בתי־חולים אמינים ביעדים השונים וכיצד בדיוק מגיעים אליהם).",23,5,4,0,3,7,7,48,225,4.688,0,7,0,3,0,0,0,0,0,0,0,0,0,0,0,0,0
"חשוב לדעת שאין אפשרות להעלות למטוס מיכלי חמצן אישיים, והסידורים השונים משתנים בין חברות התעופה השונות.",9,4,2,0,0,1,2,16,85,5.312,0,2,0,2,0,0,0,0,0,0,0,0,0,0,0,0,0
"עם זאת, יש לפנות עוד לפני כן לרופא ילדים אם מופיעים אחד או יותר מהתסמינים הבאים: עלייה לא מספקת במשקל.",7,3,2,0,1,1,3,20,80,4.0,0,3,0,3,0,0,0,0,0,0,0,0,0,0,0,0,0
זהו המרווח הרצוי.,2,0,0,1,0,0,1,3,14,4.667,0,1,0,1,0,0,0,0,0,0,0,0,0,0,0,0,0
"הנחיות פעולה לבעל עסק הנתקל בעישוןמחזיק במקום ציבורי חייב לתלות שילוט האוסר על העישון במקום, לדאוג לתקינות השילוט וכן אסור עליו להציב מאפרות במקום בו חל האיסור לעשן.",17,5,3,0,1,1,2,28,136,4.857,0,2,0,2,0,0,0,0,0,0,0,0,0,0,0,0,0
איך מאבחנים סוכרת נעורים?,2,1,0,0,0,0,1,4,21,5.25,0,1,1,1,0,0,0,0,0,0,0,0,0,0,0,0,0
אחד התינוקות במחלקה חלה בצהבת פיזיולוגית.,4,1,0,0,0,0,1,6,35,5.833,0,1,0,1,0,0,0,0,0,0,0,0,0,0,0,0,0
"תהליכים אלה עלולים לגרום לתחושת־בלבול ולעלייה במפלס החרדה אצל המטיילים מבוגרים, אך ניתן בהחלט לפעול לצמצומן באמצעות הכנה מתאימה לפני הטיול.",11,4,2,0,0,3,3,22,116,5.273,0,3,0,2,0,0,0,0,0,0,0,0,0,0,0,0,0
"ערך גלוקוזה (סוכר) של 126 מ""ג ומעלה בשתי בדיקות דם רצופות מאשש את האבחנה.",10,1,0,0,0,2,4,15,56,3.733,3,4,0,1,0,0,0,0,0,0,0,0,0,0,0,1,0
ניתן לקבל על פי בקשה את פרוטוקול הביניים ואת חוות הדעת שבוצעו על ידי המומחים השונים.,9,2,0,0,0,4,1,16,68,4.25,0,1,0,1,0,0,0,0,0,0,0,0,0,0,0,0,0
הזרקת האינסולין נעשית על ידי החולה עצמו באחת הגפיים ובבטן באמצעות מזרק חד־פעמי או באמצעות עט אינסולין רב־שימושי.,10,1,1,0,1,6,3,20,92,4.6,0,3,0,1,0,0,0,0,0,0,0,0,0,0,0,0,0
החזיקו את התינוק כך שתוכלו להתבונן בו.,2,2,1,0,0,1,1,7,31,4.429,0,1,0,1,0,0,0,0,0,0,0,0,0,0,0,0,0
"בית המשפט הגדיר את אחריות בעל העסק במובן רחב יותר, ומצפה מבעל העסק בנוסף למפורט לעיל, גםלסרב לתת שירות לאדם המעשן בניגוד לחוק ואף לדרוש ממנו לעזוב את המקום, אם לא יחדל מביצוע העבירה.",16,6,3,0,0,5,4,34,145,4.265,0,4,0,4,0,0,0,0,0,0,0,0,0,0,0,0,0
סוכרת הריונית.,2,0,0,0,0,0,1,2,12,6.0,0,1,0,1,0,0,0,0,0,0,0,0,0,0,0,0,0
"תלמידי החינוך המיוחד זכאים להסעה, בהתאם לקריטריונים המופיעים בחוזר מנכל הסעות תלמידים.",9,1,1,0,0,1,2,12,73,6.083,0,2,0,2,0,0,0,0,0,0,0,0,0,0,0,0,0
בוועדת השמה מתקיימים דיונים אחראים ומכבדים הדוגלים בשיתוף התלמיד וההורים ומאפשרים להם להשמיע את עמדתם ולהציג את תפיסתם לגבי המענה ההולם את צרכי התלמיד.,11,4,2,0,2,4,1,24,127,5.292,0,1,0,1,0,0,0,0,0,0,0,0,0,0,0,0,0
לעיתים ניתן לראות אצל בנות הפרשה דמית קלה מהנרתיק שחולפת בתוך ימים ספורים.,6,3,1,0,1,2,1,13,61,4.692,0,1,0,1,0,0,0,0,0,0,0,0,0,0,0,0,0
לפעמים רמת הבילירובין גבוהה מהרגיל מסיבות שונות כמו אי־התאמה בין קבוצת דם האם לקבוצת דם התינוק.,12,1,3,0,0,1,2,17,78,4.588,0,2,0,1,0,0,0,0,0,0,0,0,0,0,0,0,0
האור מחיש את פירוק הבילירובין ומוריד את רמתו.,4,2,0,0,0,2,1,8,37,4.625,0,1,0,1,0,0,0,0,0,0,0,0,0,0,0,0,0
הטיפול הוא תהליך.,2,0,0,1,0,0,1,3,14,4.667,0,1,0,1,0,0,0,0,0,0,0,0,0,0,0,0,0
"ניתן - וכדאי - להצטייד בצמיד לנשיאה על היד, המכיל בתוכו מידע רלוונטי על המחלה.",6,3,2,0,0,2,4,13,60,4.615,0,4,0,2,0,0,0,0,0,0,0,2,0,0,0,0,0
עלייה בשכיחות הזיהומים ובקושי רב יותר לרפאם - בשל הפגיעה בפעילותה של מערכת החיסון.,9,0,2,0,0,2,2,13,67,5.154,0,2,0,1,0,0,0,0,0,0,0,1,0,0,0,0,0
בהמשך מצופה שהתינוק יוסיף למשקלו בממוצע 210-140 גרם בשבוע.,5,1,2,0,0,0,2,10,48,4.8,6,2,0,1,0,0,0,0,0,0,0,1,0,0,0,0,0
צהבת שהולכת ומחמירה לאחר השחרור מבית החולים.,4,0,2,0,0,1,1,7,37,5.286,0,1,0,1,0,0,0,0,0,0,0,0,0,0,0,0,0
לכן ישנה ירידה בכמות האינסולין המופרשת - עד כדי היעדר מוחלט של אינסולין מייצור עצמי של הגוף.,10,1,0,0,0,4,2,16,74,4.625,0,2,0,1,0,0,0,0,0,0,0,1,0,0,0,0,0
זו יכולה להיות אפילו מחלה קלה שמחוללת שינוי בדפוס הפעולה של מנגנון החיסון בגוף.,7,2,1,1,1,1,1,14,65,4.643,0,1,0,1,0,0,0,0,0,0,0,0,0,0,0,0,0
"לעיתים קרובות ניתן להבחין במזג שלו על פי תגובותיו למצבים שונים כמו אי־נוחות, שביעות רצון, ערנות, עייפות, רעב ושובע.",11,2,2,0,1,3,6,20,91,4.55,0,6,0,5,0,0,0,0,0,0,0,0,0,0,0,0,0
קיומן של ועדת השמה למקרים החריגים שפורטו לעיל מחייב אישור של מנהל מחוז.,8,2,1,0,0,2,1,13,58,4.462,0,1,0,1,0,0,0,0,0,0,0,0,0,0,0,0,0
מקרים מיוחדים אלו יעסקו בעניינים של תלמידים אלו:תלמידים המשתחררים מאשפוז ומצבם מצריך הפניה לוועדת השמה בהמלצת בית החולים.,13,2,1,0,1,1,2,19,102,5.368,0,2,0,2,0,0,0,0,0,0,0,0,0,0,0,0,0
"הבקשה תועלה לדיון במחוז, תוך 16 יום מיום קבלת הפנייה במחוז.",8,1,0,0,0,1,2,11,47,4.273,2,2,0,2,0,0,0,0,0,0,0,0,0,0,0,0,0
"אינך בעל אזרחות ישראלית, אך נכנסת לישראל כחוק לפי חוק הכניסה לישראל, או שאינך זקוק לאשרה (כגון בעלי דרכון דיפלומטי או תיירים ממדינה שישראל פטרה אותה מחובת אשרה וכו’) - ונפגעת בישראל או בשטחי יהודה שומרון (שטחים שבשליטת ישראל).",21,3,4,0,2,2,8,38,179,4.711,0,9,0,3,0,0,0,0,0,0,0,1,0,0,0,0,0
"ועדת ערר, המתקיימת במשרד החינוך בבאר שבע, רשאית לקבל את הערר, לדחות אותו או להחזיר את העניין לוועדת השמה לדיון נוסף.",9,4,1,0,1,3,4,21,92,4.381,0,4,0,4,0,0,0,0,0,0,0,0,0,0,0,0,0
"כאשר עולה חשד לסוכרת נעורים, יש לעבור סדרה ארוכה של בדיקות מעבדה.",7,3,0,0,0,1,2,12,52,4.333,0,2,0,2,0,0,0,0,0,0,0,0,0,0,0,0,0
"אם לא מטפלים במחלת הסוכרת, היא עלולה לגרום לסיבוכים ארוכי טווח כמו: פגיעות בכלי דם (לדוגמה, טרשת עורקים מואצת שעלולה לגרום בעתיד לבעיות לב) פגיעה בעיניים באזור הרשתית שבשלב הסופי שלה עלולה לגרום לעיוורון .פגיעה חמורה בכליות עד אי־ספיקת כליות פגיעה בתחושה העצבית שעלולה להביא לפגיעות טראומטיות - בעיקר בכפות הרגליים בשל חוסר תחושה.",31,9,5,0,3,2,9,54,268,4.963,0,9,0,5,0,0,0,0,0,0,0,1,0,0,0,0,0
"תשלום דו חודשי המתבצע עד ה-14 לחודש אי זוגי, כלומר – עד 13, 15, 17 וכן הלאה.",8,0,1,0,0,4,5,17,54,3.176,8,6,0,4,0,0,0,0,0,0,0,1,0,0,0,0,0
במסגרת הטיפול ההתפתחותי מתייחסים לפוטנציאל של הילד אל מול הקושי שלו להשיג אותו ולממש אותו.,5,3,1,0,0,3,1,15,75,5.0,0,1,0,1,0,0,0,0,0,0,0,0,0,0,0,0,0
לעיתים קרובות הוא עוקב במבטו ומקשיב לקולכם.,2,2,2,0,0,0,1,7,36,5.143,0,1,0,1,0,0,0,0,0,0,0,0,0,0,0,0,0
איך נערכים נכון לנסיעה?,1,1,1,0,0,0,1,4,19,4.75,0,1,1,1,0,0,0,0,0,0,0,0,0,0,0,0,0
מהם התסמינים של סוכרת נעורים?,3,0,0,0,0,1,1,5,24,4.8,0,1,1,1,0,0,0,0,0,0,0,0,0,0,0,0,0
הכיסויים צריכים להיות קלים אך מחממים.,1,2,2,0,0,0,1,6,31,5.167,0,1,0,1,0,0,0,0,0,0,0,0,0,0,0,0,0
כדאי לנקות את אזור ההחתלה במים פושרים ובעת הצורך אפשר לשטוף אותו גם מתחת לברז.,5,2,2,0,0,4,1,15,63,4.2,0,1,0,1,0,0,0,0,0,0,0,0,0,0,0,0,0
הבילירובין נוצר בעת פירוק הכדוריות האדומות במסגרת התאמת מערכות הגוף לחיים שמחוץ לרחם.,10,1,0,0,0,2,1,13,72,5.538,0,1,0,1,0,0,0,0,0,0,0,0,0,0,0,0,0
בריכת שחייה לרבות החצר שלה.,3,0,1,0,0,0,1,5,22,4.4,0,1,0,1,0,0,0,0,0,0,0,0,0,0,0,0,0
"אם המזגן פועל, כדאי שתי שכבות.",2,1,1,0,0,0,2,6,23,3.833,0,2,0,2,0,0,0,0,0,0,0,0,0,0,0,0,0
יש להרחיק את התנור מכל חפץ שעלול להתלקח.,3,3,0,0,0,2,1,8,32,4.0,0,1,0,1,0,0,0,0,0,0,0,0,0,0,0,0,0
"למי שיצא לחל""ת מ- 20 עד 321 - 14 יום לפחות.",5,0,0,0,0,2,4,11,29,2.636,7,4,0,1,0,0,0,0,0,0,0,2,0,0,0,1,0
כמו בכל סוג של למידה מוכרחים ליישם ולתרגל בבית את מה שנלמד בטיפולים כדי להשיג תוצאות.,4,4,2,0,1,3,1,16,69,4.312,0,1,0,1,0,0,0,0,0,0,0,0,0,0,0,0,0
"אם הוועדה תחליט שאין צורך באבחון/טיפול או אם הילד עבר אבחון בתחום המבוקש בשנה האחרונה (מתאריך יום ההולדת שלו) ואינו זכאי לאבחון נוסף על פי סל הבריאות, תתקבל במשרד המרפאה תשובה מנומקת, והיא תועבר להורה.",21,4,3,0,1,2,6,36,161,4.472,0,6,0,3,0,0,0,0,0,0,0,1,0,0,0,0,1
"טיפול התפתחותי לילד - התהליך המלא עם הגעתכם לרופא הילדים (בעקבות המלצה של גורם מקצועי או בשל חששות שהתעוררו אצלכם), יבחן הרופא את השאלונים שבידיכם, יקשיב לבקשתכם ויחליט אם להפנות את הילד לאבחון.",19,4,0,0,1,6,6,32,156,4.875,0,6,0,3,0,0,0,0,0,0,0,1,0,0,0,0,0
"אם לגופיות תפרים בולטים, אפשר להפוך את הגופייה הקרובה לגוף כדי למנוע  גירוי בעור העדין.",8,3,0,0,1,2,2,15,70,4.667,0,2,0,2,0,0,0,0,0,0,0,0,0,0,0,0,0
ההפרשה הזאת נובעת מהורמונים שעברו מהאם אל הבת דרך השליה.,7,1,0,0,0,2,1,10,46,4.6,0,1,0,1,0,0,0,0,0,0,0,0,0,0,0,0,0
"אולם קריאה וחדר קריאה בספריה הפתוחה לציבור, חוץ מן המקומות שהוקצו בידי הנהלת המקום שבהםיהיה העישון מותר, אם הוקצו, ובלבד שיש בהם סידורי אוורור תקינים והעישון בהם אינו גורם למטרד בחלקים אחרים של המקום.",18,3,6,0,1,3,4,34,163,4.794,0,4,0,4,0,0,0,0,0,0,0,0,0,0,0,0,0
המוקד זמין בימים א' – ה' בין השעות 08:00 – 17:00 בטלפון: 08-6206511 או 9771*מענה טלפוני ממוחשב – המענה הממוחשב זמין 24 שעות ביממה בטלפון: 1800-200-155תשלום מקווןנפתח בחלון חדשאפליקציית CellPay – לאחר הורדת האפליקציה תוכלו לסרוק את הקוד המופיע על החשבון התקופתי שלכם ולשלם דרך האפליקציה.,22,3,0,0,5,5,12,48,226,4.708,33,22,0,7,0,0,0,0,0,1,0,4,0,0,0,2,0
"בחורף: שתי שכבות לבוש בחדר מחומם, שלוש שכבות לבוש כשיוצאים החוצה.",7,0,2,0,0,0,3,11,52,4.727,0,3,0,3,0,0,0,0,0,0,0,0,0,0,0,0,0
"זוהי תופעה שכיחה שחולפת בתוך זמן קצר, ואין צורך להתרגש ממנה.",4,2,1,0,1,1,2,11,48,4.364,0,2,0,2,0,0,0,0,0,0,0,0,0,0,0,0,0
ומה בנוגע לזריקות אינסולין?,3,0,0,0,0,0,1,4,23,5.75,0,1,1,1,0,0,0,0,0,0,0,0,0,0,0,0,0
מתי לפנות לטיפת חלב ולרופא הילדים?,4,1,0,0,0,0,1,6,28,4.667,0,1,1,1,0,0,0,0,0,0,0,0,0,0,0,0,0
"לאחר ההרשמה, יש לעקוב אחר הנחיות שירות התעסוקה בנוגע להתייצבות פיזית במרכזי שירות התעסוקה.",10,2,0,0,0,2,2,14,75,5.357,0,2,0,2,0,0,0,0,0,0,0,0,0,0,0,0,0
פגיעה ממעשה אלימות שמטרתו העיקרית פגיעה באדם בשל השתייכותו למוצא לאומי-אתני ושנובע מהסכסוך הישראלי-ערבי.,11,1,0,0,3,1,3,16,88,5.5,0,3,0,1,0,0,0,0,0,0,0,2,0,0,0,0,0
תנאי רביעי - התייצבות בשירות התעסוקהכדי להיות זכאי לדמי אבטלה עליך להתייצב בשירות התעסוקה.,7,2,1,0,3,0,2,13,75,5.769,0,2,0,1,0,0,0,0,0,0,0,1,0,0,0,0,0
כיצד תתבצע האכיפה של החוק?,2,1,1,0,0,1,1,5,21,4.2,0,1,1,1,0,0,0,0,0,0,0,0,0,0,0,0,0
תינוקות יונקים בין היתר בריאים יותר וסובלים פחות ממחלות בילדות וכמבוגרים.,5,1,4,0,0,1,1,11,62,5.636,0,1,0,1,0,0,0,0,0,0,0,0,0,0,0,0,0
נהלי הרישוםהרישום מתבצע לאחר ועדת השמה הקובעת את הזכאות לחינוך מיוחד ולאחר ועדת שיבוץ המשבצת את הילד למסגרת המתאימה לצרכיו.,12,3,2,0,1,2,1,20,103,5.15,0,1,0,1,0,0,0,0,0,0,0,0,0,0,0,0,0
מהו ההבדל בין סוכרת נעורים לסוכרת מבוגרים?,5,0,0,0,0,1,1,7,35,5.0,0,1,1,1,0,0,0,0,0,0,0,0,0,0,0,0,0
והנפיחות בעיניים?,2,0,0,0,0,0,1,2,15,7.5,0,1,1,1,0,0,0,0,0,0,0,0,0,0,0,0,0
סורגי המיטה צריכים להיות צפופים: אסור שהרווח בין סורגי המיטה יעלה על 7 סנטימטר.,6,3,2,0,0,2,2,14,64,4.571,1,2,0,2,0,0,0,0,0,0,0,0,0,0,0,0,0
"באביב ובסתיו: עליכם להיות ערים לשינויים החלים במזג האוויר, בין היום  ללילה ובין יום אחד למשנהו, ולהלביש את התינוק בהתאם למזג האוויר המשתנה.",14,3,1,0,0,3,4,23,112,4.87,0,4,0,4,0,0,0,0,0,0,0,0,0,0,0,0,0
מרגע שליחת ההפניה אתם נמצאים בתהליך הבירור.,4,1,0,0,0,1,1,7,36,5.143,0,1,0,1,0,0,0,0,0,0,0,0,0,0,0,0,0
הטיפול בסוכרת מותאם אישית לכל חולה.,3,1,1,0,0,1,1,6,29,4.833,0,1,0,1,0,0,0,0,0,0,0,0,0,0,0,0,0
אתה זכאי לקבל את תוצאות הבדיקות במקום עריכתן עוד בטרם התקבלה החלטה בעניינך.,4,2,4,0,1,1,1,13,62,4.769,0,1,0,1,0,0,0,0,0,0,0,0,0,0,0,0,0
חדר או אולם פתוח לציבור המשמש לפעילות גופנית או לספורט.,6,1,0,0,1,0,1,10,45,4.5,0,1,0,1,0,0,0,0,0,0,0,0,0,0,0,0,0
יש לו שתן כתום.,2,1,0,0,0,0,1,4,11,2.75,0,1,0,1,0,0,0,0,0,0,0,0,0,0,0,0,0
לעיתים יש צורך לעכב את  שחרור התינוק לביתו כדי לעקוב אחר מהלך הצהבת.,6,3,1,0,0,3,1,13,54,4.154,0,1,0,1,0,0,0,0,0,0,0,0,0,0,0,0,0
ועדת שילובועדת השילוב המוסדית מתקיימת בחינוך הרגיל בבית הספר ודנה בזכאותו של תלמיד בעל צרכים מיוחדים להיכלל בתכנית השילוב (פרק ד1 לחוק החינוך המיוחד).,18,3,0,0,0,3,3,24,124,5.167,1,3,0,1,0,0,0,0,0,0,0,0,0,0,0,0,0
"אם הוועדה תגיע למסקנה שקיים צורך באבחון, אנחנו בכללית נעשה את מרב המאמצים כדי שהתהליך האדמיניסטרטיבי יהיה מהיר וממוקד ושהתהליך הטיפולי יהיה איכותי ויעיל.",8,2,4,2,5,2,2,24,128,5.333,0,2,0,2,0,0,0,0,0,0,0,0,0,0,0,0,0
הכתמים נעלמים בדרך כלל בתוך כמה חודשים.,2,1,2,0,0,1,1,7,32,4.571,0,1,0,1,0,0,0,0,0,0,0,0,0,0,0,0,0
איך להלביש את התינוק?,1,1,0,0,0,1,1,4,17,4.25,0,1,1,1,0,0,0,0,0,0,0,0,0,0,0,0,0
"בעקבות משבר הקורונה, ניתן לקבל דמי אבטלה אם יש לך לפחות 6 חודשי אכשרה ב-18 החודשים האחרונים - למידע נוסף לחץ כאןבתקופת האכשרה יכללו רק חודשי עבודה מגיל 18 עד גיל 6",14,4,3,0,0,5,3,32,129,4.031,6,3,0,1,0,0,0,0,0,0,0,2,0,0,0,0,0
"שים לב, אם נפגעת בזמן שעשית מעשה פשע או בזמן שעברת עבירה שיש בה זדון או רשלנות פושעת, לא תוכר כנפגע פעולות איבה.אפשרויות תשלום הארנונהאנו בעיריית באר שבע שואפים להקל על מחזיקי הנכסים בעיר ולכן בנינו מערכת תשלומים ידידותית לתשלומי הארנונה.",23,7,4,0,0,2,4,42,194,4.619,0,4,0,4,0,0,0,0,0,0,0,0,0,0,0,0,0
מכתב באנגלית מהרופא או הרופאה המטפלים ובו ציון של כל המחלות הכרוניות שמהן סובלים.,7,0,1,0,2,1,1,14,67,4.786,0,1,0,1,0,0,0,0,0,0,0,0,0,0,0,0,0
"תאילנד עצמה מדווחת כי מתוך אוכלוסיית התרמילאים הפוקדת אותה כיום, 15% הם מעל לגיל 55 (בהשוואה לשיעור זניח של בני הגילאים האלה לפני עשר שנים).",9,3,2,0,1,4,4,25,111,4.44,4,5,0,2,0,0,0,0,1,0,0,1,0,0,0,0,0
תינוק שנוהג לעשות את צרכיו בשעת ההנקה - אפשר להחליף לו את החיתול אחרי ההנקה.,5,3,0,0,1,4,2,14,60,4.286,0,2,0,1,0,0,0,0,0,0,0,1,0,0,0,0,0
"במשרדי רשות ציבורית, משרדים ממשלתיים, בתי משפט ובתי דין, רשויות מקומיות ומועצות דתיות;השטח הפתוח לציבור בקניון, למעט בית עסק המפורט במקום אחר בתוספת זו ולמעט חדר עישוןנפרד לחלוטין שהוקצה לעישון, אם הוקצה, ובלבד שיש בו סידורי אוורור תקינים והעישון בו אינו גורםלמטרד בחלקים אחרים של המקום.",12,0,0,0,0,1,3,47,234,4.979,0,8,0,8,0,0,0,0,0,0,0,0,0,0,0,0,0
"תקופת החל""ת המזכה בדמי אבטלה:למי שיצא לחל""ת עד 320 - 30 יום לפחות.",8,1,2,0,0,2,5,15,49,3.267,5,5,0,2,0,0,0,0,0,0,0,1,0,0,0,2,0
"כעבור יומיים־שלושה, בעקבות ההנקה, מקבלת הצואה גוון צהבהב, ולעיתים קרובות היא רכה.",5,1,3,1,1,1,5,13,65,5.0,0,5,0,4,0,0,0,0,0,0,0,0,0,0,0,0,0
"אם אתה מכיר את הרופא בוועדה באופן אישי או כרופא מטפל, רופא זה לא יכול להשתתף בוועדה שתבדוק אותך.",8,4,0,0,0,1,2,19,76,4.0,0,2,0,2,0,0,0,0,0,0,0,0,0,0,0,0,0
"עד מהרה תלמדו את התנהגות תינוקכם בנוגע ליציאות, ולפי זה תכוונו את שעת החלפת החיתול.",8,2,0,0,0,4,2,15,67,4.467,0,2,0,2,0,0,0,0,0,0,0,0,0,0,0,0,0
חזרנו הביתה עם התינוק.,1,1,1,0,0,1,1,4,18,4.5,0,1,0,1,0,0,0,0,0,0,0,0,0,0,0,0,0
"מותר לך להכניס מלווה מטעמך, שיהיה נוכח בעת הבדיקה הגופנית.",4,3,0,0,1,1,2,10,47,4.7,0,2,0,2,0,0,0,0,0,0,0,0,0,0,0,0,0
תלמידים אחרי תאונות או טראומות נפשיות או פזיות.,5,0,0,0,0,1,1,8,39,4.875,0,1,0,1,0,0,0,0,0,0,0,0,0,0,0,0,0
"חשוב לדעת: רק ביטוח נסיעות נסיעות בכללית חו""ל מאפשר כיסוי לבעיות בריאות ולמחלות קיימות וכרוניות, אם נהנית מתקופת בריאות יציבה בחצי השנה שלפני הטיול בחו""ל.",15,3,2,0,0,3,5,27,125,4.63,0,5,0,3,0,0,0,0,0,0,0,0,0,0,0,2,0
כמה זמן נמשכת המחלה?,1,1,1,0,0,0,1,4,16,4.0,0,1,1,1,0,0,0,0,0,0,0,0,0,0,0,0,0
כיצד ניתן לשלם?,1,1,1,0,0,0,1,3,12,4.0,0,1,1,1,0,0,0,0,0,0,0,0,0,0,0,0,0
"סוכרת נעורים מופיעה בדרך כלל לפני גיל 30, והסובלים ממנה חייבים לקבל טיפול באינסולין.",5,3,3,0,0,1,2,14,69,4.929,2,2,0,2,0,0,0,0,0,0,0,0,0,0,0,0,0
זו בעיה חריפה נוספת שנפוצה במיוחד בקרב חולים בסוכרת נעורים.,4,0,2,0,2,1,1,10,49,4.9,0,1,0,1,0,0,0,0,0,0,0,0,0,0,0,0,0
צוות הוועדה שמקבל את החומר יבדוק את הבקשה ויחליט על בסיס החומר הרפואי ועל סמך חוות הדעת המקצועיות שקיבל אם יש צורך באבחון ובטיפול.,14,5,0,0,0,4,1,24,106,4.417,0,1,0,1,0,0,0,0,0,0,0,0,0,0,0,0,0
"במהלך הטיפול מתרגלים מיומנויות בתחומים כמו שפה, דיבור, חשיבה, תנועה, משחק וקשר.",9,1,0,0,0,2,5,12,63,5.25,0,5,0,5,0,0,0,0,0,0,0,0,0,0,0,0,0
בימים קרים הוסיפו כובע.,3,1,0,0,0,0,1,4,19,4.75,0,1,0,1,0,0,0,0,0,0,0,0,0,0,0,0,0
"אם המעשן מסרב להפסיק לעשן ו/או לעזוב את המקום, פנה למוקד הפיקוח העירוני והזמן פקחרשום תיעוד של האירוע, כולל תאריך, מקום ושעה, פרט את הצעדים שננקטו על מנת לטפל בוואת תוצאות האירוע.קליטת תלמיד חדש בחינוך המיוחדועדת השילוב המוסדיות, ועדת השמה ביושבה כערר על ועדת שילוב, ועדת השמה וועדת ערר.",33,6,2,0,2,5,9,51,230,4.51,0,9,0,8,0,0,0,0,0,0,0,1,0,0,0,0,1
"לאחות טיפת חלב יש ניסיון רב בתחומים רבים: גדילת התינוק, התפתחות התינוק, טיפול בתינוק, הסתגלות להורות, משכב לידה ועוד.",15,1,2,0,0,0,6,19,93,4.895,0,6,0,6,0,0,0,0,0,0,0,0,0,0,0,0,0
הועדה תתכנס החל מ 15/08 ותדון בבקשות השונות.,4,2,0,0,0,1,2,9,35,3.889,4,2,0,1,0,0,0,0,0,0,0,1,0,0,0,0,1
האם סוכרת נעורים היא מחלה מסוכנת?,3,0,1,1,1,0,1,6,27,4.5,0,1,1,1,0,0,0,0,0,0,0,0,0,0,0,0,0
מהם הגורמים לסוכרת נעורים?,3,0,0,0,0,0,1,4,22,5.5,0,1,1,1,0,0,0,0,0,0,0,0,0,0,0,0,0
"לשם הבהרה, מאפרה היא כלי המיועד לשמש להשלכת אפר ושיירי מוצרי עישון לתוכו.",8,1,1,1,1,1,2,13,59,4.538,0,2,0,2,0,0,0,0,0,0,0,0,0,0,0,0,0
"לכם, ההורים, יש תפקיד מרכזי בתרגול הזה, ושיתוף הפעולה שלכם הוא קריטי.",5,1,1,1,1,0,4,12,54,4.5,0,4,0,4,0,0,0,0,0,0,0,0,0,0,0,0,0
גן חיות.,2,0,0,0,0,0,1,2,6,3.0,0,1,0,1,0,0,0,0,0,0,0,0,0,0,0,0,0
מדובר בתופעה נורמלית.,3,0,0,0,0,0,1,3,18,6.0,0,1,0,1,0,0,0,0,0,0,0,0,0,0,0,0,0
"כל שינוי בחום הגוף: עליית חום מעל 38 מעלות או חום הנמוך מ־36 מעלות.דמי אבטלה בעקבות משבר הקורונה - מידע לעובדים שכירים, מעסיקים ועצמאייםרישום והתייצבות בשירות התעסוקהתנאי הזכאותכמה זמן אפשר לקבל דמי אבטלה?",19,1,3,0,4,3,5,34,167,4.912,4,6,1,4,0,0,0,0,0,0,0,1,0,0,0,0,0
"חיסונים שונים הניתנים כיום כלל לא ניתנו בעבר, ועם השנים, ככל שמתבגרים, אנו עדים גם לתופעה של ירידה ברמת החיסוניות של חיסונים אחרים.",9,1,4,1,2,3,4,23,105,4.565,0,4,0,4,0,0,0,0,0,0,0,0,0,0,0,0,0
"לכל שאלה, בקשה או צורך במידע נוסף אנו עומדים לרשותכם במרכז שירות הלקוחות שלנו ב־2700* מכל טלפון או כאן באתר האינטרנט.",14,1,1,0,0,3,2,22,93,4.227,4,4,0,2,0,0,0,0,0,1,0,1,0,0,0,0,0
"בטיסה:יש להעריך את המצב לפני הטיסה, בייחוד אם קיימות מחלות רקע נוספות.",5,3,2,0,0,2,3,13,56,4.308,0,3,0,3,0,0,0,0,0,0,0,0,0,0,0,0,0
"חשוב, כמובן, להיות ערניים, אך יחד עם זאת יש לזכור שלא כל קושי של הילד הוא אכן בעיה בהתפתחות.",5,4,3,1,0,2,4,19,70,3.684,0,4,0,4,0,0,0,0,0,0,0,0,0,0,0,0,0
"בנוסף לכך, עם הגיל, אנו נעשים רגישים יותר וחשופים יותר לסיבוכים של מחלות זיהומיות נפוצות, נגדן קיים חיסון.התינוק שלכם הוא יחיד ומיוחד, ובשעות הראשונות לאחר לידתו תנסו לבדוק למי הוא דומה.",8,4,7,1,4,3,6,32,150,4.688,0,6,0,6,0,0,0,0,0,0,0,0,0,0,0,0,0
"סכום הקצבהתשלום הקצבההענקת אבטלה לנערדמי אבטלה למשוחררים משירות צבאי ומשירות לאומי/אזרחידמי אבטלה למשתתף בהכשרה מקצועיתדמי אבטלה למתמחים בעריכת דין ובראיית חשבוןדמי אבטלה לנשים לאחר לידהדמי אבטלה לעובד בחופשה ללא תשלוםזכויות מיוחדות למובטלים העובדים בשכר נמוך ולפותחים עסק עצמאילמקבל קצבאות נוספות בביטוח הלאומיסיבות להפסקת עבודה והשפעתן על דמי האבטלהשהות בחוץ לארץתנאי הזכאותאתה יכול להיות זכאי לדמי אבטלה אם עבדת כשכיר ויצאת ממעגל העבודה, ואתה עונה על כל תנאי הזכאות.",39,7,7,0,6,7,3,69,399,5.783,0,3,0,2,0,0,0,0,0,0,0,1,0,0,0,0,1
מה זה קטואצידוזיס?,0,0,1,0,0,0,1,3,15,5.0,0,1,1,1,0,0,0,0,0,0,0,0,0,0,0,0,0
תלמידים עולים חדשים או תושבים חוזרים בעלי לקויות מובהקות.,6,0,2,0,0,0,1,9,48,5.333,0,1,0,1,0,0,0,0,0,0,0,0,0,0,0,0,0
מקור הכתם הזה הוא ריכוז גבוה של גבישים בשתן.,6,0,1,1,0,1,1,9,35,3.889,0,1,0,1,0,0,0,0,0,0,0,0,0,0,0,0,0
"כמה מילים מרגיעות (בדרך כלל...)על אף הסיכונים הבריאותיים המיוחדים לעולם השלישי, הרי שסיבת התמותה המובילה בקרב המטיילים היא, עדיין, מחלות־לב וכלי דם – כלומר: התקפי־לב ואירועים מוחיים.",16,0,8,1,0,3,13,29,143,4.931,0,13,0,8,0,0,0,0,0,0,0,0,0,0,0,0,0
"כאשר קיים מחסור באינסולין, או שתאי הגוף אינם מצליחים לנצל את האינסולין, נוצר מצב שבו רמת הסוכר בדם גבוהה מדי, אך רמת הסוכר בתאים נמוכה.",11,6,3,0,0,2,4,25,107,4.28,0,4,0,4,0,0,0,0,0,0,0,0,0,0,0,0,0
"נוסעים עם אסתמהציוד ותרופות: מטיילים הסובלים מאסתמה צריכים להצטייד במלאי מתאים של תרופות, הן תרופות קבועות (משאפים למיניהם) והן תרופות לטיפול בהחמרה פתאומית במחלה (תכשירי סטרואידים).",18,2,0,0,2,2,7,26,150,5.769,0,7,0,3,0,0,0,0,0,0,0,0,0,0,0,0,0
האם הטיפול באינסולין כרוך בתופעות לוואי?,4,1,1,0,0,0,1,6,34,5.667,0,1,1,1,0,0,0,0,0,0,0,0,0,0,0,0,0
"במקרים מסוימים, כאשר רמת הבילירובין גבוהה, צריך לטפל בזה באמצעות פוטותרפיה - חשיפת עור התינוק לאור מנורה.",10,3,1,0,0,1,4,16,85,5.312,0,4,0,3,0,0,0,0,0,0,0,1,0,0,0,0,0
חשוב להגיע לטיפת חלב מוקדם ככל הניתן למעקב משקל.,6,2,1,0,0,0,1,9,39,4.333,0,1,0,1,0,0,0,0,0,0,0,0,0,0,0,0,0
"לכן יש להצטייד גם בטבליות או בג'ל גלוקוז, או בזריקות גלוקגון, לפי המלצת הרופא או הרופאה המטפלים.",10,2,0,0,0,1,4,18,76,4.222,0,4,0,4,0,0,0,0,0,0,0,0,0,0,0,1,0
ועדות שיבוץ אחראיות לשיבוץ תלמידים במסגרות החינוך המיוחד.,7,1,0,0,0,0,1,8,49,6.125,0,1,0,1,0,0,0,0,0,0,0,0,0,0,0,0,0
מהו קצב העלייה במשקל של התינוק?,4,0,0,0,0,1,1,6,25,4.167,0,1,1,1,0,0,0,0,0,0,0,0,0,0,0,0,0
"ראוי להדגיש, כי בכל שלב במסלול הלימודי, לכל תלמיד קיימת הזכות והאפשרות למעבר בין מסגרות החינוך השונות, כולל השתלבות בחינוך הרגיל בהתאם להתפתחות במצבו ובתפקודו.",16,3,1,0,0,4,4,25,131,5.24,0,4,0,4,0,0,0,0,0,0,0,0,0,0,0,0,0
שווה שהשותפים לטיול יידעו שיש לך אסתמה - וגם כיצד ניתן לעזור לך בשעת הצורך.,5,3,2,0,0,1,2,14,59,4.214,0,2,0,1,0,0,0,0,0,0,0,1,0,0,0,0,0
חשוב שעור התינוק יישמר נקי.,2,1,2,0,0,0,1,5,22,4.4,0,1,0,1,0,0,0,0,0,0,0,0,0,0,0,0,0
הפריחה אינה מלוּוה בסימנים נוספים והיא חולפת ללא טיפול.,5,2,1,0,0,1,1,10,45,4.5,0,2,0,1,0,0,0,0,0,0,0,0,0,0,0,0,0
"חולי אסתמה רבים מכירים את ""האופי"" של מחלתם, יודעים ממה להימנע, מה הם הסימנים המוקדמים של התקף – ושווה שלא ינסו לבצע פעילויות העלולות להיות מסוכנות בשבילם, או, לחילופין, יגיבו נכון בשלב מוקדם של הופעת התסמינים.",12,6,8,1,0,4,9,35,165,4.714,0,9,0,6,0,0,0,0,0,0,0,0,0,0,0,2,0
גם כדאי מאוד להתקין בחדר מדחום קיר.,3,1,2,0,0,0,1,7,28,4.0,0,1,0,1,0,0,0,0,0,0,0,0,0,0,0,0,0
הקפידו לקנות מיטה בעלת תו תקן.,3,2,0,0,0,1,1,6,24,4.0,0,1,0,1,0,0,0,0,0,0,0,0,0,0,0,0,0
"הרבו לדבר איתו, לשחק עימו וללטף אותו בעדינות בעת הטיפול בו.",3,4,1,0,0,1,2,11,47,4.273,0,2,0,2,0,0,0,0,0,0,0,0,0,0,0,0,0
כלל אצבע: הלבישו את התינוק במספר השכבות שנוח לכם פלוס שכבה אחת.,7,3,0,0,0,1,2,12,50,4.167,0,2,0,2,0,0,0,0,0,0,0,0,0,0,0,0,0
לא מקדימים את המאוחר.,1,1,0,0,0,1,1,4,17,4.25,0,1,0,1,0,0,0,0,0,0,0,0,0,0,0,0,0
"בכל מקרה, יש לשמור על אוויר לח בחדר באמצעות מגבת לחה או כלי עם מעט מים במקום שאליו התינוק לא יכול להגיע.",9,4,2,0,0,5,2,22,81,3.682,0,2,0,2,0,0,0,0,0,0,0,0,0,0,0,0,0
מה ההבדל בין הסוגים השונים של הסוכרת?,4,0,0,0,0,2,1,7,30,4.286,0,1,1,1,0,0,0,0,0,0,0,0,0,0,0,0,0
"בייעוץ כזה יובאו בחשבון המסלול, משך הטיול, אופיו, ההיסטוריה הרפואית האישית, התרופות הקבועות שאותן נוטלים, אלרגיות שונות שמהן סובלים, המצב החיסוני – וכל המשתנים הרלוונטיים.",18,1,2,0,1,0,8,24,139,5.792,0,8,0,7,0,0,0,0,0,0,0,0,0,0,0,0,0
"אחרי אלה ניתן למנות פציעות בתאונות שונות (ולכן, למשל, חשוב שיהיה ביטוח טוב) - ורק לבסוף מגיע תורן של המחלות הזיהומיות, המאפיינות את ארצות היעד.",9,6,4,0,1,3,7,24,112,4.667,0,7,0,4,0,0,0,0,0,0,0,1,0,0,0,0,0
מטיילים מעל גיל 60 (ומומלץ גם מעל גיל .) טוב יעשו אם יפנו לייעוץ מסודר במרפאת מטיילים של הכללית לפחות ארבעה עד שישה שבועות טרם הנסיעה.,11,2,2,0,0,4,4,25,105,4.2,2,4,0,2,0,0,0,0,0,0,0,0,0,0,0,0,0
"מקום עבודה, למעט חדר נפרד לחלוטין שהוקצה לעישון בידי הנהלת המקום, לאחר התייעצות עם העובדים.",8,0,2,0,2,3,3,15,74,4.933,0,3,0,3,0,0,0,0,0,0,0,0,0,0,0,0,0
תשובה הכוללת אישור או דחייה תועבר לפונה ולרשות במייל/בפקס.,5,2,2,0,0,0,2,10,48,4.8,0,2,0,1,0,0,0,0,0,0,0,1,0,0,0,0,1
"הרשימה צריכה לכלול גם שמות גנריים של התרופות, לא רק שמות מסחריים, כך שהתרופות תהיינה קלות לזיהוי בכל מקום בעולם.",10,3,2,0,0,2,3,20,90,4.5,0,3,0,3,0,0,0,0,0,0,0,0,0,0,0,0,0
אנחנו מאמינים שחובתנו וזכותנו לעמוד לצדכם ולסייע לכם ככל יכולתנו.,4,3,1,0,0,2,1,10,55,5.5,0,1,0,1,0,0,0,0,0,0,0,0,0,0,0,0,0
"חדר או אולם הפתוחים לציבור בבנק, בבית דואר או בסוכנות דואר או במקום אחר המשמש לקהל או חדר,אולם או מסדרון המשמש להמתנה, למעט חדר נפרד לחלוטין שהוקצה לעישון בידי הנהלת המקום, אם הוקצה, ובלבד שיש בו סידורי אוורור תקינים והעישון בו אינו גורם למטרד בחלקים אחרים של המקום, לרבות חדר מדרגות ומעבר.",29,3,5,0,5,3,7,53,232,4.377,0,7,0,7,0,0,0,0,0,0,0,0,0,0,0,0,0
הבדיקה מתבצעת תוך התייחסות לקשיים שציינת ולסוג המחלה שלך.,5,2,0,0,0,1,1,9,48,5.333,0,1,0,1,0,0,0,0,0,0,0,0,0,0,0,0,0
"אוטובוס וזוטובוס; בפרט זה ""אוטובוס"" ו""זוטובוס"" – כהגדרתם בתקנות התעבורה, התשכ""א - 1961מונית בעת שיש בה נוסעים; בפרט זה ""מונית"" – כמשמעותה בתקנות התעבורה, התשכ""א – 1961רכבת, לרבות רכבת מקומית; לעניין פרט זה ופרט ב ""רכבת"" ו""רכבת מקומית""- כהגדרתן בסעיפים 1ו 46- לפקודת מסילות הברזל [נוסח חדש], התשל""ב - 1972תחנת אוטובוס מקורה, לרבות סככה וכיוצא בזה, ותחנה מרכזית כהגדרתן בפקודת התעבורה, למעט חדרנפרד לחלוטין שהוקצה לעישון בידי הנהלת המקום, אם הוקצה, ובלבד שיש בו סידורי אוורור תקיניםוהעישון בו אינו גורם למטרד בחלקים אחרים של המקום.",2,0,0,0,0,0,0,85,410,4.824,15,35,0,13,0,0,0,0,0,0,0,4,0,0,0,13,0
"אם הוועדה תחליט שיש צורך באבחון ו/או בטיפול, יישלח מסרון לטלפון הנייד של אחד ההורים (אם השירות הזה ניתן במחוז שאליו אתם משתייכים).",10,4,3,0,0,1,5,24,103,4.292,0,5,0,2,0,0,0,0,0,0,0,1,0,0,0,0,1
"בטיול ממושך, הסכנה העיקרית היא דווקא אירועים של היפוגליקמיה (ירידה ברמת הסוכר) בשל שינוי בהרגלי האכילה ובסדר היום.",13,0,2,1,0,2,4,18,93,5.167,0,4,0,2,0,0,0,0,0,0,0,0,0,0,0,0,0
מהי מטרת הטיפולים בהתפתחות הילד?,4,0,0,0,0,0,1,5,27,5.4,0,1,1,1,0,0,0,0,0,0,0,0,0,0,0,0,0
"פגיעה שאירעה החל מיום 2012 תוכר פגיעת איבה בחוץ לארץ, גם אם מטרתה לא הייתה פגיעה בישראל או בעם היהודי, ובתנאי שפעולת האיבה התרחשה על ידי ארגון שאחת ממטרותיו היא פגיעה בישראל, באזרחי ישראל או ביהודים.",18,4,2,1,0,5,4,36,160,4.444,4,4,0,4,0,0,0,0,0,0,0,0,0,0,0,0,0
"רכב המשמש להוראת נהיגה, כמשמעותו בתקנות התעבורה, בעת שיש בו תלמיד נהיגה.",9,1,0,0,0,2,3,12,58,4.833,0,3,0,3,0,0,0,0,0,0,0,0,0,0,0,0,0
"תלמידים במצב חירום בנסיבות מיוחדות מאוד, והעובד הסוציאלי שהוא פקיד סעד לחוק נוער סבור כי יש לדון בעניינים בוועדת השמה, מטעמים שיירשמו ויקבלו אישור בוועדת חריגים שתוקם במחוז למטרה זו.",16,5,3,0,1,3,3,30,150,5.0,0,3,0,3,0,0,0,0,0,0,0,0,0,0,0,0,0
אני רוצה להיניק אבל הגעתי הביתה והשדיים כואבים.,1,3,2,0,0,0,1,8,39,4.875,0,1,0,1,0,0,0,0,0,0,0,0,0,0,0,0,0
בימים הראשונים לאחר הלידה מאבד התינוק בדרך־כלל בין 5% ל־7% ממשקלו.,4,1,3,0,0,3,2,13,51,3.923,2,5,0,1,0,0,0,0,2,0,0,2,0,0,0,0,0
"בשטח בית החולים או במרפאות, לרבות חצר המוסד בטווח של 10 מטר מהכניסה או מהיציאה ובחלקהפתוח לציבור בבית המרקחת.",11,0,1,0,1,3,2,19,89,4.684,2,2,0,2,0,0,0,0,0,0,0,0,0,0,0,0,0
"מסמכים (רפואיים/עו""ס) התומכים בבקשה.",5,0,0,0,1,0,5,6,28,4.667,0,5,0,1,0,0,0,0,0,0,0,1,0,0,0,1,1
בחלק מהמחוזות תישלח גם הודעה בדואר.,3,1,0,0,0,0,1,6,29,4.833,0,1,0,1,0,0,0,0,0,0,0,0,0,0,0,0,0
בשבועות הראשונים הלבישו את התינוק שלכם בשתי גופיות ובמכנסיים עם רגלית.,6,1,1,0,0,2,1,11,59,5.364,0,1,0,1,0,0,0,0,0,0,0,0,0,0,0,0,0
בועדות נפגעי עבודה ניתן למצוא את חוות הדעת באתר האישי.,7,2,0,0,0,1,1,10,44,4.4,0,1,0,1,0,0,0,0,0,0,0,0,0,0,0,0,0
אנשי המקצוע האלה יבדקו ביסודיות את החומר שהוגש.,5,1,1,0,0,1,1,8,39,4.875,0,1,0,1,0,0,0,0,0,0,0,0,0,0,0,0,0
"חיסונים בגיל המבוגר:ראשית, יש לדאוג לעדכון כל חיסוני השגרה.",6,2,1,0,0,0,3,10,48,4.8,0,3,0,3,0,0,0,0,0,0,0,0,0,0,0,0,0
אין גם מה להתבייש!,0,2,0,0,0,0,1,4,14,3.5,0,1,0,1,0,0,0,0,0,0,0,0,0,0,0,0,0
עליהם להקפיד על נטילת התרופות הקבועות ולהימנע מפעילות מאומצת חריגה.,6,3,0,0,0,1,1,10,57,5.7,0,1,0,1,0,0,0,0,0,0,0,0,0,0,0,0,0
"השאלונים יאפשרו לוועדה להתרשם מצורכי הילד, לזהות את קשייו ולהגדיר את ההתייחסות הנדרשת.",7,4,0,0,0,2,2,13,72,5.538,0,2,0,2,0,0,0,0,0,0,0,0,0,0,0,0,0
ללא טיפול הולם עלול מצבו של החולה להידרדר לאובדן הכרה.,6,2,0,0,0,2,1,10,44,4.4,0,1,0,1,0,0,0,0,0,0,0,0,0,0,0,0,0
לעיתים העור של התינוק יבש ונוטה לקילוף.,3,2,1,0,0,1,1,7,32,4.571,0,1,0,1,0,0,0,0,0,0,0,0,0,0,0,0,0
"להנקה יש יתרונות בריאותיים גם לאם לטווח הקצר והרחוק, כמו הפחתת הסיכון לסרטן השד.",9,1,1,0,1,1,2,14,65,4.643,0,2,0,2,0,0,0,0,0,0,0,0,0,0,0,0,0
"לאחר מכן, המזכיר יזמין אותך להיכנס לחדר, ותתבקש להציג תעודה מזהה עם תמונה.",6,4,2,0,0,1,3,13,59,4.538,0,3,0,3,0,0,0,0,0,0,0,0,0,0,0,0,0
לרבות מגרשי ספורט.,2,0,1,0,0,0,1,3,15,5.0,0,1,0,1,0,0,0,0,0,0,0,0,0,0,0,0,0
"בטיול ממושך, הסכנה העיקרית לחולי־לב נובעת מהעצמה בלתי־רגילה בפעילות היומיומית, שעלולה להפר את האיזון בו נמצאים חולי־לב יציבים.",11,4,3,0,2,1,6,21,103,4.905,0,6,0,3,0,0,0,0,0,0,0,0,0,0,0,0,0
"חבר קיבוץ וחבר מושב שיתופי - לא זכאים לדמי אבטלה, אלא אם הם עובדים כשכירים מחוץ למשק או אם הקיבוץ מעסיק אותם כשכירים.איך מתנהלת הוועדה הרפואית?",12,3,1,0,1,1,4,26,114,4.385,0,4,1,3,0,0,0,0,0,0,0,1,0,0,0,0,0
"אם נראה לכם שהתינוק אדיש, מנומנם, מגיב באיטיות ומסרב לאכול, מדדו את חום גופו.",3,4,1,0,3,1,4,14,60,4.286,0,4,0,4,0,0,0,0,0,0,0,0,0,0,0,0,0
"ועדת השמה דנה בזכאותו של מי שהופנה אליה בידי הורה , מוסד חינוך מוכר, רשות חינוך מקומית, ארגון ציבורי או מי ששר העבודה והרווחה או שר הבריאות הסמיך לכך.",17,3,3,0,0,1,4,28,118,4.214,0,4,0,4,0,0,0,0,0,0,0,0,0,0,0,0,0
"בטרקים ובטיולי שטח באזורים מרוחקים נוסף גם הסיכון של חוסר הזמינות של עזרה רפואית ממוסדת, בתי־חולים ומרפאות, ברמה שאליה רגילים בישראל.",14,1,3,0,1,2,4,22,109,4.955,0,4,0,3,0,0,0,0,0,0,0,0,0,0,0,0,0
לשאלות ניתן ליצור קשר בטלפון 08-641923,3,2,0,0,0,0,1,7,32,4.571,8,1,0,0,0,0,0,0,0,0,0,1,0,0,0,0,0
"בכל מקרה, אם נוסעים עם מחלת־לב מומלץ להתייעץ הן עם הרופא או הרופאה במרפאת־המטיילים והן עם הרופא או הרופאה המבצעים את המעקב אחר מחלת הלב ולגבש תוכנית פעולה ברורה למקרה שיופיעו סיבוכים (למשל: שמות וכתובות מדויקים של מרפאות או בתי־חולים אמינים ביעדים השונים וכיצד בדיוק מגיעים אליהם).",27,5,4,0,1,7,8,50,227,4.54,0,8,0,3,0,0,0,0,0,0,0,0,0,0,0,0,0
"כל מקום בית אבות או דיור מוגן, למעט בחדר מגורים, ובלבד שלא גר בו מי שאינו מעשן, ולמעט חדר נפרדלחלוטין שהוקצה לעישון בידי הנהלת המקום, אם הוקצה, ובלבד שיש בו סידורי אוורור תקינים והעישוןבו אינו גורם למטרד בחלקים אחרים של המקום.",21,3,6,0,2,2,6,41,180,4.39,0,6,0,6,0,0,0,0,0,0,0,0,0,0,0,0,0
"בדיקה רפואיתהרופא יחליט בהתאם לסוג המחלה או הליקוי הרפואי שלך, אם יש צורך לבדוק אותך.",7,3,0,0,0,1,2,15,69,4.6,0,2,0,2,0,0,0,0,0,0,0,0,0,0,0,0,0
"תחנת רכבת, לרבות רציף, למעט אזור שהוקצה לעישון בקצה הרציף וחד נפרד לחלוטין שהוקצה לעישוןבידי הנהלת המקום, אם הוקצה, ובלבד שיש בו סידורי אוורור תקינים והעישון בו אינו גורם למטרדבחלקים אחרים של המקום, וכן תחנה של רכבת מקומית.",18,4,7,0,1,5,6,38,180,4.737,0,6,0,6,0,0,0,0,0,0,0,0,0,0,0,0,0
"בנוסף לאלה, הירידה - הטבעית עם הגיל - בהפרשת חומצות הקיבה כרוכה ברגישות גבוהה יותר לזיהומי מעיים ממגוון של מחוללים.",11,1,4,0,0,2,4,18,92,5.111,0,4,0,2,0,0,0,0,0,0,0,2,0,0,0,0,0
לאחר קבלת ההודעה בנוגע לצורך באבחון ו/או בטיפול יש לפנות למשרד המרפאה כדי לברר על איזה מסלול אבחון וטיפול מבין שני המסלולים הקיימים המליצה הוועדה: אבחון/טיפול בתחום אחד (או יותר).,17,4,1,0,0,4,6,32,144,4.5,0,6,0,2,0,0,0,0,0,0,0,2,0,0,0,0,2
"ואסור להשאיר את התינוק לבד במים, אפילו לא לחלקיק שנייה!",4,1,2,0,1,1,2,10,44,4.4,0,2,0,2,0,0,0,0,0,0,0,0,0,0,0,0,0
מדובר בחלק מההסתגלות לאוויר אחרי זמן רב בסביבה מימית.,6,0,2,0,0,1,1,9,44,4.889,0,1,0,1,0,0,0,0,0,0,0,0,0,0,0,0,0
שטפי דם בעיניים נובעים בדרך כלל מלחץ בלידה.,5,1,2,0,0,0,1,8,35,4.375,0,1,0,1,0,0,0,0,0,0,0,0,0,0,0,0,0
המים צריכים להיות בטמפרטורה של 38-37 מעלות - ניתן למדוד באמצעות מד חום או אמת ההורה.,7,4,0,0,0,2,3,16,66,4.125,4,3,0,1,0,0,0,0,0,0,0,2,0,0,0,0,0
"נוהל הפניית ילד לוועדת השמה לצורכי חינוך מיוחדיש להגיש את המסמכים הבאים לשירות הפסיכולוגי חינוכי לצורך הכנת תיק תלמיד לוועדת ההשמה:בקשה בכתב לוועדת השמה, חתומה על ידי הורי הילד, או אפוטרופוס חוקי.",25,1,2,0,0,4,4,33,161,4.879,0,4,0,4,0,0,0,0,0,0,0,0,0,0,0,0,0
"מה חשוב לקחת לחו""ל?",1,2,0,0,0,1,2,5,14,2.8,0,2,1,1,0,0,0,0,0,0,0,0,0,0,0,1,0
זאת בניגוד להפרעה בייצור האינסולין שמאפיינת את סוכרת הנעורים.,5,1,1,0,0,1,1,9,52,5.778,0,1,0,1,0,0,0,0,0,0,0,0,0,0,0,0,0
התינוק בוכה?,2,0,0,0,0,0,1,2,10,5.0,0,1,1,1,0,0,0,0,0,0,0,0,0,0,0,0,0
"הזכאות תקפה לשלוש שנים, בסוף התקופה יש לחדש את ועדת ההשמה.",5,3,0,0,0,2,2,11,46,4.182,0,2,0,2,0,0,0,0,0,0,0,0,0,0,0,0,0
הפנייה לוועדה המקצועית צריכה לכלול מכתב מהרופא המטפל וכן שאלונים מפורטים שאותם התבקשתם למלא.,8,3,1,0,0,0,1,14,78,5.571,0,1,0,1,0,0,0,0,0,0,0,0,0,0,0,0,0
בעיות שונות עלולות לצוץ כתוצאה מירידה בלחץ החמצן ומהיובש היחסי בתא הנוסעים.,9,2,1,0,0,0,1,12,63,5.25,0,1,0,1,0,0,0,0,0,0,0,0,0,0,0,0,0
איזון רמות הסוכר הוא הדרך הטובה ביותר למניעת הסיבוכים האלה.,7,0,0,1,2,0,1,10,49,4.9,0,1,0,1,0,0,0,0,0,0,0,0,0,0,0,0,0
למניעת הסיבוכים המאוחרים של מחלת הסוכרת חשוב מאוד לשמור על רמה תקינה של גלוקוזה בדם.,9,2,1,0,0,3,1,15,69,4.6,0,1,0,1,0,0,0,0,0,0,0,0,0,0,0,0,0
"אין בנמצא סטטיסטיקות ישראליות העוסקות במטיילים המבוגרים, אך במרפאות המטיילים של הכללית לא נדיר לפגוש נוסעים בני מעל 80, ולפעמים מעל 90, שיעדם ארצות־הברית או המזרח.",10,2,4,0,2,3,5,27,133,4.926,4,5,0,4,0,0,0,0,0,0,0,0,0,0,0,0,0
"מגמת משרד החינוך הינה לשלב את הילד בעל הצרכים המיוחדים בחינוך הרגיל, לפיכך הפניית תלמיד לחינוך מיוחד תיערך רק לאחר שמוצו כל אפשרויות הטיפול בחינוך הרגיל.",16,3,3,0,0,2,2,26,126,4.846,0,2,0,2,0,0,0,0,0,0,0,0,0,0,0,0,0
"לכן חשוב שכל חולה סוכרת שמטופל באינסולין יישא עימו משהו מתוק ואפילו מזרק גלוקגון להזרקה לשריר הירך, בדומה למזרקים האוטומטיים שמצויים בערכות האב""ך.",15,3,3,0,1,1,3,24,121,5.042,0,3,0,2,0,0,0,0,0,0,0,0,0,0,0,1,0
חשוב להקפיד על גודל הארוחות ועל זמן הארוחות כדי למנוע חוסר התאמה בינן לבין זריקות האינסולין.,9,3,0,0,0,3,1,16,76,4.75,0,1,0,1,0,0,0,0,0,0,0,0,0,0,0,0,0
האם הוא חולה?,0,1,1,0,0,0,1,3,10,3.333,0,1,1,1,0,0,0,0,0,0,0,0,0,0,0,0,0
"גני ילדים, מעון או בית ילדים והחצר - בטווח של 10 מטרים מהיציאה או הכניסה לגן.",11,0,0,0,0,1,3,15,59,3.933,2,3,0,2,0,0,0,0,0,0,0,1,0,0,0,0,0
"הרופא קובע את אחוז הנכות לפי ספר הליקויים, בו מופיע אחוז נכות מוגדר לכל ליקוי רפואי.",9,2,1,0,1,3,2,16,67,4.188,0,2,0,2,0,0,0,0,0,0,0,0,0,0,0,0,0
"החוק אוסר עישון במקומות ציבוריים, בתי עסק ומקומות עבודה.",8,1,0,0,0,0,2,9,46,5.111,0,2,0,2,0,0,0,0,0,0,0,0,0,0,0,0,0
"על פי ההנחיות של משרד הבריאות, זמן ההמתנה ממסירת השאלונים ועד לרגע שבו מתחילים את תוכנית הטיפול אסור שיעלה על 3 חודשים (חודשיים בעבור פגים).",13,2,2,0,0,7,4,25,112,4.48,1,4,0,2,0,0,0,0,0,0,0,0,0,0,0,0,0
"העובדים האלה לא מבוטחים בביטוח אבטלה, ולכן לא יכולים להיות זכאים לדמי אבטלה:עובד עצמאי - לבדיקת זכויות של עובדים עצמאיים ופרילנסרים בעקבות הקורונה לחצו כאןבעל שליטה בחברת מעטים - לא זכאי לדמי אבטלה גם אם הוא עובד בה כשכיר.",16,4,4,1,4,3,5,38,179,4.711,0,5,0,3,0,0,0,0,0,0,0,2,0,0,0,0,0
איך לסדר את חדר התינוק?,2,1,0,0,0,1,1,5,18,3.6,0,1,1,1,0,0,0,0,0,0,0,0,0,0,0,0,0
"כמו כן הרופא יקבע את תאריך תחילת אחוז הנכות הרפואית, ואם הנכות הרפואית היא לתקופה זמנית או קבועה (לצמיתות).",13,2,0,0,0,2,4,19,85,4.474,0,4,0,2,0,0,0,0,0,0,0,0,0,0,0,0,0
"תלמידים במצב חירום, כגון תלמידים שנשרו מפנימייה או עזבו אותה והעובד הסוציאלי שהוא פקיד סעד לחוק נוער סבור כי יש לדון בעניינם בוועדת השמה.",12,5,2,0,0,2,2,24,112,4.667,0,2,0,2,0,0,0,0,0,0,0,0,0,0,0,0,0
"חשוב לדעת, עבודה בחלק מהחודש נחשבת לחודש עבודה מלא.",5,2,0,0,1,0,2,9,41,4.556,0,2,0,2,0,0,0,0,0,0,0,0,0,0,0,0,0
"סימני האירוע הם מתן שתן רב, בחילות, הקאות וכאבי בטן, בעיקר בילדים, סימני התייבשות ונשימות מהירות.",14,0,1,1,0,0,5,16,77,4.812,0,5,0,5,0,0,0,0,0,0,0,0,0,0,0,0,0
"אלו מקומות נחשבים כמקומות ציבורים לפי חוק ובהם העישון אסורהחוק אוסר לעשן במקומות הציבוריים המפורטים להלן:אולם המשמש בדרך כלל לבית קולנוע, לתיאטרון, להופעות, לקונצרטים, לאופרה או למחול וכן חדר אואולם המשמש לדיון, להרצאה או לישיבות, וכן המסדרונות והאכסדרות, למעט חדר נפרד לחלוטיןשהוקצה לעישון בהפסקות בידי הנהלת המקום, מלבד שעומד בתנאי החוק.",27,5,12,0,2,3,10,52,279,5.365,0,10,0,10,0,0,0,0,0,0,0,0,0,0,0,0,0
במכתב צריכה להימצא רשימת כל התרופות הקבועות שנוטלים.,4,2,1,0,0,0,1,8,44,5.5,0,1,0,1,0,0,0,0,0,0,0,0,0,0,0,0,0
קיימים 5 תנאי זכאות לקבלת דמי אבטלה:תנאי ראשון – תושבותעליך להיות תושב/ת ישראל או תושב ארעי (בידך רישיון לישיבת קבע או רישיון לישיבת ארעי).,17,3,1,0,1,0,6,25,110,4.4,1,6,0,2,0,0,0,0,0,0,0,1,0,0,0,0,1
תרופות מרשם יש לקחת באריזות המקוריות ולא במיכלים אחרים.,5,2,1,0,0,0,1,9,46,5.111,0,1,0,1,0,0,0,0,0,0,0,0,0,0,0,0,0
"בחלק מן המקומות המוגדרים בחוק, ניתן להקצות חדר המיועד לעישון, שיהיה נפרד לחלוטין, מאוורר היטב, ושהעשן אינו מהווה מטרד בחלקים אחרים באותו מקום.",10,5,5,0,1,1,5,23,115,5.0,0,5,0,5,0,0,0,0,0,0,0,0,0,0,0,0,0
"לבדיקה, הכניסו  אצבע בין הבטן לחיתול.",4,1,0,0,0,1,2,6,29,4.833,0,2,0,2,0,0,0,0,0,0,0,0,0,0,0,0,0
פריחה אצל תינוקות יכולה להיות ממוקדת או מפוזרת על כל הגוף.,3,2,2,0,0,2,1,11,47,4.273,0,1,0,1,0,0,0,0,0,0,0,0,0,0,0,0,0
"הצגה עצמיתתחילה תתבקש לפרט את המחלות או הליקויים הרפואיים שאתה סובל מהם, וכיצד הם משפיעים על אורך חייך והתפקוד היום-יומי.",9,4,2,0,0,2,3,21,99,4.714,0,3,0,2,0,0,0,0,0,0,0,1,0,0,0,0,0
"אפשר לחמם את החדר בכל אמצעי החימום, אך מטעמי בטיחות עדיף להשתמש במכשירי חימום חשמליים כמו רדיאטור או מזגן.",10,3,1,0,0,1,2,19,86,4.526,0,2,0,2,0,0,0,0,0,0,0,0,0,0,0,0,0
בטיפול היומיומי נזקקים בדרך כלל החולים בסוכרת נעורים לזריקות אינסולין.,7,1,2,0,0,0,1,10,60,6.0,0,1,0,1,0,0,0,0,0,0,0,0,0,0,0,0,0
פקחי אגף הפיקוח העירוני הוסמכו לביצוע אכיפה על פי החוק.,7,1,0,0,0,2,1,10,45,4.5,0,1,0,1,0,0,0,0,0,0,0,0,0,0,0,0,0
יש לו פריחה בעור.,2,1,0,0,0,0,1,4,13,3.25,0,1,0,1,0,0,0,0,0,0,0,0,0,0,0,0,0
"בוועדת השמה מתקבלת ההחלטה אם התלמיד ילמד בחינוך רגיל או בחינוך מיוחד, ובאיזו מסגרת ישובץ: גן לחינוך מיוחד, כיתת חינוך מיוחד בבי""ס רגיל, או בי""ס לחינוך מיוחד.",21,3,1,0,1,0,7,29,124,4.276,0,7,0,5,0,0,0,0,0,0,0,0,0,0,0,2,0
"התסמינים רבים וכוללים, בין היתר: צמא מוגבר מתן שתן רב איבוד משקל עלייה בתיאבון עייפות בחילות ראייה מטושטשת .",11,0,3,0,2,2,3,18,87,4.833,0,3,0,3,0,0,0,0,0,0,0,0,0,0,0,0,0
"אם טרם מילאתם את השאלונים, תוכלו להוריד אותם כאן:צוות המומחים של הוועדה כולל אנשי מקצוע מכל התחומים שקשורים להתפתחות הילד: רפואה, פסיכולוגיה, עבודה סוציאלית, פיזיותרפיה, ריפוי בעיסוק וקלינאות תקשורת.",19,4,2,0,0,3,8,30,163,5.433,0,8,0,8,0,0,0,0,0,0,0,0,0,0,0,0,0
"עישון במקום ציבורי או החזקת כלי עישון דלוק בניגוד לחוק - 1,000 ₪ קנסאי הצבת שילוט האוסר עישון במקום / החזקת שילוט לא תקין - 5,000 ₪ קנסהצבת מאפרה במקום האסור לעישון - 1,000 ₪ קנסהמחזיק במקום ציבורי חייב לפקח ולעשות כל שניתן למניעת עישון בתחום המקום הציבורי שבהחזקתו.",31,4,0,0,2,3,8,45,207,4.6,12,11,0,4,0,0,0,0,0,0,0,4,0,0,0,0,1
מטרת הטיפול באינסולין היא להפחית את רמת הגלוקוזה הגבוהה בדם המופיעה בעיקר אחרי ארוחות.,9,2,1,0,0,2,1,14,72,5.143,0,1,0,1,0,0,0,0,0,0,0,0,0,0,0,0,0
"חשוב להדגיש, כי אין חובה להקצות חדר עישון.",3,4,0,0,0,0,2,8,33,4.125,0,2,0,2,0,0,0,0,0,0,0,0,0,0,0,0,0
יש כמה סוגים של סוכרת.,2,1,0,0,0,1,1,5,17,3.4,0,1,0,1,0,0,0,0,0,0,0,0,0,0,0,0,0
"אם מדובר במסמכים רפואיים נוספים, תתבקש להגיש אותם, ואם בבדיקות רפואיות, תתבקש לבצע את הבדיקות.",5,5,1,0,0,1,4,15,76,5.067,0,4,0,4,0,0,0,0,0,0,0,0,0,0,0,0,0
"ועדת העברות כוללת נציגות פיקוח, נציגות מהשפ""ח ונציגות מהאגף לחנ""מ.",11,1,0,0,0,0,4,12,53,4.417,0,4,0,2,0,0,0,0,0,0,0,0,0,0,0,2,0
"על המכתב לכלול בצורה ברורה רשימה של כל הפעולות הרפואיות שבוצעו בעבר - צנתור, ניתוח מעקפים, החלפת מפרקים וכיוצא באלה).",12,1,2,0,1,2,5,19,93,4.895,0,5,0,3,0,0,0,0,0,0,0,1,0,0,0,0,0
"כל מקום בבניין של מרכז תרבות נוער וספורט (מתנ""ס) או של תנועת נוער.",10,0,0,0,0,2,4,14,50,3.571,0,4,0,1,0,0,0,0,0,0,0,0,0,0,0,1,0
בדיקות מעבדה חשובות נוספות: בדיקת שתן לבדיקת רמת הגלוקוזה ותפקודי הכליות ובדיקת רמת ההמוגלובין הקשור לסוכר (HbA1C).,17,0,1,0,0,0,4,17,95,5.588,1,8,0,2,0,0,0,0,0,0,0,0,0,0,0,0,0
יש להקפיד שההפניה תיעשה לא יאוחר מה- 31 במרץ מידי שנה כדי שהוועדה תסיים את הדיונים עד 15 במאי (לתלמידי בתי הספר) ועד 31 במאי (לגני ילדים) ועדת שיבוץועדות שיבוץ פועלות בחודשים יוני ויולי.,19,4,0,0,1,5,6,34,147,4.324,6,6,0,1,0,0,0,0,0,0,0,1,0,0,0,0,0
"חוץ מזה, אמבטיה היא זמן נעים להיכרות ולחיזוק הקשר.",3,0,2,1,1,1,2,9,40,4.444,0,2,0,2,0,0,0,0,0,0,0,0,0,0,0,0,0
"בכל מקרה, אם נוסעים עם אסתמה מומלץ להתייעץ הן עם הרופא או הרופאה במרפאת־המטיילים והן עם הרופא או הרופאה המבצעים את המעקב אחר האסתמה ולגבש תוכנית פעולה ברורה למקרה שיופיעו סיבוכים (למשל: שמות וכתובות מדויקים של מרפאות או בתי־חולים אמינים ביעדים השונים וכיצד בדיוק מגיעים אליהם).",24,5,4,0,2,7,7,48,225,4.688,0,7,0,3,0,0,0,0,0,0,0,0,0,0,0,0,0
"אינסולין הוא הורמון חשוב ביותר שמופרש מתאי בטא בלבלב, ותפקידו לעזור לסוכר (גלוקוזה) המצוי בדם להיכנס לתוך התאים.",10,3,1,1,1,2,4,18,91,5.056,0,4,0,2,0,0,0,0,0,0,0,0,0,0,0,0,0
לעיתים עשוי הרופא להפנות את הילד לבדיקות שמיעה וראייה לפני שהוא מפנה אותו לוועדה.,6,3,1,0,0,2,1,14,67,4.786,0,1,0,1,0,0,0,0,0,0,0,0,0,0,0,0,0
"בכל מקום אחר בעסק או באותו מוסד, שאינו עונה על הדרישות המפורטות,כגון חדר מדרגות, אסור לעשן או להתיר עישון.",10,3,2,0,1,1,4,20,84,4.2,0,4,0,4,0,0,0,0,0,0,0,0,0,0,0,0,0
זה מידבק?,1,0,0,0,0,0,1,2,7,3.5,0,1,1,1,0,0,0,0,0,0,0,0,0,0,0,0,0
"יש לזכור שמיומנויות רבות נרכשות עם הגיל, ולכן יש סדר בטיפול.",5,2,3,0,0,1,2,11,48,4.364,0,2,0,2,0,0,0,0,0,0,0,0,0,0,0,0,0
"תנאי שני - מעמדך בישראלהכרה כנפגע פעולות איבה ניתנת רק למי שהמעמד שלו בישראל הוא אחד מאלה:אתה תושב/ת ישראל או בעל אזרחות ישראלית והפגיעה התרחשה בישראל, בשטחי יהודה שומרון (שטחים שבשליטת ישראל) או מחוץ לישראל.",20,2,1,1,2,2,7,36,167,4.639,0,7,0,3,0,0,0,0,0,0,0,2,0,0,0,0,1
"כיום, כשהטיפול באינסולין הוא מתקדם מאוד, יכולים החולים ליהנות מתוחלת חיים ממושכת.",5,3,4,0,0,0,3,12,67,5.583,0,3,0,3,0,0,0,0,0,0,0,0,0,0,0,0,0
מה עושים?,1,0,0,0,0,0,1,2,7,3.5,0,1,1,1,0,0,0,0,0,0,0,0,0,0,0,0,0
מה לעשות?,1,0,0,0,0,0,1,2,7,3.5,0,1,1,1,0,0,0,0,0,0,0,0,0,0,0,0,0
"בכי ואי־שקט של תינוק יכולים לנבוע ממגוון רב של סיבות: רעב, כאב בטן, חוסר נוחות עקב התנוחה שבה הוא מונח, חיתול מלוכלך ורטוב, סביבה חמה מדי או קרה מדי, לאחר ארוחה - בגלל נוכחות של בועת אוויר שטרם השתחררה.",17,4,4,0,5,7,9,39,155,3.974,0,9,0,7,0,0,0,0,0,0,0,1,0,0,0,0,0
"הסיבה פשוטה: תכשירים רבים רגישים לשינויים קיצוניים בטמפרטורה (למשל, אינסולין), ופעמים רבות מידות החום והקור בתא המטען אינן מבוקרות.",11,3,4,0,0,1,6,19,107,5.632,0,6,0,4,0,0,0,0,0,0,0,0,0,0,0,0,0
"המזרן חייב להיות קשה, שטוח ומצופה בבד אטום לנוזלים כדי למנוע חלחול נוזלים לספוג.",6,3,0,0,3,2,2,14,65,4.643,0,2,0,2,0,0,0,0,0,0,0,0,0,0,0,0,0
מהם גורמי הסיכון?,2,0,1,0,0,0,1,3,14,4.667,0,1,1,1,0,0,0,0,0,0,0,0,0,0,0,0,0
בעל העסק חייב לתלות שילוט האוסר על העישון במקום וכן אסור להציב מאפרות במקום בו אסור לעשן.,10,4,2,0,0,1,1,17,72,4.235,0,1,0,1,0,0,0,0,0,0,0,0,0,0,0,0,0
"בקשה בליווי הסבר ונימוקים, על הפונים לצרף את המסמכים הבאים:בקשה בליווי הסבר ונימוקים.",9,1,0,0,0,4,3,14,70,5.0,0,3,0,3,0,0,0,0,0,0,0,0,0,0,0,0,0
איך מגישים תביעה?,1,1,0,0,0,0,1,3,14,4.667,0,1,1,1,0,0,0,0,0,0,0,0,0,0,0,0,0
"מניחים שישנם גורמים רבים המשפיעים על הופעת המחלה ובהן: תורשה, תזונה לקויה, תגובה של מערכת החיסון ומחלות נגיפיות.",11,2,2,0,0,2,4,18,91,5.056,0,4,0,4,0,0,0,0,0,0,0,0,0,0,0,0,0
נוסעים עם מחלת־לבציוד ותרופות:מטיילים חולי לב צריכים להצטייד במכתב מפורט באנגלית המתאר את מצבם ואת ההליכים הרפואיים שעברו.,13,3,0,0,1,2,3,20,102,5.1,0,3,0,2,0,0,0,0,0,0,0,0,0,0,0,0,0
"ואם לא די בכך, הירידה בפעילות מערכת החיסון מכרסמת בתגובת הגוף לחיסונים הניתנים לפני הנסיעה וניכרת גם ירידה בתפקודים הנוירולוגיים – קושי לשנן ולזכור וירידה בחדות הראייה והשמיעה – מה שעלול להאט את ההסתגלות של המטיילים לסביבתם החדשה.",22,3,1,0,1,3,3,36,189,5.25,0,4,0,2,0,0,0,0,0,0,0,0,0,0,0,0,0
נציגי שירות לקוחות – תוכלו לגשת אל משרדי אגף הגבייה בשעות קבלת קהל ולשלם בהמחאה או בכרטיס אשראי.,12,3,0,0,0,1,2,17,77,4.529,0,2,0,1,0,0,0,0,0,0,0,0,0,0,0,0,0
רצוי לחתל כך שהחיתול לא יהיה הדוק מדי לגוף.,2,2,2,1,1,0,1,9,34,3.778,0,1,0,1,0,0,0,0,0,0,0,0,0,0,0,0,0
"מנגנון ויסות החום של התינוק לא בשל בחודשים הראשונים לחייו, בין היתר משום ששכבת השומן על גופו היא דקה, ושטח עורו גדול יחסית  למשקלו.",12,1,4,1,2,3,3,24,104,4.333,0,3,0,3,0,0,0,0,0,0,0,0,0,0,0,0,0
"השיפור במצב הבריאותי של בני גילאים אלה, והעלייה בהכנסה הפנויה, למי שקרנות הנאמנות שלהם לא נמחקו בשנה האחרונה, מאפשרים לרבים לממש תוכניות וחלומות ישנים – גם לנסוע ליעדים שבעבר לא נמנו על היעדים הקלאסיים של הנוסעים מעל גיל 6",20,5,3,0,0,5,4,38,180,4.737,1,4,0,3,0,0,0,0,0,0,0,0,0,0,0,0,0
"מי שלא מלאו לו 20, יכול להיות זכאי לדמי אבטלה במקרים מסוימים - למידע נוסף לחצו כאן.",7,3,2,1,1,0,3,16,64,4.0,2,3,0,2,0,0,0,0,0,0,0,1,0,0,0,0,0
אם נפגעת בפגיעת איבה בחוץ לארץ ואתה זכאי לפיצוי לפי דיני המדינה שבה נפגעת או הארץ שבה אתה תושב - אינך זכאי לתגמולים לפי חוק התגמולים לנפגעי פעולות איבה.,15,2,1,0,2,3,2,28,122,4.357,0,2,0,1,0,0,0,0,0,0,0,1,0,0,0,0,0
הכתמים האלה מתבהרים במשך הזמן ונעלמים בתוך כמה חודשים עד שנה.,5,2,0,0,0,2,1,11,50,4.545,0,1,0,1,0,0,0,0,0,0,0,0,0,0,0,0,0
"באזורים מרוחקים נוסף גם הסיכון של חוסר הזמינות של עזרה רפואית ממוסדת, בתי־חולים ומרפאות, ברמה שאליה רגילים בישראל.",11,1,4,0,0,2,4,19,93,4.895,0,4,0,3,0,0,0,0,0,0,0,0,0,0,0,0,0
בדיקת HbA1C משמשת מדד טוב של איזון הסוכרת בשלושת החודשים שקדמו לבדיקה ומשמשת כיום הבדיקה העיקרית לאיזון ולמעקב אחר המחלה.,14,2,1,0,0,3,1,20,101,5.05,1,5,0,1,0,0,0,0,0,0,0,0,0,0,0,0,0
"סוכרת מבוגרים, הנקראת גם סוכרת סוג 2 או סוכרת שאינה תלויה באינסולין.",6,0,1,0,2,0,2,12,55,4.583,1,2,0,2,0,0,0,0,0,0,0,0,0,0,0,0,0
פעם ביום רצוי להוציא את התינוק לחדר מחומם אחר ולאוורר את חדרו.,5,3,2,0,0,2,1,12,50,4.167,0,1,0,1,0,0,0,0,0,0,0,0,0,0,0,0,0
לטיפת חלב מומלץ להגיע מוקדם ככל הניתן ולכל המאוחר שבועיים לאחר הלידה.,5,2,4,0,0,1,1,12,57,4.75,0,1,0,1,0,0,0,0,0,0,0,0,0,0,0,0,0
"הכליות מפנות את עודפי הסוכר מהדם, ואילו התאים נותרים ללא חומר הגלם החיוני לתפקודם התקין.",8,2,1,0,2,2,2,15,72,4.8,0,2,0,2,0,0,0,0,0,0,0,0,0,0,0,0,0
"ועדת השילוב מתקיימת במתי""א באר שבע, לפרטים נוספים בטלפון 08-647466",5,1,1,0,0,1,3,12,54,4.5,8,3,0,1,0,0,0,0,0,0,0,1,0,0,0,1,0
"מומלץ להציב את מיטת התינוק ליד קיר פנימי של הבית, באזור מואר  ומאוּורר.",6,2,2,0,0,3,2,14,55,3.929,0,3,0,2,0,0,0,0,0,0,0,0,0,0,0,0,0
"ניתן לבטל את השירות בכל עת ולקבל את החיוב התקופתי באמצעות הדואר.מניעת העישון במקומות ציבוריים והחשיפה לעישוןב 7- לנובמבר 2007 , כ""ו בחשוון התשס""ח, נכנס לתוקף התיקון לחוק מניעת העישון במקומות ציבוריים והחשיפה לעישון.",23,3,1,0,2,5,7,36,175,4.861,5,7,0,4,0,0,0,0,0,0,0,1,0,0,0,2,0
העור של תינוק חדש הוא בדרך כלל עדין ורגיש.,3,0,2,1,2,1,1,9,33,3.667,0,1,0,1,0,0,0,0,0,0,0,0,0,0,0,0,0
מחזיקים במקומות ציבוריים ו/או נושאי משרה ישאו באחריות ליישום החוק והוראותיו.,8,1,1,0,0,0,2,12,64,5.333,0,2,0,1,0,0,0,0,0,0,0,1,0,0,0,0,1
במקרה כזה יישלח אליך מכתב שבו יפורט מה מבקשת הוועדה.,3,3,3,0,0,0,1,10,42,4.2,0,1,0,1,0,0,0,0,0,0,0,0,0,0,0,0,0
"במקרה של אי הסכמה להחלטת ועדת ההשמה רשאי הילד בעל צרכים מיוחדים, ההורה או נציג של ארגון ציבורי להגיש ערר לוועדת ערר, תוך 21 ימים מיום שקיבל את ההחלטה.",19,3,0,0,0,5,3,29,119,4.103,2,3,0,3,0,0,0,0,0,0,0,0,0,0,0,0,0
"מטרתו לקדם את הילד, לשפר את יכולותיו ולהעניק לו ארגז כלים להמשך הדרך.",6,3,0,0,0,3,2,13,55,4.231,0,2,0,2,0,0,0,0,0,0,0,0,0,0,0,0,0
מסיבה דומה ניתן להבחין לעיתים בנפיחות בשדי התינוקות משני המינים.,5,2,2,0,0,0,1,10,54,5.4,0,1,0,1,0,0,0,0,0,0,0,0,0,0,0,0,0
ועדת השמה תשמש גם כ-וועדת ערר על החלטת ועדת השילוב המוסדות.,8,1,0,0,0,2,2,12,47,3.917,0,2,0,1,0,0,0,0,0,0,0,1,0,0,0,0,0
הבדיקה הבסיסית ביותר היא של רמת הגלוקוזה בדם בצום.,4,1,2,0,0,2,1,9,41,4.556,0,1,0,1,0,0,0,0,0,0,0,0,0,0,0,0,0
"הסיבה לקטואצידוזיס היא חוסר במנת אינסולין, מחלה זיהומית או טראומה.",8,0,0,1,0,0,2,10,55,5.5,0,2,0,2,0,0,0,0,0,0,0,0,0,0,0,0,0
הילד יוזמן לאבחונים שמיועדים לקבוע את תחומי החוזקה והקושי שלו ולהתאים תוכנית טיפול לצרכיו.,8,4,0,0,0,1,1,14,76,5.429,0,1,0,1,0,0,0,0,0,0,0,0,0,0,0,0,0
כמו כן תסביר האחות על תכנית החיסונים המומלצת על־ידי משרד הבריאות.,8,1,0,0,0,3,2,12,53,4.417,0,2,0,1,0,0,0,0,0,0,0,0,0,0,0,0,0
חניון ציבורי מקורה או תת קרקעי.,4,0,0,0,0,1,1,6,25,4.167,0,1,0,1,0,0,0,0,0,0,0,0,0,0,0,0,0
"התמיכה תינתן על-ידי צוות החינוך המיוחד המתמחה בטיפול בתלמידים בעלי לקויות שונות, בהלימה לצורכי התלמיד ובהתחשב במשאבים הזמינים באותה מסגרת חינוכית (שעות ההוראה, כוח-האדם והתנאים הפיזיים).",22,1,0,0,3,2,7,28,154,5.5,0,7,0,3,0,0,0,0,0,0,0,2,0,0,0,0,0
"ועדת השמההשמת תלמידים במסגרות החינוך המיוחד נקבעת, בהתאם לחוק, על ידי ועדת השמה, על בסיס חוות דעת חינוכית והערכות מקצועיות.",15,1,1,0,0,3,4,20,100,5.0,0,4,0,4,0,0,0,0,0,0,0,0,0,0,0,0,0
"מסגרת טיפולית קבועה, שבה כולם משתפים פעולה - הילד, הוריו, המטפלים המקצועיים ולעיתים גורמים נוספים - עשויה להביא לשינויים משמעותיים מאוד בתפקוד הילד.",11,3,5,0,1,0,6,21,120,5.714,0,6,0,4,0,0,0,0,0,0,0,2,0,0,0,0,0
בימי ד' לא מתקיימת קבלת קהל.,4,1,0,0,0,0,2,6,21,3.5,0,2,0,2,0,0,0,0,0,0,0,0,0,0,0,1,0
"סוכרת נעורים מופיעה בדרך כלל בפתאומיות, לעיתים קרובות אחרי שהילד או הצעיר סבלו ממחלה נגיפית כלשהי.",7,2,5,0,0,1,2,16,81,5.062,0,2,0,2,0,0,0,0,0,0,0,0,0,0,0,0,0
חתימה על טופס ויתור סודיות בדיקות שמיעה וראיהאת המסכמים יש להגיש לשירות הפסיכולוגי החינוכי אשר נמצא בכתובת רח' שאול אביגור 1 באר שבע.,12,2,0,1,2,2,2,23,109,4.739,1,2,0,2,0,0,0,0,0,0,0,0,0,0,0,1,0
"גן אירועים, וכן איזור הנמצא מחוץ למבנה ומשמש את גן האירועים (להלן – אזור), למעט חלק של האזורשהוקצה לעישון בידי הנהלת המקום, אם הוקצה, ובלבד שעומד בתנאים הקבעים בחוק.",17,3,3,0,0,4,8,28,129,4.607,0,8,0,5,0,0,0,0,0,0,0,0,0,0,0,0,0
"חשוב שתדעו כי מתחת למטרייה שנקראת ""קשיים בהתפתחות הילד"" מצוי ספקטרום נרחב של מצבים.",8,2,1,0,0,2,3,14,67,4.786,0,3,0,1,0,0,0,0,0,0,0,0,0,0,0,2,0
"אם לא עשה כן - 5,000 ₪ קנסשוטרים או פקחים עירוניים שהוסמכו לכך, אחראים על אכיפת החוק ורשאים למסור דו""חות למעשן ו/או למחזיק במקום ציבורי.",12,5,1,0,0,1,6,26,105,4.038,4,7,0,3,0,0,0,0,0,0,0,2,0,0,0,1,1
"חולים בסוכרת מבוגרים יכולים להסתדר בדרך כלל רק בעזרת דיאטה מתאימה או בעזרת שילוב של דיאטה ושל כדורים, ללא צורך בנטילת אינסולין, לפחות בשנים הראשונות אחרי גילוי מחלתם.",13,2,5,0,0,5,3,28,136,4.857,0,3,0,3,0,0,0,0,0,0,0,0,0,0,0,0,0
"ככלל, יש לתאם עימן מראש את הצורך בחמצן במהלך הטיסה.",4,2,2,0,0,2,2,10,40,4.0,0,2,0,2,0,0,0,0,0,0,0,0,0,0,0,0,0
"מוסד להשכלה גבוהה או מוסד לחינוך על תיכוני שתלמידיו בגיל העולה על 18 שנים לרבות מגורי תלמידים למעט חדר נפרד שהוקצה לעישון וחדר מגורי המעשנים, חדרי הנהלה וסגל.",19,0,1,0,3,3,2,28,129,4.607,2,2,0,2,0,0,0,0,0,0,0,0,0,0,0,0,0
הבעיה העיקרית היא הירידה החדה ברמת הסוכר בדם בעקבות מנה גבוהה מדי של אינסולין (יחסית לכמות המזון).,13,0,1,1,0,2,3,17,79,4.647,0,3,0,1,0,0,0,0,0,0,0,0,0,0,0,0,0
"מומלץ להצטייד גם בתרשימים רפואיים העלולים להיות רלוונטיים, דוגמת תרשים א.ק.ג עדכני אם סובלים ממחלת־לב – ודרכי התקשרות (טלפון, טלפון נייד, פקס, דואר אלקטרוני) של הרופא או הרופאה הקרדיולוגים המטפלים בכם בארץ.",20,3,4,0,2,2,11,34,164,4.824,0,11,0,7,0,0,0,0,0,0,0,0,0,0,0,0,0
"במסעדות, פאבים, אולמות שמחה ומקומות אחרים בהם העישון אסור, גודלו של חדר העישון אינו יכול לעלות על רבע מכלל השטח הפתוח לציבור.",14,3,2,0,1,2,4,22,100,4.545,0,4,0,4,0,0,0,0,0,0,0,0,0,0,0,0,0
איך מטפלים בעור?,1,1,0,0,0,0,1,3,13,4.333,0,1,1,1,0,0,0,0,0,0,0,0,0,0,0,0,0
"הסיבות להופעת הסוכרת אינן ידועות עד היום, אף שמדובר במחלה נפוצה מאוד שחוקרים רבים עמלים על פיצוח סודותיה.",8,3,4,0,0,2,2,18,86,4.778,0,2,0,2,0,0,0,0,0,0,0,0,0,0,0,0,0
"כלומר, אפילו יום עבודה אחד בחודש ייחשב לך כחודש עבודה.",5,1,2,0,0,1,2,10,43,4.3,0,2,0,2,0,0,0,0,0,0,0,0,0,0,0,0,0
"פגיעה מנשק שהיה מיועד לפעולות איבה של כוחות אויב, או פגיעה מנשק שהיה מיועד נגד פעולה כזאת.",10,0,1,0,2,2,2,17,72,4.235,0,2,0,2,0,0,0,0,0,0,0,0,0,0,0,0,0
"החוקרים מניחים שהגורם למחלה הוא הפרעה במערכת החיסון, שמסיבות לא ברורות פועלת נגד תאי הלבלב המייצרים את האינסולין והורסת אותם.",11,4,1,1,0,2,2,20,104,5.2,0,2,0,2,0,0,0,0,0,0,0,0,0,0,0,0,0
"עם זאת מומלץ, כמובן, שתמשיכו לעקוב בקפידה אחרי התפתחות הילד.",4,2,1,0,0,2,3,10,48,4.8,0,3,0,3,0,0,0,0,0,0,0,0,0,0,0,0,0
"אלה - בשילוב עם הסיכונים הספציפיים בארצות היעד - מאפשרים ""לתפור"" בעבור כל מטיילת ומטייל את ההמלצות הספציפיות על החיסונים הנדרשים, התרופות שיש להביא מהארץ והדרך המיטבית להתנהל, מבחינה בריאותית, לפני הנסיעה, במהלך הנסיעה ואחרי הנסיעה.",16,4,6,0,0,6,9,34,188,5.529,0,9,0,5,0,0,0,0,0,0,0,2,0,0,0,2,0
הוא ילמד כי יש מי שמקשיב לו ונענה לדרישותיו.,2,3,0,0,0,0,1,9,35,3.889,0,1,0,1,0,0,0,0,0,0,0,0,0,0,0,0,0
זוהי תופעה שכיחה הנובעת מהצטברות חומר צהוב המכונה בילירובין.,6,1,0,0,1,0,1,9,51,5.667,0,1,0,1,0,0,0,0,0,0,0,0,0,0,0,0,0
מומלץ שרופא ילדים יבדוק את התינוק כשבוע אחרי השחרור מבית החולים.,7,1,0,0,0,3,1,11,53,4.818,0,1,0,1,0,0,0,0,0,0,0,0,0,0,0,0,0
היכן ניתן לשלם?,0,2,1,0,0,0,1,3,12,4.0,0,1,1,1,0,0,0,0,0,0,0,0,0,0,0,0,0
במקרה זה ניתן להיות זכאי לתגמולים החל מיום 201,2,2,2,0,1,1,0,9,38,4.222,3,0,0,0,0,0,0,0,0,0,0,0,0,0,0,0,0
האחריות למניעת חשיפת הציבור לעישון כפוי חלה גם על מניעת חשיפת העובדים במקום ציבורי.,11,1,0,0,0,1,1,14,69,4.929,0,1,0,1,0,0,0,0,0,0,0,0,0,0,0,0,0
"קטואצידוזיס נגרם ממחסור חמור באינסולין וגורם לרמה גבוהה של גלוקוזה בדם וליצירת חומר הקרוי ""גופי קטו"".",11,2,0,0,1,2,3,16,83,5.188,0,3,0,1,0,0,0,0,0,0,0,0,0,0,0,2,0
הם חולפים בתוך כמה ימים ללא טיפול.,2,1,0,0,0,2,1,7,27,3.857,0,1,0,1,0,0,0,0,0,0,0,0,0,0,0,0,0
לאחר מכן מרחו על המקום משחה מגינה.,3,1,2,0,0,1,1,7,27,3.857,0,1,0,1,0,0,0,0,0,0,0,0,0,0,0,0,0
"שלב שלישי: סיכום הדיון וקביעת אחוז הנכות הרפואיתלאחר שתעזוב את חדר הוועדה, הרופא יקריא למזכיר את הממצאים הרפואיים שמצא, ויקבע את החלטתו בהתאם למסמכים הרפואיים שבתיק, הקשיים שציינת והבדיקה שערך.",19,6,2,0,0,3,5,30,159,5.3,0,5,0,5,0,0,0,0,0,0,0,0,0,0,0,0,0
"הפנייה לבדיקות נוספותאם לדעת הוועדה עליך לעבור בדיקות רפואיות נוספות, או להביא מסמכים רפואיים נוספים, היא לא תקבע לך עדיין אחוז נכות רפואית, אלא תמתין לחומר הנוסף.",12,5,4,0,0,2,4,27,133,4.926,0,4,0,4,0,0,0,0,0,0,0,0,0,0,0,0,0
בימים הראשונים ייתכן שתראו כתם בצבע כתום בשתן המופרש על  החיתול.,6,2,1,0,1,1,1,11,52,4.727,0,1,0,1,0,0,0,0,0,0,0,0,0,0,0,0,0
"המלווה יכול להיות עו""ד, מתרגם, קרוב משפחה, חבר וכודומה.",7,2,1,0,0,0,5,10,42,4.2,0,5,0,4,0,0,0,0,0,0,0,0,0,0,0,1,0
בימים הראשונים שלאחר הלידה הצואה נראית שחורה וצמיגה - וגם זה נורמלי.,4,1,3,0,0,1,2,11,55,5.0,0,2,0,1,0,0,0,0,0,0,0,1,0,0,0,0,0
מה זה אינסולין?,0,0,1,0,0,0,1,3,12,4.0,0,1,1,1,0,0,0,0,0,0,0,0,0,0,0,0,0
ועדת השמה חריגהבמקרים בודדים וחריגים מאוד של שינוי משמעותי בנסיבות עשויה להידרש הפניה של תלמיד לדיון לאחר המועד הנקוב וליישום ההחלטה במהלך שנת הלימודים הנוכחית.,14,2,5,0,0,4,1,25,135,5.4,0,1,0,1,0,0,0,0,0,0,0,0,0,0,0,0,0
"בתוך זמן מה תלמדו להכיר את התינוק, להבחין בין בכי הנובע מרעב או מסיבות אחרות ולהיענות לצרכיו.",7,4,2,0,0,3,2,17,75,4.412,0,2,0,2,0,0,0,0,0,0,0,0,0,0,0,0,0
"אם האמא מרגישה בכאב או שהיא לא בטוחה שהתינוק יונק מספיק, חשוב להתייעץ.",3,4,2,0,1,0,2,13,56,4.308,0,2,0,2,0,0,0,0,0,0,0,0,0,0,0,0,0
"חרף העובדה הידועה, כי אנשים בכל הגילאים נוטים להעריך את גילם הסובייקטיבי כצעיר מזה הכרונולוגי (פער ההולך ומתעצם עם ההזדקנות), הרי שלמטיילים המבוגרים יותר מאפיינים בריאותיים מיוחדים, שאסור להתעלם מהם.",12,4,5,0,3,4,6,30,164,5.467,0,6,0,4,0,0,0,0,0,0,0,0,0,0,0,0,0
לאחר הלידה ניתן להבחין לעיתים בעור התינוק בפריחה עדינה אדמדמה המלוּוה בבליטה צהבהבה במרכז.,5,2,3,0,3,1,1,15,75,5.0,0,2,0,1,0,0,0,0,0,0,0,0,0,0,0,0,0
"אם החום הוא מתחת ל־36 מעלות, פנו לרופא.",3,2,0,0,0,2,2,9,29,3.222,2,3,0,2,0,0,0,0,0,0,0,0,0,0,0,0,0
"שלב שני: בדיקת המצב הרפואי שלךהבדיקה מיועדת לקביעת אחוז נכות, ולא לצורך טיפול רפואי, ולכן היא אינה דומה לבדיקות שמבצע רופא משפחה או רופא מטפל אחר.",16,1,3,0,1,1,4,26,117,4.5,0,4,0,4,0,0,0,0,0,0,0,0,0,0,0,0,0
״מקום עבודה״ - כל מקום בבניין שעובדים בו אנשים ושאינו משמש למגורים.,6,2,1,0,0,0,4,11,52,4.727,0,4,0,1,0,0,0,0,0,0,0,1,0,0,0,0,0
מהי סוכרת נעורים?,2,0,0,0,0,0,1,3,14,4.667,0,1,1,1,0,0,0,0,0,0,0,0,0,0,0,0,0
"ציין בפני המעשן כי בכך שהוא מעשן הוא עובר על החוק וגורם גם לך לעבור על החוק, ושניכם עלוליםלהיקנס בשל כך ו/או להיתבע על ידי לקוחות.",5,6,1,0,0,7,3,27,102,3.778,0,3,0,2,0,0,0,0,0,0,0,1,0,0,0,0,1
"אם התבקשת להביא מסמכים נוספים לוועדה, או שיש בידך מסמכים שלא מצויים בתיק, נא הגש אותם לרופא.",5,6,3,0,0,0,3,17,73,4.294,0,3,0,3,0,0,0,0,0,0,0,0,0,0,0,0,0
האם ההורמונים של האם משפיעים גם על התינוק?,3,1,1,0,0,2,1,8,34,4.25,0,1,1,1,0,0,0,0,0,0,0,0,0,0,0,0,0
"חולי סוכרת החוצים יותר מארבעה אזורי זמן בכיוון מערב עשויים להזדקק למינונים גבוהים יותר של אינסולין (כיוון שהיממה מתארכת), בעוד שאלה הנוסעים מזרחה עשויים להזדקק להפחתה במינון (כיוון שהיממה מתקצרת).",14,7,6,0,0,2,6,30,161,5.367,0,6,0,2,0,0,0,0,0,0,0,0,0,0,0,0,0
איך לחמם את החדר?,1,1,0,0,0,1,1,4,13,3.25,0,1,1,1,0,0,0,0,0,0,0,0,0,0,0,0,0
"אם ההחלטה תהיה חיובית, יעביר משרד המרפאה את המסמכים הבאים לוועדת המומחים להתפתחות הילד: חוות הדעת של הרופא, סיכום הממצאים שלו, השאלונים.",15,2,1,0,0,2,5,22,110,5.0,0,5,0,5,0,0,0,0,0,0,0,0,0,0,0,0,0
"בקרב חולים בסוכרת מבוגרים הבעיה לא נובעת ממחסור באינסולין אלא מכך שנוצרת תנגודת לפעילות של האינסולין, והוא אינו מצליח להכניס את הסוכר מהדם לתאים.",10,4,1,0,1,5,2,24,120,5.0,0,2,0,2,0,0,0,0,0,0,0,0,0,0,0,0,0
החלטת מנהל מחוז היא סופית ואינה נתונה לערר (לא ניתן להשתתף בדיונים לגבי הבקשה).,6,2,2,1,1,1,3,14,63,4.5,0,3,0,1,0,0,0,0,0,0,0,0,0,0,0,0,0
"התשלום מתבצע באופן מהיר, בזמן הנוח לכם, ללא המתנה מיותרת בתור וחשבונך במאגר הנתונים הממוחשב של הרשויות מזוכה באופן אוטומטי.",5,2,9,0,1,3,3,20,101,5.05,0,3,0,3,0,0,0,0,0,0,0,0,0,0,0,0,0
"כדאי שהתרופות שעימן נוסעים יהיו תואמות את הכתוב במכתב הרפואי – בייחוד נכון הדבר לגבי תרופות הניתנות בהזרקה ותרופות משככות כאבים ממשפחת הנרקוטיקה, למשל אוקסיקוד (Oxycod, Oxycodone), או אמ סי אר (MCR, Morphine) ביטוח ביטוח ביטוחביטוח נסיעות לחו""ל בכללית חו""ל מאפשר כיסוי לבעיות בריאות ולמחלות קיימות וכרוניות, אם נהנית מתקופת בריאות יציבה בחצי השנה שלפני הטיול בחו""ל.",38,3,8,1,2,5,14,59,295,5.0,0,40,0,6,0,0,0,0,0,0,0,0,0,0,0,3,0
"את המסמך כדאי להגיש לרופא או למזכיר, הרופא יקרא את המסמך והוא יצורף לדו""ח הוועדה.",7,3,2,0,1,2,3,16,64,4.0,0,3,0,2,0,0,0,0,0,0,0,0,0,0,0,1,0
ברוב מדינות המערב וגם בישראל שיעורם של בני הגיל השלישי באוכלוסיה נמצא בעלייה מתמדת.,7,1,1,0,1,2,1,14,69,4.929,0,1,0,1,0,0,0,0,0,0,0,0,0,0,0,0,0
טעות.,1,0,0,0,0,0,1,1,4,4.0,0,1,0,1,0,0,0,0,0,0,0,0,0,0,0,0,0
"שלב ראשון: הרופא מעיין במסמכים שבתיקלפני שתוזמן להיכנס לחדר, רופא הוועדה יעיין במסמכים הרפואיים הנמצאים בתיק שלך.",9,4,1,0,1,0,3,17,94,5.529,0,3,0,3,0,0,0,0,0,0,0,0,0,0,0,0,0
המצב הזה דורש התייחסות ובדיקות מעקב נוספות.,4,1,2,0,0,0,1,7,36,5.143,0,1,0,1,0,0,0,0,0,0,0,0,0,0,0,0,0
מומלץ להכין מראש את כל הציוד הדרוש לאמבטיה.,3,1,1,0,1,1,1,8,35,4.375,0,1,0,1,0,0,0,0,0,0,0,0,0,0,0,0,0
"אולם שמחות, למעט חדר נפרד לחלוטין, אם קיים, שהוקצה לעישון בידי הנהלת אולם השמחות במפורש,אם הוקצה, ובלבד שיש בו סידורי אוורור תקינים והעישון בו אינו גורם למטרד בחלקים אחרים של אולםהשמחות ושטחו אינו עולה על רבע של שטח הפתוח לציבור ובלבד שעומד בתנאים הקבועים בחוק.",26,4,4,0,2,5,6,46,211,4.587,0,6,0,6,0,0,0,0,0,0,0,0,0,0,0,0,0
להנחיות לזכאות לדמי אבטלה בעקבות משבר הקורונה לחצו כאןבאפשרותך לבדוק את זכאותך לדמי אבטלה במחשבון זכאות לדמי אבטלה.,10,1,2,0,0,5,1,18,97,5.389,0,1,0,1,0,0,0,0,0,0,0,0,0,0,0,0,0
"מהניסיון המצטבר ידוע שכ־10% מהילדים מפגינים קשיים שונים בהתפתחותם, אך רק אצל חלקם מאובחן קושי משמעותי וכרוני.",8,2,1,0,1,2,2,18,89,4.944,2,4,0,2,0,0,0,0,1,0,0,1,0,0,0,0,0
"צריך ללמוד לזהות סימנים להתקף היפוגליקמיה - הזעה, רעב, כאבי ראש, בחילות או בלבול - ולטפל בהם באמצעות מזון או משקה עשיר בסוכר.",12,4,0,0,1,1,6,21,97,4.619,0,6,0,4,0,0,0,0,0,0,0,2,0,0,0,0,0
"שים לב, סיבת הפסקת העבודה (הוצאה לחל""ת, פיטוריםאו הפסקה מרצון) משפיעה על מועד תחילת התשלום - למידע נוסף על סיבות להפסקת עבודה לחץ כאן.",16,1,2,0,0,3,7,24,104,4.333,0,7,0,3,0,0,0,0,0,0,0,1,0,0,0,1,0
"על פי החוק, את החיוב השנתי של הארנונה יש לשלם במלואו, בראשון לינואר של כל שנת מס, אך מועצת העיר החליטה כי ניתן לשלם את הארנונה בפריסת תשלומים נוחה תוך מתן שפע של אפשרויות תשלום.",18,4,1,0,0,8,4,35,139,3.971,0,4,0,4,0,0,0,0,0,0,0,0,0,0,0,0,0
הגלוקוזה חיונית לתאים בשל היותה חומר הגלם העיקרי ליצירת אנרגיה.,7,1,0,0,1,1,1,10,53,5.3,0,1,0,1,0,0,0,0,0,0,0,0,0,0,0,0,0
"השילוב בין השינויים הגופניים המלווים את העלייה בגיל לבין מחלות כרוניות, ששיעורן הולך ועולה עם הגיל, מוביל לירידה בתפקודים השונים וכך גם בסיבולת הלב־ריאה, בתגובתיות פחותה לירידה במתח החמצן (היפוקסיה), לירידה בתפקוד הכלייתי ולירידה ביכולת לשמר נוזלים.",26,5,1,0,0,4,8,38,205,5.395,0,8,0,5,0,0,0,0,0,0,0,0,0,0,0,0,0
מקומות ציבוריים רשאים למנות סדרנים למניעת העישון.,5,2,0,0,0,0,1,7,42,6.0,0,1,0,1,0,0,0,0,0,0,0,0,0,0,0,0,0
מהן הסיבות להופעת הסוכרת?,3,0,0,0,0,0,1,4,21,5.25,0,1,1,1,0,0,0,0,0,0,0,0,0,0,0,0,0
בדרך כלל שכבה אחת מספיקה.,1,0,3,0,0,0,1,5,20,4.0,0,1,0,1,0,0,0,0,0,0,0,0,0,0,0,0,0
"נגבו את הקפלים בעדינות בעזרת צמר גפן טבול במים או במים עם מעט שמן אמבט לתינוק, ולאחר מכן ייבשו עם מגבת.",12,2,2,0,0,4,2,21,81,3.857,0,2,0,2,0,0,0,0,0,0,0,0,0,0,0,0,0
האמת שלא.,1,0,0,0,0,0,1,2,7,3.5,0,1,0,1,0,0,0,0,0,0,0,0,0,0,0,0,0
שווה שהשותפים לטיול יידעו שיש לך סוכרת - וגם כיצד ניתן לעזור לך בשעת הצורך.,5,3,2,0,0,2,2,14,59,4.214,0,2,0,1,0,0,0,0,0,0,0,1,0,0,0,0,0
"תנאי שלישי - הפסקת עבודהאתה עשוי להיות זכאי לדמי אבטלה אם הוצאת לחל""ת, פוטרת או שהפסקת לעבוד מרצונך.",10,3,1,0,1,1,4,18,79,4.389,0,4,0,2,0,0,0,0,0,0,0,1,0,0,0,1,0
תאריכי ועדות השמה ועדות השמה מתקיימת בין תאריכים פברואר עד מאי.,8,1,0,0,0,2,1,11,52,4.727,0,1,0,1,0,0,0,0,0,0,0,0,0,0,0,0,0
חשוב לשמור על קפלים נקיים.,2,2,0,0,0,1,1,5,21,4.2,0,1,0,1,0,0,0,0,0,0,0,0,0,0,0,0,0
לתינוק שלי יש כתמים אדומים בעור.,3,1,0,0,1,0,1,6,26,4.333,0,1,0,1,0,0,0,0,0,0,0,0,0,0,0,0,0
מומלץ להכין מראש דף ובו מפורטים המחלות או הליקויים הרפואיים שלך וכן הקשיים שלך לתפקד.,6,3,2,0,0,0,1,15,70,4.667,0,1,0,1,0,0,0,0,0,0,0,0,0,0,0,0,0
אתה תושב חוץ ונפגעת תוך כדי ועקב עבודתך אצל מעסיק ישראלי בחוץ לארץ - לצפייה ברשימת המעסיקים לחץ כאן.,8,1,4,0,1,3,2,18,80,4.444,0,2,0,1,0,0,0,0,0,0,0,1,0,0,0,0,0
"בדרך־כלל הוא לא נראה כפי שדמיינתם אותו במהלך ההריון, אבל בתוך זמן קצר תגלו את המיוחד שבו.",4,2,5,0,0,3,3,18,70,3.889,0,3,0,2,0,0,0,0,0,0,0,0,0,0,0,0,0
צריך לזכור שתינוק לא מחמם את הגוף שלו כמו מבוגר.,3,2,1,0,0,1,1,10,38,3.8,0,1,0,1,0,0,0,0,0,0,0,0,0,0,0,0,0
"אם לא צברת חודשי עבודה כנדרש, ישנם חודשים נוספים שאינם חודשי עבודה שיכולים להיכלל בתקופת האכשרה - למידע נוסף לחץ כאן.",12,4,2,0,0,0,3,20,94,4.7,0,3,0,2,0,0,0,0,0,0,0,1,0,0,0,0,0
אם לאחר זמן מה תראו שאין שיפור - תוכלו לחזור שנית לרופא המטפל כדי לשקול את הצורך בהפניה חוזרת.,7,5,3,0,0,2,2,18,74,4.111,0,2,0,1,0,0,0,0,0,0,0,1,0,0,0,0,0
"חשוב לשמור על עותק זה, הוא יכול לשמש אותך לצורך בקשת פטור ממס הכנסה או לצרכים אחרים.תנאי הזכאות להכרה כנפגע פעולות איבהכדי להיות מוכר כנפגע פעולות איבה עליך לענות על שני התנאים האלה:תנאי ראשון - נפגעת באירוע איבהפגיעת איבה היא אחת מאלה:פגיעה מפעולת איבה של כוחות אויבפגיעה בשגגה מידי אדם עקב פעולת איבה של כוחות אויב או פגיעה בשגגה בנסיבות שהיה בהן מקום לחשש סביר שתבוצע פעולת איבה.",40,9,4,1,4,6,6,70,309,4.414,0,6,0,5,0,0,0,0,0,0,0,1,0,0,0,0,0
"לקראת היום השלישי הירידה מתונה יותר, ולאחר 14-10 ימים אנחנו מצפים שהתינוק יחזור למשקל הלידה.",7,2,1,1,1,2,3,16,75,4.688,4,3,0,2,0,0,0,0,0,0,0,1,0,0,0,0,0
אלו הן ועדות מקצועיות שהרכבן נקבע בחוק ובידיהן הסמכות והאחריות לקבל החלטות לגבי זכאותו של תלמיד בעל צרכים מיוחדים לשירותי חינוך מיוחדים.,12,2,2,0,2,3,1,22,114,5.182,0,1,0,1,0,0,0,0,0,0,0,0,0,0,0,0,0
"מקומות שנערכים בהם אירועים והופעות תחת כיפת השמיים בהם משתתפים למעלה מ- 50 איש, למעטחצר בית מגורים.",11,1,2,0,0,2,3,17,80,4.706,2,3,0,2,0,0,0,0,0,0,0,1,0,0,0,0,0
תשובות ישלחו בכתב להורים.,3,1,0,0,0,0,1,4,21,5.25,0,1,0,1,0,0,0,0,0,0,0,0,0,0,0,0,0
"המחזיק במקום ציבורי חייב להציב שילוט המורה על איסור עישון במקום וכן חל איסור על הצבת מאפרות במקום, למעט בחדר עישון, במידה ויש.",14,3,2,0,0,3,3,23,101,4.391,0,3,0,3,0,0,0,0,0,0,0,0,0,0,0,0,0
בכל שלב ניתן לבטל את הוראת הקבע באמצעות טופס ביטול הוראת קבענפתח בחלון חדשיתרונות התשלום בהוראת קבעישנם מספר יתרונות  המטיבים איתכם באם תבחרו לשלם באמצעות הוראת קבע בבנק או בכרטיס האשראי.,18,4,3,0,0,4,1,31,155,5.0,0,1,0,1,0,0,0,0,0,0,0,0,0,0,0,0,0
"אם קשה לך לפרט את הקשיים הרפואיים, או שאתה זקוק למתרגם, אתה רשאי להביא אתך לוועדה מלווה מתאים.",4,5,2,0,1,2,3,18,74,4.111,0,3,0,3,0,0,0,0,0,0,0,0,0,0,0,0,0
"אתה בעל אזרחות ישראלית, וטרם חלפה שנה מהמועד שבו חדלת להיות תושב ישראל, ונפגעת מחוץ לישראל.",7,4,4,0,0,0,3,16,73,4.562,0,3,0,3,0,0,0,0,0,0,0,0,0,0,0,0,0
"לרופא אין סמכות לדון בטיפול רפואי שאתה נזקק לו, ולכן אין טעם לבקש מהרופא בקשות הקשורות לטיפול רפואי.",9,5,1,0,1,0,2,18,81,4.5,0,2,0,2,0,0,0,0,0,0,0,0,0,0,0,0,0
ניתן לפנות לאחות טיפת חלב או למוקד 2700* כדי לקבל מידע על יועצת הנקה באזור.,8,3,0,0,0,2,1,15,59,3.933,4,2,0,1,0,0,0,0,0,1,0,1,0,0,0,0,0
"עבירה על החוק הינה עבירה פלילית, הנושאתקנסות בצידה.",5,1,1,0,0,1,2,8,42,5.25,0,2,0,2,0,0,0,0,0,0,0,0,0,0,0,0,0
"הפניה של ""שאלון וועדת השמה"" חתום ע""י מפקחת, מנהלת בי""ס/גן והוריםצילום תעודת זהות של ההורה, עם פרטי הילד (במקרה של אפוטרופוס אחר, יש לצרף מסמך חוקי המעיד על כך).",21,3,2,0,0,5,11,32,121,3.781,0,11,0,4,0,0,0,0,0,0,0,1,0,0,0,4,1
תוכלו לשלם בשתי דרכים: תשלום אחד על מלוא הסכום השנתי שישולם עד ל-31 בינואר של שנת המס אשר יבטיח שלא תשלמו הפרשי הצמדה על חיובי שנת המס השוטפת.,16,3,0,0,0,5,3,29,112,3.862,2,3,0,2,0,0,0,0,0,0,0,1,0,0,0,0,0
"אם ההפרשה מרובה, יש לפנות לרופא כדי לקבל טיפול.",3,4,0,0,0,1,2,9,37,4.111,0,2,0,2,0,0,0,0,0,0,0,0,0,0,0,0,0
