sentence,mdd,t_depth,summarizing,bigrams,words,letters,word_avg,numbers,symbols,if_question,punctuation,sym_hashtag,sym_shtrudel,sym_dollar,sym_ampersand,sym_percend,sym_star,sym_tilda,sym_math,sym_logic,sym_brackets,sym_num,sym_quotes,sym_slashes,NN,VB,JJ,PREPOSITION,DEF,CONJ,BN,NNP,NNT,TEMP,RB,CC,AT,QW,REL,PRP,IN,DTT,DT,MD,stopwords
"בחופשת הקיץ, עידן החליט לעבוד.",3.5,6,0,4,5,24,4.8,0,2,0,2,0,0,0,0,0,0,0,0,0,0,0,0,0,2,4,0,2,2,0,0,2,2,0,0,0,0,0,0,0,0,0,0,0,0
החברים שלו נסעו לים והלכו לבלות אבל הוא רצה לעבוד.,7.46,14,0,9,10,40,4.0,0,1,0,1,0,0,0,0,0,0,0,0,0,0,0,0,0,4,10,0,2,4,2,0,0,0,0,0,2,0,0,0,2,0,0,0,0,3
עידן רצה לעבוד בטלוויזיה.,3.4,6,0,3,4,21,5.25,0,1,0,1,0,0,0,0,0,0,0,0,0,0,0,0,0,4,2,0,2,2,0,0,0,2,0,0,0,0,0,0,0,0,0,0,0,0
הוא מאוד אוהב את תחום הטלוויזיה.,4.17,7,0,5,6,26,4.333,0,1,0,1,0,0,0,0,0,0,0,0,0,0,0,0,0,2,0,0,0,2,0,2,0,2,0,2,0,2,0,0,2,0,0,0,0,2
עכשיו צהריים.,2.0,2,0,1,2,11,5.5,0,1,0,1,0,0,0,0,0,0,0,0,0,0,0,0,0,2,0,0,0,0,0,0,0,0,0,2,0,0,0,0,0,0,0,0,0,0
עידן יושב בחדר הקטן בבניין הטלוויזיה.,5.0,11,0,5,6,31,5.167,0,1,0,1,0,0,0,0,0,0,0,0,0,0,0,0,0,4,2,2,4,6,0,0,2,2,0,0,0,0,0,0,0,0,0,0,0,0
"עידן עובד בתכנית שמשודרת כל יום לבני נוער וקוראים לה: 
""אז מה דעתךָ?"".",9.12,19,0,12,13,51,3.923,0,7,0,3,0,0,0,0,0,0,0,0,0,0,0,2,0,8,2,0,4,2,2,4,2,2,0,2,0,0,2,2,0,2,2,0,0,2
התפקיד של עידן זה לחפש כתבות מעניינות על בני נוער בעיתון.,6.58,14,0,10,11,46,4.182,0,1,0,1,0,0,0,0,0,0,0,0,0,0,0,0,0,10,2,2,2,4,0,0,0,2,0,0,0,0,0,0,2,2,0,0,0,3
הוא צריך להזמין את בני הנוער מהכתבות להתראיין בתכנית הטלוויזיה.,6.54,15,0,9,10,53,5.3,0,1,0,1,0,0,0,0,0,0,0,0,0,0,0,0,0,6,4,0,4,6,0,0,0,4,0,0,0,2,0,0,2,0,0,0,2,2
עידן עבר על כל העיתונים ולא מצא כתבה מעניינת להביא לתכנית.,7.54,15,0,10,11,47,4.273,0,1,0,1,0,0,0,0,0,0,0,0,0,0,0,0,0,6,6,2,2,4,2,0,2,0,0,2,0,0,0,0,0,2,2,0,0,2
עידן הוציא מסטיק מהקופסה ששמר במגירה שלו והסתכל על גיא.,8.2,15,0,9,10,45,4.5,0,1,0,1,0,0,0,0,0,0,0,0,0,0,0,0,0,6,6,0,4,4,2,0,2,2,0,0,0,0,0,2,0,2,0,0,0,2
גיא הוא הכתב הבָּכִיר (המנהל) בתכנית.,5.78,11,0,5,8,26,3.25,0,6,0,1,0,0,0,0,0,0,0,0,0,0,0,0,0,6,0,2,2,6,0,2,0,0,0,0,0,0,0,2,0,0,0,0,0,1
גיא הוציא מן המגירה בשולחן שלו קופסת סיגריות.,5.0,9,0,7,8,37,4.625,0,1,0,1,0,0,0,0,0,0,0,0,0,0,0,0,0,8,2,0,2,4,0,0,0,2,0,0,0,0,0,0,0,2,0,0,0,2
"הרבה אנשים בעבודה של עידן מעשנים, אבל עידן לא מעשן.",7.73,13,0,9,10,40,4.0,0,2,0,2,0,0,0,0,0,0,0,0,0,0,0,0,0,8,2,0,4,2,0,2,0,0,0,2,2,0,0,0,0,0,2,0,0,3
"עידן חשב: יש אנשים שמכורים לסיגריות (מכור זה מי שמעשן כל הזמן, לא יכול בלי סיגריות).",9.06,18,0,15,16,64,4.0,0,5,0,3,0,0,0,0,0,0,0,0,0,0,0,0,0,10,0,2,2,2,0,4,0,2,0,2,0,0,2,4,2,2,2,0,2,7
אני מכור למשהו אחר.,2.75,4,0,3,4,15,3.75,0,1,0,1,0,0,0,0,0,0,0,0,0,0,0,0,0,2,0,2,2,0,0,2,0,0,0,0,0,0,0,0,2,0,0,0,0,1
"ליתר דיוק זה לא משהו, אלא מישהו.",5.0,7,0,6,7,24,3.429,0,2,0,2,0,0,0,0,0,0,0,0,0,0,0,0,0,4,0,0,2,0,0,0,0,0,0,2,2,0,0,0,4,0,2,0,0,2
"וליתר דיוק זה לא מישהו, אלא מישהי.",5.0,7,0,6,7,26,3.714,0,2,0,2,0,0,0,0,0,0,0,0,0,0,0,0,0,2,2,0,0,0,2,0,0,0,0,2,2,0,0,0,6,0,0,0,0,2
"וליתר דיוק זאת לא סתם מישהי, זו בחורה שפגש ושמה נורית.",8.46,15,0,10,11,42,3.818,0,2,0,2,0,0,0,0,0,0,0,0,0,0,0,0,0,6,2,0,2,0,4,0,0,0,0,6,0,0,0,2,6,0,2,0,0,2
"אני מכור לנורית, אני כל הזמן חושב עליה.",6.0,9,0,7,8,30,3.75,0,2,0,2,0,0,0,0,0,0,0,0,0,0,0,0,0,4,0,0,2,2,0,4,0,0,0,0,0,0,0,0,4,2,2,0,0,3
עידן נזכר בפנים של נורית.,3.83,6,0,4,5,20,4.0,0,1,0,1,0,0,0,0,0,0,0,0,0,0,0,0,0,4,2,0,2,2,0,0,2,0,0,0,0,0,0,0,0,0,0,0,0,1
"הוא ראה בראשו את העיניים הגדולות, הכהות (השחורות), שכל כך אהב.",7.67,17,0,10,11,47,4.273,0,5,0,3,0,0,0,0,0,0,0,0,0,0,0,0,0,4,4,6,2,8,0,0,0,0,0,2,0,2,0,2,2,0,2,0,0,3
נורית הייתה מאוד יפה בעיניו.,2.6,5,0,4,5,23,4.6,0,1,0,1,0,0,0,0,0,0,0,0,0,0,0,0,0,2,0,0,2,0,0,0,2,0,0,4,0,0,0,0,0,0,0,0,0,0
הוא כל הזמן חשב על עיניה השחורות והעצובות.,6.7,12,0,7,8,34,4.25,0,1,0,1,0,0,0,0,0,0,0,0,0,0,0,0,0,4,2,4,0,6,2,0,0,0,0,0,0,0,0,0,2,2,2,0,0,3
"עידן חשב, שנורית עצובה כי יש לה סוד אָפֵל (לא נעים).",6.91,13,0,10,13,36,2.769,0,6,0,2,0,0,0,0,0,0,0,0,0,0,0,0,0,4,2,4,0,0,0,2,2,0,0,2,2,0,0,2,0,2,0,0,0,3
"אם עידן היה פחות ביישן, אולי הוא היה ניגש אל נורית, נותן לה כִּיף, ושואל בטוֹן עליז (שמח): ""הי, מותק, מה הסיפור שלך?",13.68,27,0,22,25,81,3.24,0,13,1,7,0,0,0,0,0,0,0,0,0,0,0,1,0,12,0,6,2,2,2,6,0,0,0,4,2,0,2,0,2,6,0,0,0,8
למה את כזו עצובה?,4.4,6,0,3,4,13,3.25,0,1,1,1,0,0,0,0,0,0,0,0,0,0,0,0,0,0,0,2,2,2,0,0,0,0,0,0,0,2,2,0,2,0,0,0,0,2
"מה, נגמר לך הכסף?""",3.0,6,0,3,4,12,3.0,0,3,0,2,0,0,0,0,0,0,0,0,0,0,0,1,0,2,0,0,0,2,0,2,0,0,0,0,0,0,2,0,0,2,0,0,0,0
אבל לעידן לא היה אומץ.,5.0,6,0,4,5,17,3.4,0,1,0,1,0,0,0,0,0,0,0,0,0,0,0,0,0,4,0,0,2,2,0,0,0,0,0,2,2,0,0,0,0,0,0,0,0,3
עידן פחד לפנות אל נורית.,2.75,4,0,4,5,19,3.8,0,1,0,1,0,0,0,0,0,0,0,0,0,0,0,0,0,2,4,0,0,0,0,0,2,0,0,0,0,0,0,0,0,2,0,0,0,1
"פתאום עידן שמע את קולו של גיא, הכתב הבָּכִיר:
""יש משהו חדש בעיתונים?""",7.07,16,0,12,15,49,3.267,0,9,0,3,0,0,0,0,0,0,0,0,0,0,0,2,0,10,2,2,2,6,0,0,2,2,0,2,0,2,0,0,0,0,0,0,0,2
"עידן הצביע לעבר ערמת העיתונים שעל השולחן שלו ואמר:
""ביבי, שרה, אין חדש....הכל כרגיל"".",8.69,16,0,13,15,62,4.133,0,11,0,8,0,0,0,0,0,0,0,0,0,0,0,2,0,6,2,0,0,4,2,2,4,2,0,2,0,0,0,2,0,4,0,0,0,3
"ושוב, עידן חזר לחשוב על נורית.",4.17,6,0,5,6,23,3.833,0,2,0,2,0,0,0,0,0,0,0,0,0,0,0,0,0,2,6,0,0,0,2,0,0,0,0,2,0,0,0,0,0,2,0,0,0,1
"הוא ניסה לחשוב רק על תכנית הטלוויזיה שצריך להכין, אבל לא הצליח.",8.17,14,0,11,12,50,4.167,0,2,0,2,0,0,0,0,0,0,0,0,0,0,0,0,0,2,8,0,0,2,0,0,0,2,0,4,2,0,0,2,2,2,0,0,2,5
הוא כל הזמן דמיין את העיניים הכהות והעצובות של נורית.,7.54,13,0,9,10,43,4.3,0,1,0,1,0,0,0,0,0,0,0,0,0,0,0,0,0,6,2,4,0,8,2,0,0,0,0,0,0,2,0,0,2,0,2,0,0,4
"הוא ידע, שלא יצליח לפתוח איתה בשיחה, כי הוא ביישן.",5.82,13,0,9,10,38,3.8,0,3,0,3,0,0,0,0,0,0,0,0,0,0,0,0,0,2,6,2,2,0,0,0,0,0,0,2,2,0,0,2,4,2,0,0,0,4
"חוץ מזה, הוא ראה את נורית רק פעם אחת, מרחוק, ונורית לא אוהבת שמישהו שהיא לא מכירה פונה אליה בשיחה.",13.28,24,0,19,20,75,3.75,0,4,0,4,0,0,0,0,0,0,0,0,0,0,0,0,0,10,2,2,6,2,2,6,0,0,0,6,0,2,0,4,8,2,0,0,0,5
היא חושבת שזה אדם גַאַוְתָן שמַשְוִיץ.,4.0,7,0,5,13,25,1.923,0,8,0,1,0,0,0,0,0,0,0,0,0,0,0,0,0,4,0,0,0,0,0,2,2,0,0,0,0,0,0,4,4,0,0,0,0,1
"עידן הפסיק לחשוב על נורית כי גיא המשיך ודיבר: 
""כבר אחת וחצי ועוד אין לנו אף נושא לתכנית!",12.18,23,0,17,18,68,3.778,0,4,0,2,0,0,0,0,0,0,0,0,0,0,0,1,0,12,2,0,2,4,6,0,0,6,0,4,2,0,0,0,0,4,2,0,0,5
מה נגיד לצופים שלנו?,4.29,7,0,3,4,16,4.0,0,1,1,1,0,0,0,0,0,0,0,0,0,0,0,0,0,2,2,0,2,2,0,0,0,0,0,0,0,0,2,2,0,2,0,0,0,1
"שהיום אין תכנית כי לא מצאנו כתבה מעניינת?""",4.88,8,0,7,8,33,4.125,0,2,0,1,0,0,0,0,0,0,0,0,0,0,0,1,0,6,2,2,0,2,0,0,0,0,0,2,2,0,0,2,0,0,0,0,0,3
בדיוק עכשיו אופיר נכנס לחדר.,4.67,7,0,4,5,23,4.6,0,1,0,1,0,0,0,0,0,0,0,0,0,0,0,0,0,2,2,0,2,2,0,0,2,0,0,4,0,0,0,0,0,0,0,0,0,0
גם אופיר עובד בתכנית.,3.6,6,0,3,4,17,4.25,0,1,0,1,0,0,0,0,0,0,0,0,0,0,0,0,0,2,0,0,2,2,0,2,2,0,0,2,0,0,0,0,0,0,0,0,0,1
"אופיר אמר: ""זאת הבעיה שלךָ!""",3.17,6,0,4,5,19,3.8,0,5,0,2,0,0,0,0,0,0,0,0,0,0,0,2,0,2,2,0,0,2,0,0,2,0,0,0,0,0,0,0,2,2,0,0,0,0
"גיא עשה פרצוף כועס והמשיך לדבר: 
""זו לא הבעיה שלי.",7.46,13,0,9,10,37,3.7,0,4,0,2,0,0,0,0,0,0,0,0,0,0,0,1,0,8,4,0,2,4,2,2,0,0,0,2,0,0,0,0,2,0,0,0,0,1
זו הבעיה של התכנית.,3.8,6,0,3,4,15,3.75,0,1,0,1,0,0,0,0,0,0,0,0,0,0,0,0,0,4,0,0,0,4,0,0,0,0,0,0,0,0,0,0,2,0,0,0,0,1
"אתם, הכתבים, יושבים ולא עושים כלום.",5.38,9,0,5,6,27,4.5,0,3,0,3,0,0,0,0,0,0,0,0,0,0,0,0,0,4,0,0,0,2,2,4,0,0,0,2,0,0,0,0,2,0,0,0,0,0
"מקסימום מגרשים זבובים מהפנים"".",3.2,6,0,3,4,25,6.25,0,2,0,1,0,0,0,0,0,0,0,0,0,0,0,1,0,6,0,0,2,2,0,2,0,0,0,0,0,0,0,0,0,0,0,0,0,0
"אופיר אמר:
""הבעיה היא לבחור את מי מראיינים.",4.0,6,0,7,8,33,4.125,0,4,0,2,0,0,0,0,0,0,0,0,0,0,0,1,0,2,2,0,0,0,0,0,4,2,0,0,0,2,0,0,0,0,0,0,0,3
"אתה, גיא, החלטת שנראיין רק בני נוער שעשו משהו יוצא דופן (מאוד מיוחד) כמו נער שטיפס על הר האוורסט (ההר הכי גבוה בעולם), נערה שעובדת כדוגמנית בארצות הברית או נער שגילה פצצה רגע לפני שהתפוצצה.",21.81,43,0,34,35,147,4.2,0,8,0,4,0,0,0,0,0,0,0,0,0,0,0,0,0,26,12,4,8,8,0,0,2,12,0,4,2,0,0,10,2,6,0,0,0,5
אין הרבה בני נוער כאלו.,3.33,7,0,4,5,18,3.6,0,1,0,1,0,0,0,0,0,0,0,0,0,0,0,0,0,2,0,0,2,2,0,0,0,2,0,0,0,0,0,0,2,0,2,0,0,1
אין הרבה מקרים כאלו.,3.0,6,0,3,4,16,4.0,0,1,0,1,0,0,0,0,0,0,0,0,0,0,0,0,0,2,0,0,2,2,0,0,0,0,0,0,0,0,0,0,2,0,2,0,0,1
"זו הסיבה שקשה לנו למצוא נושאים לתכנית"" .",5.7,12,0,7,7,31,4.429,0,2,0,1,0,0,0,0,0,0,0,0,0,0,0,1,0,6,2,0,2,4,0,0,0,0,0,0,0,0,0,2,2,2,0,0,2,1
"גיא שאל את אופיר:
""ומה אתה מציע?",3.0,6,0,6,7,23,3.286,0,4,1,2,0,0,0,0,0,0,0,0,0,0,0,1,0,2,2,0,0,0,0,2,2,0,0,0,0,2,0,0,2,0,0,0,0,2
"שנבטל את התכנית עד שנמצא מישהו עם סיפור מיוחד ויוצא דופן?""",6.85,13,0,10,11,46,4.182,0,2,0,1,0,0,0,0,0,0,0,0,0,0,0,1,0,8,4,2,0,2,2,2,0,0,0,0,0,2,0,4,0,4,0,0,0,3
"אופיר נעמד מול גיא ואמר: ""לא, אני מציע משהו הרבה יותר פשוט"".",6.45,12,0,11,12,44,3.667,0,5,0,3,0,0,0,0,0,0,0,0,0,0,0,2,0,4,4,0,0,0,2,2,2,0,0,8,0,0,0,0,2,2,0,0,0,3
"""כלומר?""",2.0,3,0,0,1,5,5.0,0,3,0,1,0,0,0,0,0,0,0,0,0,0,0,2,0,0,2,0,2,2,0,0,0,0,0,0,0,0,0,0,0,0,0,0,0,0
שאל גיא.,1.0,1,0,1,2,6,3.0,0,1,0,1,0,0,0,0,0,0,0,0,0,0,0,0,0,2,2,0,0,0,0,0,0,0,0,0,0,0,0,0,0,0,0,0,0,0
"ואופיר ענה: ""נשנה את הנושאים של התכנית"".",4.88,9,0,6,7,30,4.286,0,4,0,2,0,0,0,0,0,0,0,0,0,0,0,2,0,4,4,0,0,4,0,0,2,0,0,0,0,2,0,0,0,0,0,0,0,2
"עידן, שעד עכשיו האזין (הקשיב) לגיא ואופיר, התערב ואמר:  
""זה נשמע מעניין"".",6.31,13,0,11,12,53,4.417,0,9,0,4,0,0,0,0,0,0,0,0,0,0,0,2,0,6,8,0,4,2,4,2,2,0,0,2,0,0,0,2,2,2,0,0,0,0
"""תודה"", חייך אופיר לעידן.",3.2,6,0,3,4,18,4.5,0,4,0,2,0,0,0,0,0,0,0,0,0,0,0,2,0,2,2,0,2,2,0,0,2,0,0,0,0,0,0,0,0,0,0,0,0,0
"אופיר פנה אל גיא ואמר: ""מה שאני מציע , זה להכניס לתכנית שלנו גם חדשות רגילות, ולשאול בני נוער מה דעתם על החדשות האלה"".",7.33,19,0,23,23,89,3.87,0,6,0,4,0,0,0,0,0,0,0,0,0,0,0,2,0,12,8,2,2,6,4,2,2,2,0,2,0,0,4,2,6,6,0,0,0,6
"גיא ענה: ""זה נשמע מאוד יפה, אבל אתה יכול לתת לי דוגמא?""",6.09,11,0,11,12,39,3.25,0,5,0,3,0,0,0,0,0,0,0,0,0,0,0,2,0,2,6,2,0,0,0,0,2,0,0,2,2,0,0,0,4,2,0,0,2,4
"""אין בעיה"", אופיר אמר.",3.33,4,0,3,4,15,3.75,0,4,0,2,0,0,0,0,0,0,0,0,0,0,0,2,0,2,2,0,0,0,0,0,2,0,0,2,0,0,0,0,0,0,0,0,0,0
"""למשל החַמְסִין.",3.0,3,0,1,5,10,2.0,0,5,0,1,0,0,0,0,0,0,0,0,0,0,0,1,0,2,0,0,0,2,0,0,0,0,0,0,2,0,0,0,0,0,0,0,0,0
"כולם מזיעים, כולם מקטרים.",2.0,2,0,3,4,20,5.0,0,2,0,2,0,0,0,0,0,0,0,0,0,0,0,0,0,0,0,0,0,0,0,4,0,0,0,0,0,0,0,0,4,0,0,0,0,2
"למה שלא נביא לאולפן כמה חבר'ה, שיספרו אייך הם מסתדרים עם החום ואייך הם מצליחים לעשות כֵּיף ולבלות גם כשמאד חם?""",13.85,28,0,20,23,85,3.696,0,6,0,3,0,0,0,0,0,0,0,0,0,0,0,2,0,8,8,2,4,4,4,4,0,0,6,6,0,0,6,4,4,2,2,0,0,5
"גיא חשב שזה לא רעיון כל כך טוב ואמר: 
""אתה חושב שכל עם ישראל ישמח לשמוע מה נערה או נער עושים בחַמְסִין?"".",13.04,24,0,21,25,75,3.0,0,9,0,3,0,0,0,0,0,0,0,0,0,0,0,2,0,8,8,2,2,2,2,4,4,2,0,4,2,0,2,4,4,0,4,0,0,6
"אופיר ענה: ""כן!",2.0,2,0,2,3,10,3.333,0,3,0,2,0,0,0,0,0,0,0,0,0,0,0,1,0,0,2,0,0,0,0,0,2,0,0,2,0,0,0,0,0,0,0,0,0,0
"אני חושב שכל בני הנוער שצופים בנו ישמחו לשמוע אייך חברים שלהם, בני גילם, מסתדרים עם החַמְסִין.",10.05,18,0,16,20,72,3.6,0,6,0,3,0,0,0,0,0,0,0,0,0,0,0,0,0,8,4,0,0,4,0,6,0,4,0,0,0,0,2,4,2,4,2,0,0,2
"אחרי הכל, לתכנית שלנו קוראים 'אז מה דעתךָ' וזה הגיוני שבני נוער יביעו את דעותיהם"".",9.61,19,0,14,15,62,4.133,0,6,0,4,0,0,0,0,0,0,0,0,0,0,0,3,0,8,2,2,2,4,2,2,0,2,0,2,0,2,2,2,2,4,2,0,0,4
"שוב, עידן התחיל לחשוב על נורית.",3.6,5,0,5,6,24,4.0,0,2,0,2,0,0,0,0,0,0,0,0,0,0,0,0,0,2,4,0,0,0,0,0,2,0,0,2,0,0,0,0,0,2,0,0,0,1
"הוא חשב: 
אולי כדאי שאצלצל אליה ואזמין אותה להתארח בתכנית?",7.57,16,0,9,10,46,4.6,0,3,1,2,0,0,0,0,0,0,0,0,0,0,0,0,0,2,8,0,2,2,2,0,0,0,0,2,0,2,0,2,2,2,0,0,2,3
"אציג את עצמי כעיתונאי שעובד בתכנית הנוער של הטלוויזיה ואשאל אם היא מעוניינת להגיע לאולפן, לשידור חי, לספר אייך היא מסתדרת עם החַמְסִין.",15.71,32,0,22,26,107,4.115,0,6,0,3,0,0,0,0,0,0,0,0,0,0,0,0,0,14,8,2,10,10,2,4,0,2,0,0,2,2,2,2,6,2,0,0,0,7
"אחרי שהיא תגיע, אני אוכל להמשיך ולשוחח איתה ולהציע לה להיפגש שוב, רק שנינו.",8.62,16,0,13,14,59,4.214,0,3,0,3,0,0,0,0,0,0,0,0,0,0,0,0,0,0,10,0,0,0,4,0,0,0,0,4,0,0,0,2,6,6,0,0,2,5
"אבל גיא הפריע למחשבות של עידן ואמר: 
""אני מודיע לךָ, שבני הנוער יפסיקו לצפות בתכנית שלנו ברגע שהם יישמעו פטפוטים על החַמְסִין.",15.41,29,0,21,25,96,3.84,0,9,0,3,0,0,0,0,0,0,0,0,0,0,0,1,0,14,12,0,6,6,2,2,2,2,0,0,2,0,0,6,4,4,0,0,0,4
הם יירדמו מרב שעמום.,3.2,5,0,3,4,16,4.0,0,1,0,1,0,0,0,0,0,0,0,0,0,0,0,0,0,2,2,2,2,0,0,0,0,0,0,0,0,0,0,2,2,0,0,0,0,1
"הם יתחילו לנחור"", גיא גִחֵךְ (צחק).",3.0,5,0,5,8,22,2.75,0,8,0,2,0,0,0,0,0,0,0,0,0,0,0,1,0,2,8,0,0,0,0,0,0,0,0,0,0,0,0,0,2,0,0,0,0,1
"אופיר ניסה שוב: ""אז אולי לא בחרתי בדוגמא טובה, אולי צריך לערב את הנוער בחדשות קצת יותר מעניינות""
""כמו מה?""",10.95,22,0,19,20,80,4.0,0,8,0,3,0,0,0,0,0,0,0,0,0,0,0,4,0,8,6,2,6,2,0,0,2,0,0,12,0,2,2,0,0,0,2,0,2,5
גיא שאל.,1.5,2,0,1,2,6,3.0,0,1,0,1,0,0,0,0,0,0,0,0,0,0,0,0,0,2,0,0,0,0,0,0,0,0,0,2,0,0,0,2,0,0,0,0,0,0
אופיר ניגש לשולחן של עידן והתחיל לדפדף בעיתונים.,6.45,13,0,7,8,40,5.0,0,1,0,1,0,0,0,0,0,0,0,0,0,0,0,0,0,6,6,0,4,4,2,0,2,0,0,0,0,0,0,0,0,0,0,0,0,1
"""למשל, יש כאן סיפור מהחיים.",3.33,7,0,4,5,20,4.0,0,3,0,2,0,0,0,0,0,0,0,0,0,0,0,1,0,4,0,0,2,2,0,0,0,0,0,2,2,0,0,0,0,0,0,0,0,2
"דיירים ברחוב מסוים בתל אביב, מתארגנים להַפְגָנָה נגד משרד הרווחה (משרד של הממשלה).",8.71,19,0,12,17,62,3.647,0,8,0,2,0,0,0,0,0,0,0,0,0,0,0,0,0,14,0,2,8,4,0,2,0,4,0,0,0,0,0,0,0,2,0,0,0,2
"הם כועסים, כי משרד הרווחה שכר דירה בשכונה לשישה אנשים עם צרכים מיוחדים.",7.6,15,0,12,13,57,4.385,0,2,0,2,0,0,0,0,0,0,0,0,0,0,0,0,0,8,2,2,4,4,0,2,0,4,0,0,2,0,0,0,2,2,0,0,0,3
"הדיירים הוותיקים טוענים, שהאנשים עם הצרכים המיוחדים ישפיעו לרעה על ילדי השכונה (יגרמו להם נזק).",11.0,21,0,14,15,77,5.133,0,4,0,2,0,0,0,0,0,0,0,0,0,0,0,0,0,10,4,4,4,12,0,4,0,2,0,0,0,0,0,2,2,4,0,0,0,3
"ובכלל, אם אנשים עם צרכים מיוחדים גרים בשכונה, אנשים לא ירצו לקנות בה בתים"".",9.5,16,0,13,14,58,4.143,0,4,0,3,0,0,0,0,0,0,0,0,0,0,0,1,0,8,4,2,2,2,2,2,0,2,0,4,2,0,0,0,0,4,0,0,0,3
"גיא חשב שזה רעיון מעניין ושאל: ""ומה אתה מציע?""",6.4,12,0,8,9,34,3.778,0,4,0,2,0,0,0,0,0,0,0,0,0,0,0,2,0,2,4,2,0,0,4,2,2,0,0,0,0,0,2,2,4,0,0,0,0,1
"אופיר התלהב ואמר: 
""אפשר להזמין בני נוער לאולפן הטלוויזיה ולשוחח איתם על הנושא.",8.88,18,0,12,13,63,4.846,0,4,0,2,0,0,0,0,0,0,0,0,0,0,0,1,0,6,10,0,2,4,4,0,2,4,0,0,0,0,0,0,0,2,0,0,2,2
"לשאול מה הם חושבים על שכנים עם צרכים מיוחדים"".",4.88,8,0,8,9,36,4.0,0,2,0,1,0,0,0,0,0,0,0,0,0,0,0,1,0,4,2,2,0,0,0,2,0,0,0,0,0,0,2,0,2,4,0,0,0,4
עידן חשב שזה רעיון נהדר הוא ניגש לטלפון והתחיל לחייג את המספר של נורית.,8.56,16,0,13,14,57,4.071,0,1,0,1,0,0,0,0,0,0,0,0,0,0,0,0,0,6,6,2,2,2,2,2,4,0,0,0,0,2,0,2,4,0,0,0,0,3
זו הפעם הראשונה שהוא מעז להתקשר אליה.,5.33,9,0,6,7,30,4.286,0,1,0,1,0,0,0,0,0,0,0,0,0,0,0,0,0,2,2,0,0,4,0,2,0,0,0,0,0,0,0,2,4,2,0,0,0,0
"נורית ענתה לטלפון ועידן דיבר:
""נורית?",4.43,7,0,5,6,29,4.833,0,4,1,2,0,0,0,0,0,0,0,0,0,0,0,1,0,2,4,0,2,2,2,0,4,0,0,0,0,0,0,0,0,0,0,0,0,0
מדבר עידן מהתוכנית 'אז מה דעתךָ?' .,4.86,8,0,6,6,24,4.0,0,5,0,4,0,0,0,0,0,0,0,0,0,0,0,2,0,6,0,0,2,2,0,0,0,2,0,2,0,0,2,0,0,0,0,0,0,1
"את מכירה את התכנית שלנו?""",3.83,6,0,4,5,19,3.8,0,2,0,1,0,0,0,0,0,0,0,0,0,0,0,1,0,2,0,0,0,2,0,2,0,0,0,0,0,2,0,0,2,2,0,0,0,2
"נורית ענתה שהיא מכירה את התכנית ועידן המשיך: 
""יופי, אני שמח לשמוע.",8.0,15,0,11,12,51,4.25,0,5,0,3,0,0,0,0,0,0,0,0,0,0,0,1,0,4,4,2,0,4,2,2,2,2,0,0,0,2,0,2,4,0,0,0,0,2
אז רציתי לשאול אותך אם בא לך לקפוץ לאולפן שלנו היום או מחר.,8.75,18,0,12,13,46,3.538,0,1,0,1,0,0,0,0,0,0,0,0,0,0,0,0,0,2,8,0,2,2,0,0,0,0,0,6,4,2,0,2,0,4,0,0,0,5
"אנחנו רוצים לארח כמה בני נוער, שיגידו מה דעתם בעניין חשוב.",6.0,11,0,10,11,46,4.182,0,2,0,2,0,0,0,0,0,0,0,0,0,0,0,0,0,6,4,2,2,0,0,2,0,2,0,0,0,0,2,2,2,0,2,0,0,2
בטח קראת בעיתון את הסיפור הזה על הדיירים שמארגנים הפגנה נגד שכנים עם צרכים מיוחדים.,10.5,20,0,14,15,68,4.533,0,1,0,1,0,0,0,0,0,0,0,0,0,0,0,0,0,10,2,2,2,8,0,2,0,2,0,2,0,2,0,4,2,6,0,0,0,4
נכון שזאת בעיה?,2.33,4,0,2,3,12,4.0,0,1,1,1,0,0,0,0,0,0,0,0,0,0,0,0,0,2,0,2,0,0,0,0,0,0,0,0,0,0,0,2,2,0,0,0,0,0
"תארי לעצמך שאת קונה וילה מפוארת בשכונה ופתאום מגיעים שישה אנשים עם צרכים מיוחדים להיות שכנים שלך ו...""
פתאום, עידן הזיז את הטלפון מהאוזן והסתכל עליו כאילו ראה שד מפחיד.",19.03,39,0,29,30,133,4.433,0,7,0,5,0,0,0,0,0,0,0,0,0,0,0,1,0,16,8,6,6,6,6,2,0,8,0,4,2,4,0,2,0,6,0,0,0,5
אופיר וגיא הסתכלו על עידן בהפתעה.,4.62,9,0,5,6,27,4.5,0,1,0,1,0,0,0,0,0,0,0,0,0,0,0,0,0,4,2,0,2,2,2,0,4,0,0,0,0,0,0,0,0,2,0,0,0,1
"""מה קרה?""",2.0,2,0,1,2,5,2.5,0,3,0,1,0,0,0,0,0,0,0,0,0,0,0,2,0,0,0,2,0,0,0,0,0,0,0,0,0,0,2,0,0,0,0,0,0,0
אופיר התקרב לעידן.,3.0,5,0,2,3,15,5.0,0,1,0,1,0,0,0,0,0,0,0,0,0,0,0,0,0,2,2,0,2,2,0,0,2,0,0,0,0,0,0,0,0,0,0,0,0,0
"וגיא שאל: 
""היא טרקה לך את הטלפון בפרצוף בגלל שהנושא לא מעניין אותה?""",12.11,22,0,12,13,52,4.0,0,5,0,2,0,0,0,0,0,0,0,0,0,0,0,2,0,8,2,0,2,6,2,2,0,0,0,2,0,4,0,4,2,6,0,0,0,3
"עידן מלמל (דיבר בשקט):
""היא אמרה שיש לה אחות עם צרכים מיוחדים, ילדה נהדרת שהיא אוהבת מאוד ושגרה איתה באותו החדר.",13.23,29,0,20,21,86,4.095,0,7,0,3,0,0,0,0,0,0,0,0,0,0,0,1,0,10,2,4,4,2,2,4,6,0,0,2,0,0,0,6,2,6,2,0,0,3
"היא אמרה שזה כל מה שיש לה להגיד בעניין הזה, וסגרה את הטלפון"".",9.78,18,0,12,13,46,3.538,0,3,0,2,0,0,0,0,0,0,0,0,0,0,0,1,0,4,6,0,2,6,2,0,0,0,0,0,0,2,2,4,6,2,2,0,0,5
"בערב, ארז ואימא רבו.",4.17,7,0,3,4,15,3.75,0,2,0,2,0,0,0,0,0,0,0,0,0,0,0,0,0,4,4,0,2,2,2,0,0,0,0,0,0,0,0,0,0,0,0,0,0,0
אימא כעסה על ארז.,2.33,3,0,3,4,13,3.25,0,1,0,1,0,0,0,0,0,0,0,0,0,0,0,0,0,4,2,0,0,0,0,0,0,0,0,0,0,0,0,0,0,2,0,0,0,1
"אימא צעקה: ""אתה לא תלמיד טוב!""",4.2,5,0,5,6,21,3.5,0,4,0,2,0,0,0,0,0,0,0,0,0,0,0,2,0,4,0,2,0,0,0,0,0,2,0,2,0,0,0,0,2,0,0,0,0,1
"אימא צעקה: ""אתה לא עוזר בבית!""",5.0,8,0,5,6,21,3.5,0,4,0,2,0,0,0,0,0,0,0,0,0,0,0,2,0,4,0,0,2,2,0,2,0,2,0,2,0,0,0,0,2,0,0,0,0,1
"אימא צעקה: ""תלך לעבוד!""",2.33,3,0,3,4,16,4.0,0,4,0,2,0,0,0,0,0,0,0,0,0,0,0,2,0,2,4,0,0,0,0,0,0,2,0,0,0,0,0,0,0,0,0,0,0,0
ארז היה עצבני.,2.0,2,0,2,3,11,3.667,0,1,0,1,0,0,0,0,0,0,0,0,0,0,0,0,0,2,0,2,0,0,0,0,0,0,0,0,0,0,0,0,0,0,0,0,0,1
לארז לא נעים כשאימא צועקת.,4.71,8,0,4,5,21,4.2,0,1,0,1,0,0,0,0,0,0,0,0,0,0,0,0,0,4,2,0,2,2,0,2,0,0,6,2,0,0,0,0,0,0,0,0,0,1
"ארז החליט לצאת מהבית ולנסוע לחברה שלו, אורית.",6.83,12,0,7,8,36,4.5,0,2,0,2,0,0,0,0,0,0,0,0,0,0,0,0,0,4,6,0,4,4,2,0,4,0,0,0,0,0,0,0,0,0,0,0,0,0
ארז נסע על הטוּסטוּס (אופנוע) לבית של אורית.,4.56,9,0,7,10,32,3.2,0,5,0,1,0,0,0,0,0,0,0,0,0,0,0,0,0,6,2,0,2,4,0,0,4,0,0,0,0,0,0,0,0,2,0,0,0,2
ארז סיפר לאורית את כל מה שאימא אמרה.,4.75,10,0,7,8,28,3.5,0,1,0,1,0,0,0,0,0,0,0,0,0,0,0,0,0,2,4,0,2,0,0,0,4,0,0,0,0,2,2,2,0,0,2,0,0,3
ארז היה עצוב.,2.0,2,0,2,3,10,3.333,0,1,0,1,0,0,0,0,0,0,0,0,0,0,0,0,0,2,0,2,0,0,0,0,0,0,0,0,0,0,0,0,0,0,0,0,0,1
ארז הרגיש לא טוב.,2.5,5,0,3,4,13,3.25,0,1,0,1,0,0,0,0,0,0,0,0,0,0,0,0,0,2,0,4,0,2,0,0,0,0,0,2,0,0,0,0,0,0,0,0,0,1
ארז בכה.,2.0,2,0,1,2,6,3.0,0,1,0,1,0,0,0,0,0,0,0,0,0,0,0,0,0,0,2,0,0,0,0,0,2,0,0,0,0,0,0,0,0,0,0,0,0,0
"ארז שאל את אורית: ""כדאי לחזור הביתה?""",3.83,6,0,6,7,27,3.857,0,4,0,2,0,0,0,0,0,0,0,0,0,0,0,2,0,0,4,0,0,0,0,0,4,0,0,2,0,2,0,0,0,0,0,0,2,1
"אורית ענתה: ""בטח.",3.0,5,0,2,3,12,4.0,0,3,0,2,0,0,0,0,0,0,0,0,0,0,0,1,0,0,2,0,2,2,0,2,2,0,0,0,0,0,0,0,0,0,0,0,0,0
"אימא כועסת, אבל מאוד אוהבת אותך.",4.67,6,0,5,6,25,4.167,0,2,0,2,0,0,0,0,0,0,0,0,0,0,0,0,0,2,0,0,0,0,0,4,0,0,0,2,2,2,0,0,0,0,0,0,0,1
"תחזור הביתה ותדבר עם אימא"".",3.2,5,0,4,5,21,4.2,0,2,0,1,0,0,0,0,0,0,0,0,0,0,0,1,0,2,4,0,0,0,2,0,0,0,0,2,0,0,0,0,0,2,0,0,0,1
ארז לא רצה לחזור הביתה.,3.25,4,0,4,5,18,3.6,0,1,0,1,0,0,0,0,0,0,0,0,0,0,0,0,0,0,4,0,0,0,0,0,2,0,0,4,0,0,0,0,0,0,0,0,0,1
ארז רצה ללכת לנסוע על הטוּסטוּס.,4.5,9,0,5,8,24,3.0,0,3,0,1,0,0,0,0,0,0,0,0,0,0,0,0,0,6,2,0,2,4,0,2,0,0,0,0,0,0,0,0,0,2,0,0,0,1
"אורית אמרה: ""ארז, תישאר עוד קצת.",3.2,6,0,5,6,23,3.833,0,4,0,3,0,0,0,0,0,0,0,0,0,0,0,1,0,2,4,0,0,0,0,0,2,0,0,4,0,0,0,0,0,0,0,0,0,0
"אכין לך קפה, אתן לך מים קרים.",3.0,8,0,6,7,21,3.0,0,2,0,2,0,0,0,0,0,0,0,0,0,0,0,0,0,2,2,2,0,0,0,0,0,2,0,0,0,0,0,0,2,4,0,0,0,1
תנוח קצת במיטה.,2.5,5,0,2,3,12,4.0,0,1,0,1,0,0,0,0,0,0,0,0,0,0,0,0,0,2,2,0,2,2,0,0,0,0,0,2,0,0,0,0,0,0,0,0,0,0
"אתה לא יכול לנסוע על הטוּסטוּס שלך, כי אתה עצבני וזה מסוכן.",7.69,15,0,11,14,44,3.143,0,4,0,2,0,0,0,0,0,0,0,0,0,0,0,0,0,2,2,4,0,2,2,0,0,0,0,2,2,0,0,0,6,4,0,0,2,6
"יכולה לקרות תאונה"".",1.5,2,0,2,3,15,5.0,0,2,0,1,0,0,0,0,0,0,0,0,0,0,0,1,0,0,4,0,0,0,0,0,0,0,0,0,0,0,0,0,0,0,0,0,2,1
"אבל, ארז לא רצה להישאר בבית של אורית.",5.38,8,0,7,8,28,3.5,0,2,0,2,0,0,0,0,0,0,0,0,0,0,0,0,0,2,4,0,2,2,0,0,4,0,0,2,2,0,0,0,0,0,0,0,0,2
כבר לילה.,2.0,2,0,1,2,7,3.5,0,1,0,1,0,0,0,0,0,0,0,0,0,0,0,0,0,2,0,0,0,0,0,0,0,0,0,2,0,0,0,0,0,0,0,0,0,0
ארז יצא מהבית של אורית.,3.83,6,0,4,5,18,3.6,0,1,0,1,0,0,0,0,0,0,0,0,0,0,0,0,0,2,2,0,2,2,0,0,4,0,0,0,0,0,0,0,0,0,0,0,0,1
ארז חבש קַסדָה (כובע חזק) ועלה על הטוּסטוּס שלו.,5.7,10,0,8,13,33,2.538,0,7,0,1,0,0,0,0,0,0,0,0,0,0,0,0,0,6,4,2,0,2,2,0,2,0,0,0,0,0,0,0,0,2,0,0,0,1
ארז נסע מהר בכביש ופתאום התנגש בעמוד חשמל.,6.36,12,0,7,8,34,4.25,0,1,0,1,0,0,0,0,0,0,0,0,0,0,0,0,0,4,6,0,4,4,2,0,2,0,0,4,0,0,0,0,0,0,0,0,0,0
ארז נפצע קשה.,2.0,2,0,2,3,10,3.333,0,1,0,1,0,0,0,0,0,0,0,0,0,0,0,0,0,0,2,0,0,0,0,0,2,0,0,2,0,0,0,0,0,0,0,0,0,0
אַמְבּוּלַנְס הגיע ולקח את ארז לבית החולים.,4.75,10,0,6,13,30,2.308,0,7,0,1,0,0,0,0,0,0,0,0,0,0,0,0,0,4,4,0,2,2,2,2,0,2,0,0,0,2,0,0,0,0,0,0,0,1
אימא ואורית באו לראות את ארז בבית החולים.,4.62,10,0,7,8,33,4.125,0,1,0,1,0,0,0,0,0,0,0,0,0,0,0,0,0,4,4,0,2,2,0,2,0,4,0,0,0,2,0,0,0,0,0,0,0,1
"ארז שכב במיטה בלי לזוז, הוא היה בלי הַכָּרָה (ישן חזק מאוד).",5.83,11,0,11,15,41,2.733,0,8,0,2,0,0,0,0,0,0,0,0,0,0,0,0,0,4,4,4,2,2,0,0,2,0,0,2,0,0,0,0,2,4,0,0,0,4
על הגוף של ארז היו תחבושות.,3.83,6,0,5,6,21,3.5,0,1,0,1,0,0,0,0,0,0,0,0,0,0,0,0,0,4,0,0,0,2,0,0,2,0,0,0,0,0,0,0,0,2,0,0,0,2
גם שוטר הגיע לבקר את ארז.,4.0,7,0,5,6,19,3.167,0,1,0,1,0,0,0,0,0,0,0,0,0,0,0,0,0,6,2,0,2,2,0,0,0,0,0,2,0,2,0,0,0,0,0,0,0,2
"השוטר חשב: 
האם ארז עשה תאוּנה?",4.0,6,0,5,7,22,3.143,0,4,1,2,0,0,0,0,0,0,0,0,0,0,0,0,0,4,6,0,0,2,0,0,0,0,0,0,0,0,2,0,0,0,0,0,0,0
"אם זו תאוּנה, רק במקרה ארז התנגש בעמוד.",5.56,11,0,7,9,29,3.222,0,3,0,2,0,0,0,0,0,0,0,0,0,0,0,0,0,4,4,0,4,2,0,0,0,2,0,2,2,0,0,0,2,0,0,0,0,2
זו הייתה טעות.,3.0,3,0,2,3,11,3.667,0,1,0,1,0,0,0,0,0,0,0,0,0,0,0,0,0,2,0,0,0,0,0,0,0,0,0,0,0,0,0,0,2,0,0,0,0,0
"או 
האם ארז רצה להתאַבֵּד (למוּת)?",4.43,8,0,5,9,21,2.333,0,8,1,1,0,0,0,0,0,0,0,0,0,0,0,0,0,2,4,0,2,2,0,2,0,0,0,0,2,0,2,0,0,0,0,0,0,1
"אם זו התאַבְּדוּת, ארז רצה להתנגש בעמוד.",4.75,9,0,6,10,28,2.8,0,6,0,2,0,0,0,0,0,0,0,0,0,0,0,0,0,6,4,0,2,2,0,0,0,0,0,0,2,0,0,0,2,0,0,0,0,1
ארז רצה למוּת.,2.0,2,0,2,4,10,2.5,0,2,0,1,0,0,0,0,0,0,0,0,0,0,0,0,0,0,4,0,0,0,0,0,2,0,0,0,0,0,0,0,0,0,0,0,0,0
"השוטר שאל את אימא ואת אורית: ""מה קרה לארז?""",6.55,13,0,8,9,31,3.444,0,4,0,2,0,0,0,0,0,0,0,0,0,0,0,2,0,8,2,0,2,4,2,0,2,0,0,0,0,4,2,0,0,0,0,0,0,2
"אימא אמרה: ""אני לא יודעת, לא הייתי איתו על הטוּסטוּס"".",5.9,12,0,9,12,38,3.167,0,7,0,3,0,0,0,0,0,0,0,0,0,0,0,2,0,4,0,0,0,2,0,2,0,2,0,4,0,0,0,0,2,4,0,0,0,4
"אורית אמרה: ""אני לא יודעת, לא הייתי איתו על הטוּסטוּס"".",5.8,12,0,9,12,39,3.25,0,7,0,3,0,0,0,0,0,0,0,0,0,0,0,2,0,2,2,0,0,2,0,2,2,0,0,4,0,0,0,0,2,4,0,0,0,4
"השוטר אמר:
""כשארז יתעורר הוא יספר לנו מה קרה.",5.12,10,0,8,9,34,3.778,0,4,0,2,0,0,0,0,0,0,0,0,0,0,0,1,0,2,6,0,0,2,0,0,2,0,0,0,0,0,2,0,2,2,0,0,0,3
למה הוא התנגש בעמוד חשמל.,3.67,6,0,4,5,20,4.0,0,1,0,1,0,0,0,0,0,0,0,0,0,0,0,0,0,4,2,0,2,2,0,0,0,0,0,0,0,0,2,0,2,0,0,0,0,2
"בינתיים, אני הולך.",3.0,3,0,2,3,14,4.667,0,2,0,2,0,0,0,0,0,0,0,0,0,0,0,0,0,0,0,0,0,0,0,2,0,0,0,2,0,0,0,0,2,0,0,0,0,1
"אורית, בואי אקח אותך הביתה"".",2.8,4,0,4,5,21,4.2,0,3,0,2,0,0,0,0,0,0,0,0,0,0,0,1,0,0,4,0,0,0,0,0,2,0,0,2,0,2,0,0,0,0,0,0,0,1
אורית והשוטר יצאו מבית החולים.,5.0,9,0,4,5,25,5.0,0,1,0,1,0,0,0,0,0,0,0,0,0,0,0,0,0,2,2,0,2,4,2,2,2,2,0,0,0,0,0,0,0,0,0,0,0,0
"השוטר שאל את אורית: ""את חושבת שארז רצה להתאַבֵּד?""",5.0,9,0,8,11,35,3.182,0,7,0,2,0,0,0,0,0,0,0,0,0,0,0,2,0,2,8,0,0,2,0,0,2,0,0,0,0,4,0,2,0,0,0,0,0,1
"אורית אמרה: ""מה פתאום!",2.67,4,0,3,4,16,4.0,0,3,0,2,0,0,0,0,0,0,0,0,0,0,0,1,0,0,2,0,0,0,0,0,2,0,0,2,0,0,2,0,0,0,0,0,0,0
ארז בחיים לא יעשה לעצמו משהו רע.,4.75,7,0,6,7,25,3.571,0,1,0,1,0,0,0,0,0,0,0,0,0,0,0,0,0,6,2,2,4,2,0,0,0,0,0,2,0,0,0,0,2,0,0,0,0,1
"ארז אוהב לחיות"".",2.0,2,0,2,3,12,4.0,0,2,0,1,0,0,0,0,0,0,0,0,0,0,0,1,0,0,2,0,0,0,0,2,2,0,0,0,0,0,0,0,0,0,0,0,0,0
"השוטר שאל: ""אז למה הוא התנגש בעמוד חשמל?""",5.56,10,0,7,8,30,3.75,0,4,0,2,0,0,0,0,0,0,0,0,0,0,0,2,0,6,4,0,2,4,0,0,0,0,0,2,0,0,2,0,2,0,0,0,0,2
"אורית אמרה: ""זאת הייתה תאונה.",2.0,2,0,4,5,22,4.4,0,3,0,2,0,0,0,0,0,0,0,0,0,0,0,1,0,2,2,0,0,0,0,0,2,0,0,0,0,0,0,0,2,0,0,0,0,0
תאונת דרכים.,1.0,1,0,1,2,10,5.0,0,1,0,1,0,0,0,0,0,0,0,0,0,0,0,0,0,2,0,0,0,0,0,0,0,2,0,0,0,0,0,0,0,0,0,0,0,0
ארז היה עצבני כי רב עם אימא.,3.5,6,0,6,7,21,3.0,0,1,0,1,0,0,0,0,0,0,0,0,0,0,0,0,0,4,2,2,0,0,0,0,0,0,0,0,2,0,0,0,0,2,0,0,0,3
"היו לו מחשבות רבות בראש והוא לא התרכז בָּנהיגה"".",7.31,15,0,8,10,36,3.6,0,4,0,1,0,0,0,0,0,0,0,0,0,0,0,1,0,6,2,2,4,4,2,0,0,0,0,2,0,0,0,0,2,2,0,0,0,2
"אורית המשיכה ואמרה: ""אני לא אספר לאף אחד שאימא של ארז אשמה.",8.0,16,0,11,12,45,3.75,0,3,0,2,0,0,0,0,0,0,0,0,0,0,0,1,0,6,2,0,2,2,2,2,4,0,0,2,0,0,0,2,2,0,2,0,0,2
ארז סיפר לי בסוד שהוא רב עם אימא.,5.6,10,0,7,8,25,3.125,0,1,0,1,0,0,0,0,0,0,0,0,0,0,0,0,0,4,2,0,2,2,0,2,2,0,0,0,0,0,0,2,2,4,0,0,0,2
אני לא מגלה סודות.,3.0,3,0,3,4,14,3.5,0,1,0,1,0,0,0,0,0,0,0,0,0,0,0,0,0,2,0,0,0,0,0,2,0,0,0,2,0,0,0,0,2,0,0,0,0,2
"אני מקווה שארז יחזור להכרה (יתעורר) כמה שיותר מהר, ויחליט בעצמו מה הוא רוצה לספר... לא אכפת לי מה הוא יגיד, העיקר שיתעורר.",14.75,30,0,22,23,92,4.0,0,8,0,6,0,0,0,0,0,0,0,0,0,0,0,0,0,4,12,0,4,4,2,4,2,0,0,8,0,0,4,6,8,2,2,0,0,7
"אם ארז יתעורר ויספר כמה שהוא אוהב את אמא שלו, הנהדרת, אני לא אגלה לאף אחד שזה לא נכון"".",13.41,25,0,18,19,65,3.421,0,4,0,3,0,0,0,0,0,0,0,0,0,0,0,1,0,4,6,4,2,2,2,2,0,0,0,4,4,2,0,4,6,0,2,0,0,5
נטע טיילה ברחוב ונעצרה מול חלון רַאֲוָה של חנות בגדים.,6.18,11,0,9,13,41,3.154,0,4,0,1,0,0,0,0,0,0,0,0,0,0,0,0,0,6,4,0,2,2,2,0,2,4,0,0,0,0,0,0,0,2,0,0,0,2
הרבה בני נוער היו בחנות ונטע לא הבינה למה.,6.2,11,0,8,9,33,3.667,0,1,0,1,0,0,0,0,0,0,0,0,0,0,0,0,0,4,2,0,2,2,2,2,0,2,0,2,0,0,2,0,0,0,2,0,0,1
הרי לא יכול להיות שמחלקים שם בגדים בחינם!,4.14,6,0,7,8,33,4.125,0,1,0,1,0,0,0,0,0,0,0,0,0,0,0,0,0,2,0,0,0,0,0,2,0,0,0,6,2,0,0,2,0,0,0,0,2,5
"נטע הצמידה את העיניים לחלון הראווה ופתאום הבחינה בז'קט 
(מעיל) שחור שתלוי על קולב.",8.94,17,0,13,15,64,4.267,0,5,0,2,0,0,0,0,0,0,0,0,0,0,0,1,0,8,4,2,4,4,2,2,4,2,0,2,0,2,0,2,0,2,0,0,0,2
הז'קט נראה לה מאוד יפה והיא לא יכלה להפסיק להסתכל עליו.,6.5,12,0,10,12,43,3.583,0,2,0,2,0,0,0,0,0,0,0,0,0,0,0,1,0,0,8,0,0,0,2,0,2,0,0,6,0,0,0,0,2,4,0,0,0,3
נטע נכנסה לחנות.,2.0,2,0,2,3,13,4.333,0,1,0,1,0,0,0,0,0,0,0,0,0,0,0,0,0,2,4,0,0,0,0,0,0,0,0,0,0,0,0,0,0,0,0,0,0,0
היא המתינה בצד עד שאחת המּוֹכְרוֹת סוף סוף התפנתה אליה.,7.15,13,0,9,14,41,2.929,0,5,0,1,0,0,0,0,0,0,0,0,0,0,0,0,0,4,4,0,2,4,0,0,0,0,0,0,0,0,0,2,2,4,0,0,0,2
"המוֹכֶרֶת נתנה לנטע למדוד את הז'קט, ונטע נכנסה לתא ההלבשה.",8.27,17,0,9,14,43,3.071,0,6,0,3,0,0,0,0,0,0,0,0,0,0,0,1,0,8,8,0,4,8,2,0,0,2,0,0,0,2,0,0,0,0,0,0,0,1
"כשיצאה נטע מתא ההלבשה, לבושה בז'קט, היא נעמדה מול המראה 
והסתכלה.",7.86,15,0,10,12,50,4.167,0,5,0,4,0,0,0,0,0,0,0,0,0,0,0,1,0,8,6,0,4,2,2,2,0,2,6,0,0,0,0,0,2,2,0,0,0,2
היא לא היתה בטוחה שהז'קט נראה עליה טוב.,5.56,9,0,7,9,30,3.333,0,2,0,2,0,0,0,0,0,0,0,0,0,0,0,1,0,4,2,0,0,2,0,0,0,0,0,4,0,0,0,2,2,2,0,0,0,4
"נטע שאלה את המוֹכֶרֶת: ""הוא לא צמוד מדי?"".",5.14,8,0,7,11,27,2.455,0,8,0,3,0,0,0,0,0,0,0,0,0,0,0,2,0,2,2,2,0,2,0,0,2,0,0,4,0,2,0,0,0,0,0,0,0,2
"המוֹכֶרֶת, שֶלָּעֲסָה מסטיק, הזיזה את הראש בתנועה של ""לא"".",6.58,12,0,8,16,37,2.312,0,13,0,3,0,0,0,0,0,0,0,0,0,0,0,2,0,8,4,0,2,6,0,0,0,0,0,2,0,2,0,2,0,0,0,0,0,2
"נטע הצביעה על אזור החזה ואמרה: ""נראה לי שזה צמוד כאן"".",7.57,15,0,10,11,40,3.636,0,4,0,2,0,0,0,0,0,0,0,0,0,0,0,2,0,6,0,2,0,4,2,2,0,4,0,2,0,0,0,2,2,4,0,0,0,2
"המוֹכֶרֶת ענתה: ""אז מה אם הוא קצת צמוד?",5.12,9,0,7,11,26,2.364,0,6,1,2,0,0,0,0,0,0,0,0,0,0,0,1,0,2,2,2,0,2,0,0,0,0,0,4,2,0,2,0,2,0,0,0,0,3
"צמוד זה יפה, לא?""",3.0,3,0,3,4,11,2.75,0,3,0,2,0,0,0,0,0,0,0,0,0,0,0,1,0,0,0,2,0,0,0,0,0,0,0,2,0,0,0,0,2,0,0,0,0,1
"נטע, לא היתה בטוחה ואמרה: ""אני לא יודעת אם זה מתאים לי"".",7.17,12,0,11,12,40,3.333,0,5,0,3,0,0,0,0,0,0,0,0,0,0,0,2,0,4,0,2,0,0,2,4,0,0,0,4,2,0,0,0,4,2,0,0,0,5
"המוכרת אמרה בצורה ברורה: ""מתאים מאוד"".",4.43,7,0,5,6,29,4.833,0,4,0,2,0,0,0,0,0,0,0,0,0,0,0,2,0,4,2,2,2,2,0,2,0,0,0,2,0,0,0,0,0,0,0,0,0,0
"נטע הביטה במראה, זזה קצת ימינה, ואחר כך קצת שמאלה, בוחנת
את הז'קט טוב טוב.",9.8,17,0,14,16,55,3.438,0,6,0,5,0,0,0,0,0,0,0,0,0,0,0,1,0,2,2,4,2,2,2,2,6,0,0,8,0,0,0,0,2,2,0,0,0,2
"המוֹכֶרֶת המשיכה לשכנע את נטע: 
""אם את שואלת אותי, זה יושב עלייך מעולה, ואל תשכחי שהוא 
במכירת סוף עונה.",11.29,24,0,18,22,76,3.455,0,10,0,4,0,0,0,0,0,0,0,0,0,0,0,1,0,8,6,2,2,2,2,4,0,4,0,0,2,6,0,2,4,2,0,0,0,3
עולה רק מאתיים שקל.,3.0,4,0,3,4,15,3.75,0,1,0,1,0,0,0,0,0,0,0,0,0,0,0,0,0,2,0,0,0,0,0,2,0,0,0,2,0,0,0,0,0,0,0,0,0,1
"איפה עוד תוכלי למצוא ז'קט מדליק במחיר כזה זול?""",5.7,11,0,8,10,36,3.6,0,3,0,2,0,0,0,0,0,0,0,0,0,0,0,2,0,4,2,4,4,2,0,0,0,0,0,2,0,0,2,0,2,0,0,0,2,2
"נטע סגרה את כפתורי הז'קט והסבירה: ""זה לא עניין של כסף, לא 
אכפת לי לשלם אפילו חמש מאות שקל על משהו שאני באמת
אוהבת, אבל  אני לא בטוחה שאני אוהבת את הז'קט הזה.",12.49,28,0,32,35,117,3.343,0,9,0,6,0,0,0,0,0,0,0,0,0,0,0,3,0,14,8,0,0,6,2,2,2,2,0,6,4,4,0,4,10,4,0,0,2,10
"חבל לי לקנות בגד שאני אביא הביתה ואשים בארון ולא אלבש יותר"".",10.18,19,0,11,12,47,3.917,0,2,0,1,0,0,0,0,0,0,0,0,0,0,0,1,0,4,8,0,4,4,4,0,0,0,0,6,0,0,0,2,2,2,0,0,2,1
"המוֹכֶרֶת שאלה: 
""למה שלא תלבשי?",5.0,9,0,4,8,21,2.625,0,7,1,2,0,0,0,0,0,0,0,0,0,0,0,1,0,2,4,0,2,4,0,0,0,0,0,2,0,0,2,2,0,0,0,0,0,0
"ז'קט כזה מתאים למסיבה, לסרט, לכל מה שבא.",7.0,13,0,7,9,29,3.222,0,4,0,4,0,0,0,0,0,0,0,0,0,0,0,1,0,6,2,0,8,4,0,2,0,0,0,0,0,0,2,2,2,0,2,0,0,2
"הוא יהיה יפה מאוד בערב, ואפשר גם ללבוש אותו לבית הספר"".",8.07,17,0,10,11,42,3.818,0,3,0,2,0,0,0,0,0,0,0,0,0,0,0,1,0,4,2,2,4,4,2,0,0,2,0,4,0,2,0,0,2,0,0,0,2,4
"נטע לא היתה בטוחה אם הז'קט מכוער עליה, ולא היתה בטוחה
שהוא נהדר עליה.",8.69,15,0,13,15,53,3.533,0,4,0,3,0,0,0,0,0,0,0,0,0,0,0,1,0,6,0,4,2,2,2,2,0,0,0,4,2,0,0,0,0,4,0,0,0,4
נטע עדיין התלבטה.,3.0,3,0,2,3,14,4.667,0,1,0,1,0,0,0,0,0,0,0,0,0,0,0,0,0,0,2,0,0,0,0,0,2,0,0,2,0,0,0,0,0,0,0,0,0,0
"המוֹכֶרֶת, שרצתה מאוד שנטע תקנה את הז'קט אמרה: 
""הוא מקסים, ואל תשכחי שהוא בּמִבְצָע וממש זול"".",11.1,23,0,15,24,65,2.708,0,15,0,5,0,0,0,0,0,0,0,0,0,0,0,3,0,8,10,2,0,4,4,2,0,0,0,4,0,2,0,6,4,0,0,0,0,1
"אבל נטע ידעה, שהמוֹכֶרֶת רק רוצה למכור את הז'קט, 
כי המנהל של החנות נותן פרס כספי למי שמוכר יותר בגדים.",12.67,24,0,19,24,76,3.167,0,8,0,4,0,0,0,0,0,0,0,0,0,0,0,1,0,12,4,2,2,8,0,8,0,0,0,4,4,2,2,4,0,0,0,0,0,6
"נטע ידעה, שאולי המוֹכֶרֶת משקרת רק כדי שהיא תקנה את הז'קט.",7.77,15,0,10,15,42,2.8,0,6,0,3,0,0,0,0,0,0,0,0,0,0,0,1,0,4,4,0,0,4,0,2,2,0,0,4,0,2,0,4,2,2,0,0,0,2
"המוֹכֶרֶת החזיקה ביד של נטע ואמרה לה: 
""את יודעת מה?",6.58,12,0,9,13,36,2.769,0,7,1,2,0,0,0,0,0,0,0,0,0,0,0,1,0,6,4,0,2,2,2,0,0,0,0,0,0,2,2,0,0,2,0,0,0,1
תשאלי את הבחור שעומד בפינה מה הוא חושב.,6.56,11,0,7,8,31,3.875,0,1,0,1,0,0,0,0,0,0,0,0,0,0,0,0,0,4,2,0,2,2,0,4,0,0,0,0,0,2,2,2,2,0,0,0,0,3
"אולי הוא יעזור לך להחליט אם לקנות את הז'קט"".",5.33,11,0,8,10,33,3.3,0,3,0,2,0,0,0,0,0,0,0,0,0,0,0,2,0,2,6,0,0,2,0,0,0,0,0,2,2,2,0,0,2,2,0,0,0,4
בפינה של החנות עמד בחור נאה.,4.88,8,0,5,6,22,3.667,0,1,0,1,0,0,0,0,0,0,0,0,0,0,0,0,0,6,2,2,4,4,0,0,0,0,0,0,0,0,0,0,0,0,0,0,0,1
"נטע לא הכירה את הבחור ואמרה: 
""מה איתךְ?",5.67,10,0,7,8,28,3.5,0,5,1,2,0,0,0,0,0,0,0,0,0,0,0,1,0,2,4,0,0,2,2,0,2,0,0,2,0,2,2,0,0,2,0,0,0,2
"אני לא מכירה אותו, מה פתאום שאשאל אותו מה דעתו 
על הז'קט?"".",7.29,16,0,11,13,42,3.231,0,6,0,4,0,0,0,0,0,0,0,0,0,0,0,2,0,4,2,0,0,2,0,2,0,0,0,4,0,4,4,2,2,2,0,0,0,6
"המוֹכֶרֶת השיבה: ""מה יש אם תבקשי ממנו טובה?""",4.88,8,0,7,11,30,2.727,0,7,0,2,0,0,0,0,0,0,0,0,0,0,0,2,0,4,4,0,0,2,0,0,0,0,0,0,2,0,2,0,0,2,0,0,2,2
"נטע התביישה ואמרה: 
""אני לא רוצה לבקש טובה ממישהו שאני לא מכירה"".",7.62,15,0,11,12,49,4.083,0,5,0,2,0,0,0,0,0,0,0,0,0,0,0,2,0,2,6,0,2,0,2,4,2,0,0,4,0,0,0,2,6,0,0,0,0,2
"המוֹכֶרֶת צעדה לעבר הבחור , לחשה משהו באוזן שלו ופתאום 
הפרצוף שלו נעשה מופתע.",6.06,14,0,13,16,59,3.688,0,6,0,2,0,0,0,0,0,0,0,0,0,0,0,0,0,10,6,0,2,8,2,0,0,0,0,2,0,0,0,0,0,2,0,0,0,3
"נטע הבינה למה הבחור מופתע: הוא עמד בחנות, מחפש מכנסיים או 
חולצה, ופתאום ניגשת אליו המוֹכֶרֶת ומבקשת שיגיד לנערה שהוא לא 
מכיר את דעתו על הז'קט ....מוזר, לא?",17.85,36,0,27,32,115,3.594,0,15,1,10,0,0,0,0,0,0,0,0,0,0,0,1,0,12,6,4,2,8,4,8,0,4,0,6,2,2,2,4,4,4,0,0,0,6
"המוֹכֶרֶת והבחור הגיעו לנטע והמוֹכֶרֶת שאלה את הבחור:
""מה דעתךָ?""",8.6,16,0,9,16,45,2.812,0,12,0,2,0,0,0,0,0,0,0,0,0,0,0,2,0,12,4,0,2,10,4,0,0,0,0,0,0,2,0,0,0,0,0,0,0,1
"הבחור קצת התבלבל ושאל: ""על מה?""",5.0,7,0,5,6,22,3.667,0,4,0,2,0,0,0,0,0,0,0,0,0,0,0,2,0,2,4,0,0,2,2,0,0,0,0,2,0,0,2,0,0,2,0,0,0,0
"המוֹכֶרֶת הסבירה: ""על מה?, נו, באמת.",4.14,7,0,5,9,22,2.444,0,9,0,5,0,0,0,0,0,0,0,0,0,0,0,1,0,2,0,2,0,4,0,0,0,0,0,2,0,0,2,0,0,2,0,0,0,0
"על מה אני יכולה לבקש ממך 
חַוַת דעת?",4.5,7,0,7,10,25,2.5,0,4,1,1,0,0,0,0,0,0,0,0,0,0,0,0,0,2,2,0,2,0,0,0,2,0,0,0,0,0,2,0,2,2,0,0,2,4
על טיסה לירח?,2.75,5,0,2,3,10,3.333,0,1,1,1,0,0,0,0,0,0,0,0,0,0,0,0,0,4,0,0,2,2,0,0,0,0,0,0,0,0,0,0,0,2,0,0,0,1
"על הז'קט הזה אני מדברת, על הז'קט 
השחור שהיא מודדת"".",7.54,15,0,9,12,37,3.083,0,6,0,4,0,0,0,0,0,0,0,0,0,0,0,3,0,4,0,2,0,8,0,4,0,0,0,0,0,0,0,2,6,4,0,0,0,3
"המוֹכֶרֶת המשיכה: ""הוא יפה בעינייךָ?""",5.75,9,0,4,8,25,3.125,0,8,0,2,0,0,0,0,0,0,0,0,0,0,0,2,0,4,0,2,2,6,0,2,0,0,0,0,0,0,0,0,0,0,0,0,0,0
הבחור הסתכל על נטע טוב טוב.,3.67,5,0,5,6,21,3.5,0,1,0,1,0,0,0,0,0,0,0,0,0,0,0,0,0,4,2,4,0,2,0,0,0,0,0,0,0,0,0,0,0,2,0,0,0,1
נטע הרגישה לא בנוח.,4.33,7,0,3,4,15,3.75,0,1,0,1,0,0,0,0,0,0,0,0,0,0,0,0,0,4,0,2,2,4,0,0,0,0,0,2,0,0,0,0,0,0,0,0,0,1
"אחרי כמה דקות הבחור אמר: ""אני חושב שהיא חתיכה.",5.44,11,0,8,9,35,3.889,0,3,0,2,0,0,0,0,0,0,0,0,0,0,0,1,0,4,2,0,0,2,0,2,0,2,0,0,0,0,0,2,4,2,2,0,0,1
"זאת אומרת 
היא חתיכה באופן כללי, ועם הז'קט הזה במיוחד"".",7.08,14,0,9,11,41,3.727,0,5,0,3,0,0,0,0,0,0,0,0,0,0,0,2,0,6,0,2,2,4,2,2,0,0,0,2,0,0,0,0,4,2,0,0,0,2
"נטע הרגישה מְבוּכָה (לא נעים) והסמיקה (הלחיים שלה נעשו 
אדומות) .",6.0,10,0,10,13,46,3.538,0,9,0,1,0,0,0,0,0,0,0,0,0,0,0,0,0,4,6,4,0,2,2,0,2,0,0,2,0,0,0,0,0,0,0,0,0,1
היא הודתה לו בקול חלש על הַמַחְמָאָה.,4.0,10,0,6,12,25,2.083,0,6,0,1,0,0,0,0,0,0,0,0,0,0,0,0,0,4,2,2,2,2,0,0,0,0,0,0,0,0,0,0,2,4,0,0,0,3
נטע החליטה לבקש מהמוֹכֶרֶת שתשמור על את הז'קט עד מחר.,6.62,13,0,9,14,39,2.786,0,5,0,2,0,0,0,0,0,0,0,0,0,0,0,1,0,6,4,0,2,6,0,0,0,2,0,2,0,2,0,2,0,4,0,0,0,3
"המוֹכֶרֶת לא היתה מרוצה: ""מותק, אני לא חֶבְרַת שמירה.",5.11,10,0,8,15,35,2.333,0,10,0,3,0,0,0,0,0,0,0,0,0,0,0,1,0,6,2,2,2,2,0,0,0,0,0,4,0,0,0,0,2,0,0,0,0,4
"או שאת 
קונה אותו עכשיו, או שבחורה אחרת תקנה אותו""
נטע ניסתה להסביר: ""אני חייבת לחשוב עד מחר"".",8.65,17,0,17,18,70,3.889,0,8,0,3,0,0,0,0,0,0,0,0,0,0,0,3,0,4,6,2,2,0,0,2,4,0,0,4,4,2,0,2,2,2,0,0,2,5
"נטע יצאה מהחנות לרחוב, מרגישה שהיא זקוקה לקצת זמן לחשוב 
על קניית הז'קט.",9.18,17,0,12,14,56,4.0,0,4,0,3,0,0,0,0,0,0,0,0,0,0,0,1,0,8,4,2,6,6,0,2,2,2,0,0,0,0,0,2,2,2,2,0,0,1
"למחרת, באותה השעה, היא חזרה לחנות .",5.29,7,0,6,6,26,4.333,0,3,0,3,0,0,0,0,0,0,0,0,0,0,0,0,0,4,2,0,2,2,0,0,0,0,0,2,0,0,0,0,0,0,0,2,0,1
נטע נכנסה וניגשה לאזור שבו מוצג הז'קט השחור.,7.46,15,0,7,9,35,3.889,0,2,0,2,0,0,0,0,0,0,0,0,0,0,0,1,0,4,4,2,2,6,2,4,0,0,0,0,0,0,0,2,0,2,0,0,0,0
"היא הרימה יד כדי להוריד אותו מהקולב 
ופתאום....
ראתה את הבחור הנאה, מאתמול.",7.5,16,0,12,13,56,4.308,0,8,0,6,0,0,0,0,0,0,0,0,0,0,0,0,0,6,4,2,4,6,0,0,2,0,0,2,0,4,0,0,2,2,0,0,0,3
"וגם המוֹכֶרֶת היתה שם, לצידו.",5.0,7,0,4,8,20,2.5,0,5,0,2,0,0,0,0,0,0,0,0,0,0,0,0,0,4,0,0,2,2,2,0,0,0,0,4,0,0,0,0,0,0,0,0,0,1
נטע ראתה את המוֹכֶרֶת והבחור הולכים לעבר נערה שמדדה ג'ינס.,6.92,12,0,9,14,44,3.143,0,5,0,2,0,0,0,0,0,0,0,0,0,0,0,1,0,6,4,0,0,4,2,2,4,0,0,0,0,2,0,2,0,2,0,0,0,2
"נטע שמעה שהמוֹכֶרֶת שאלה את הבחור: 
""מה דעתך על מה שהיא לובשת?"".",7.86,16,0,11,15,44,2.933,0,9,0,3,0,0,0,0,0,0,0,0,0,0,0,2,0,6,4,0,0,4,0,2,2,0,0,0,0,2,4,4,2,2,0,0,0,3
"נטע, שהתחבאה מאחורי הקולב, ראתה שהפרצוף שלו נעשה 
מופתע, בדיוק כמו שקרה אתמול.",9.12,17,0,12,13,61,4.692,0,5,0,4,0,0,0,0,0,0,0,0,0,0,0,0,0,8,10,0,2,4,0,0,0,0,0,2,0,0,0,6,0,4,0,0,0,3
"נטע שמעה את הבחור אומר לבחורה שמדדה ג'ינס: ""את חתיכה"".",6.75,11,0,9,11,40,3.636,0,5,0,3,0,0,0,0,0,0,0,0,0,0,0,3,0,6,4,0,2,4,0,2,4,0,0,0,0,4,0,2,0,0,0,0,0,1
נטע ראתה שהנערה משתכנעת וקונה את הג'ינס.,5.67,11,0,6,8,32,4.0,0,2,0,2,0,0,0,0,0,0,0,0,0,0,0,1,0,4,2,0,0,4,2,4,2,0,0,0,0,2,0,2,0,0,0,0,0,1
"נטע גם ראתה, שהמוֹכֶרֶת והבחור הנאה נתנו כִּיף אחד לשני.",8.53,17,0,9,14,40,2.857,0,7,0,2,0,0,0,0,0,0,0,0,0,0,0,0,0,8,4,2,2,8,2,0,2,0,0,2,0,0,0,2,0,0,0,0,0,1
"נטע התקדמה לעבר המוֹכֶרֶת והבחור ואמרה: 
""חזרתי לכאן במטרה לקנות את הז'קט, אבל התחרטתי אחרי 
שראיתי שאתה לא סתם בחור שקונה בחנות אלא מוֹכֵר מְתֻחְכָּם"".",17.62,35,0,24,35,110,3.143,0,18,0,4,0,0,0,0,0,0,0,0,0,0,0,3,0,14,12,0,10,8,4,2,2,2,0,6,4,2,0,4,2,4,0,0,0,5
"הבחור ענה:
""מה זה משנה מי אני?",3.83,7,0,6,7,21,3.0,0,4,1,2,0,0,0,0,0,0,0,0,0,0,0,1,0,2,0,0,0,2,0,2,2,0,0,0,0,0,2,0,4,0,0,0,0,2
"מה שחשוב זה אם הז'קט מוצא חן בעינייךְ או 
לא?""",6.33,12,0,9,11,32,2.909,0,5,0,2,0,0,0,0,0,0,0,0,0,0,0,2,0,6,0,0,2,4,0,4,0,0,0,2,4,0,2,2,2,0,0,0,0,4
"נטע כעסה מאוד: ""מה שחשוב זה, שאתה והמוֹכֶרֶת מרמים אנשים.",6.75,13,0,9,13,41,3.154,0,7,0,3,0,0,0,0,0,0,0,0,0,0,0,1,0,4,2,0,0,2,2,4,2,0,0,2,0,0,2,4,4,0,0,0,0,0
"אני לא צריכה שתגיד לי את דעתך על הז'קט ואני גם לא אקנה את 
הז'קט.",9.47,17,0,14,17,47,2.765,0,4,0,3,0,0,0,0,0,0,0,0,0,0,0,2,0,6,4,0,0,4,2,0,0,0,0,6,0,4,0,2,4,4,0,0,2,8
"הז'קט הזה שחור ועושה לי שחור בעיניים (עושה לי הרגשה
רעה)""
נטע יצאה מהחנות בלי ז'קט שחור, אבל שמחה ומרוצה.",13.93,27,0,19,22,79,3.591,0,9,0,4,0,0,0,0,0,0,0,0,0,0,0,3,0,12,4,6,4,10,4,4,0,0,0,0,2,0,0,4,2,6,0,0,0,4
אתמול בערב אורן הלך לְמסיבה.,4.86,8,0,4,6,22,3.667,0,2,0,1,0,0,0,0,0,0,0,0,0,0,0,0,0,4,2,0,4,2,0,0,0,2,0,2,0,0,0,0,0,0,0,0,0,0
במסיבה אורן ראה את איילת.,3.83,6,0,4,5,20,4.0,0,1,0,1,0,0,0,0,0,0,0,0,0,0,0,0,0,2,2,0,2,2,0,0,2,2,0,0,0,2,0,0,0,0,0,0,0,1
איילת מאוד יפה ואורן הסתכל עליה כל הזמן.,6.2,12,0,7,8,32,4.0,0,1,0,1,0,0,0,0,0,0,0,0,0,0,0,0,0,6,2,2,2,2,2,0,2,0,0,0,0,0,0,0,0,2,2,0,0,2
היא מצאה חן בעיניו.,2.5,4,0,3,4,15,3.75,0,1,0,1,0,0,0,0,0,0,0,0,0,0,0,0,0,4,2,0,2,0,0,0,0,0,0,0,0,0,0,0,2,0,0,0,0,1
גם איילת הסתכלה על אורן במהלך המסיבה.,4.62,9,0,6,7,30,4.286,0,1,0,1,0,0,0,0,0,0,0,0,0,0,0,0,0,6,2,0,2,2,0,0,2,0,0,2,0,0,0,0,0,2,0,0,0,2
"בדיוק לפני שכולם הלכו הביתה, אורן החליט להיות אמיץ ולדבר עם איילת.",7.87,15,0,11,12,53,4.417,0,2,0,2,0,0,0,0,0,0,0,0,0,0,0,0,0,6,6,2,4,2,2,0,2,0,0,2,0,0,0,2,2,4,0,0,0,3
אורן התקרב לאיילת ושאל אותה אם יש לה טלפון.,6.0,11,0,8,9,34,3.778,0,1,0,1,0,0,0,0,0,0,0,0,0,0,0,0,0,2,4,0,2,0,2,0,2,2,0,0,2,2,0,0,0,2,0,0,0,4
"איילת צחקה ואמרה: ""בטח שיש לי טלפון.",4.62,8,0,6,7,27,3.857,0,3,0,2,0,0,0,0,0,0,0,0,0,0,0,1,0,2,4,0,0,0,2,0,2,0,0,2,0,0,0,2,0,2,0,0,0,1
"לכל אחד יש טלפון"".",3.0,4,0,3,4,13,3.25,0,2,0,1,0,0,0,0,0,0,0,0,0,0,0,1,0,2,0,0,2,0,0,0,0,0,0,0,0,0,0,0,0,0,2,0,0,1
אורן הרגיש לא נעים.,3.0,5,0,3,4,15,3.75,0,1,0,1,0,0,0,0,0,0,0,0,0,0,0,0,0,2,0,2,0,2,0,0,0,0,0,4,0,0,0,0,0,0,0,0,0,1
"הוא חשב שאיילת תבין, שהוא שואל כי הוא רוצה לקבל ממנה את מספר הטלפון שלה, לא רק לדעת אם יש לה מכשיר טלפון או לא..... אורן הרגיש לא בנוח.",16.67,32,0,28,29,99,3.414,0,8,0,8,0,0,0,0,0,0,0,0,0,0,0,0,0,6,12,0,2,2,0,6,2,4,0,8,6,2,0,4,6,2,0,0,0,11
"איילת הבינה מה אורן רצה ולכן אמרה: ""אתה רושם?""",6.44,11,0,8,9,34,3.778,0,4,0,2,0,0,0,0,0,0,0,0,0,0,0,2,0,2,4,0,0,2,2,2,0,4,0,0,2,0,2,0,2,0,0,0,0,1
"אורן מִלְמֵל (דיבר בשקט): ""אין לי נייר ועט"".",6.1,11,0,7,11,28,2.545,0,9,0,2,0,0,0,0,0,0,0,0,0,0,0,2,0,4,4,0,2,2,2,0,4,0,0,0,0,0,0,0,0,2,0,0,0,1
"איילת אמרה ""לי יש"", והוציאה דף מקופל מהכיס של החולצה שלה, ""למזלךָ"".",8.47,16,0,11,12,48,4.0,0,8,0,3,0,0,0,0,0,0,0,0,0,0,0,4,0,8,4,0,4,6,2,2,2,0,0,0,0,0,0,0,0,2,0,0,0,1
"""רק למזלי?",2.0,2,0,1,2,7,3.5,0,2,1,1,0,0,0,0,0,0,0,0,0,0,0,1,0,2,0,0,2,0,0,0,0,0,0,2,0,0,0,0,0,0,0,0,0,0
"ומה איתךְ?""",3.0,3,0,1,2,7,3.5,0,3,0,1,0,0,0,0,0,0,0,0,0,0,0,1,0,0,0,0,0,0,2,0,0,0,0,0,0,0,2,0,0,2,0,0,0,0
"אורן נבהל, אולי איילת לא רוצה להיות חברה שלו.",5.0,8,0,8,9,35,3.889,0,2,0,2,0,0,0,0,0,0,0,0,0,0,0,0,0,2,4,0,0,0,0,0,4,0,0,4,0,0,0,0,0,0,0,0,0,3
"איילת חייכה ומיד תיקנה: ""למזלנו"".",4.57,8,0,4,5,25,5.0,0,4,0,2,0,0,0,0,0,0,0,0,0,0,0,2,0,2,4,0,2,2,2,0,2,0,0,2,0,0,0,0,0,0,0,0,0,0
"""תגידי איילת, איזה מזל את?""",2.0,4,0,4,5,19,3.8,0,4,0,2,0,0,0,0,0,0,0,0,0,0,0,2,0,2,2,0,0,0,0,0,0,2,0,0,0,2,0,0,0,0,2,0,0,1
אורן שאל.,1.5,2,0,1,2,7,3.5,0,1,0,1,0,0,0,0,0,0,0,0,0,0,0,0,0,2,0,0,0,0,0,0,0,0,0,0,0,0,0,2,0,0,0,0,2,0
"סתם הוא שאל את זה, ממש סתם.",3.17,4,0,6,7,19,2.714,0,2,0,2,0,0,0,0,0,0,0,0,0,0,0,0,0,0,2,0,0,0,0,0,0,0,0,6,0,2,0,0,4,0,0,0,0,2
בלי שום סיבה.,2.0,3,0,2,3,10,3.333,0,1,0,1,0,0,0,0,0,0,0,0,0,0,0,0,0,2,0,0,0,0,0,0,0,0,0,0,0,0,0,0,0,2,2,0,0,1
"בניגוד לדפנה, אחותו הגדולה, אורן לא מבין שום דבר בּאַסְטְרוֹלוֹגְיָה (בַּהוֹרוֹסְקוֹפּ).",8.38,15,0,10,24,58,2.417,0,20,0,3,0,0,0,0,0,0,0,0,0,0,0,0,0,14,0,2,8,6,0,0,0,0,0,2,0,0,0,0,0,2,2,0,0,1
"אורן יודע שלכל חודש בשנה יש מזל אַסְטְרוֹלוֹגִי, למשל, דגים, מאֹזניים, דלי וקשת, אבל הוא לא מכיר מה אומר כל מזל.",12.17,24,0,20,28,79,2.821,0,13,0,6,0,0,0,0,0,0,0,0,0,0,0,0,0,10,2,0,4,2,2,8,2,2,0,2,4,0,2,2,2,0,4,0,0,6
אורן שאל כי הוא רצה לשוחח עם איילת.,4.29,7,0,7,8,27,3.375,0,1,0,1,0,0,0,0,0,0,0,0,0,0,0,0,0,0,6,0,0,0,0,0,4,0,0,0,2,0,0,0,2,2,0,0,0,3
"איילת ענתה: ""אני נולדתי בחודש ספטמבר.",3.71,7,0,5,6,29,4.833,0,3,0,2,0,0,0,0,0,0,0,0,0,0,0,1,0,2,4,0,2,2,0,0,4,0,0,0,0,0,0,0,2,0,0,0,0,0
"אני מזל בתולה"".",2.0,2,0,2,3,11,3.667,0,2,0,1,0,0,0,0,0,0,0,0,0,0,0,1,0,2,0,2,0,0,0,0,0,0,0,0,0,0,0,0,2,0,0,0,0,1
"אורן כתב את מספר הטלפון של איילת על הנייר שהיא נתנה לו ואמר: ""אז להתראות מחר"".",9.79,18,0,15,16,59,3.688,0,4,0,2,0,0,0,0,0,0,0,0,0,0,0,2,0,6,6,0,2,4,2,0,4,2,0,4,0,2,0,2,2,4,0,0,0,4
"איילת שאלה ""מה, נצא לפגישה?""",4.0,7,0,4,5,20,4.0,0,4,0,2,0,0,0,0,0,0,0,0,0,0,0,2,0,2,4,0,2,2,0,0,2,0,0,0,0,0,2,0,0,0,0,0,0,0
"ואורן ענה ""בטח"".",3.0,3,0,2,3,11,3.667,0,3,0,1,0,0,0,0,0,0,0,0,0,0,0,2,0,0,2,0,0,0,2,0,2,0,0,2,0,0,0,0,0,0,0,0,0,0
"איילת המשיכה לשאול: ""באיזו שעה?",3.5,5,0,4,5,24,4.8,0,3,1,2,0,0,0,0,0,0,0,0,0,0,0,1,0,2,4,0,2,2,0,0,0,2,0,0,0,0,2,0,0,0,0,0,0,0
ומה ללבוש?,3.0,3,0,1,2,8,4.0,0,1,1,1,0,0,0,0,0,0,0,0,0,0,0,0,0,0,2,0,0,0,2,0,0,0,0,0,0,0,2,0,0,0,0,0,0,0
"ולאן נלך?""",3.0,3,0,1,2,7,3.5,0,2,0,1,0,0,0,0,0,0,0,0,0,0,0,1,0,0,2,0,0,0,2,0,0,0,0,0,0,0,2,0,0,0,0,0,0,0
"""בשביל זה לקחתי את מספר הטלפון שלךְ"", אמר אורן.",6.0,11,0,8,9,34,3.778,0,5,0,2,0,0,0,0,0,0,0,0,0,0,0,2,0,2,4,0,0,2,0,0,2,0,0,0,0,2,0,2,2,4,2,0,0,2
"""מחר אחר הצהריים אני אתקשר אלייךְ ונחליט ביחד אייך ואיפה נֵבַלֶּה"".",7.46,13,0,10,14,49,3.5,0,8,0,1,0,0,0,0,0,0,0,0,0,0,0,2,0,6,6,0,0,2,4,0,0,0,0,4,0,0,0,0,2,4,0,0,0,2
"""אז להתראות"", איילת קראה לחברה שלה והן התחילו ללכת הביתה.",5.7,10,0,9,10,44,4.4,0,4,0,2,0,0,0,0,0,0,0,0,0,0,0,2,0,0,10,0,0,0,2,0,2,0,0,4,0,0,0,0,2,0,0,0,0,1
אורן המשיך להסתכל על איילת עד שהיא נעלמה בחושך.,6.27,13,0,8,9,38,4.222,0,1,0,1,0,0,0,0,0,0,0,0,0,0,0,0,0,4,4,0,2,4,0,0,2,2,0,0,0,0,0,2,2,4,0,0,0,2
"אורן חשב: ""חבל שלא התנדבתי לְלַווֹת את איילת עד לבית שלה.",7.23,14,0,10,14,41,2.929,0,6,0,2,0,0,0,0,0,0,0,0,0,0,0,1,0,2,6,0,2,2,0,0,2,2,0,4,0,2,0,2,0,2,0,0,0,2
"מסוכן ללכת בחושך"".",2.75,5,0,2,3,14,4.667,0,2,0,1,0,0,0,0,0,0,0,0,0,0,0,1,0,2,2,0,2,2,0,2,0,0,0,0,0,0,0,0,0,0,0,0,0,0
כל הלילה אורן חשב על איילת.,4.17,6,0,5,6,21,3.5,0,1,0,1,0,0,0,0,0,0,0,0,0,0,0,0,0,2,2,0,0,2,0,0,4,0,0,0,0,0,0,0,0,2,2,0,0,2
"הוא דמיין שהיא נראית כמו בְּתוּלַת יָם, שיוצאת מהים 
עם שיער בלונדיני גולש.",10.61,20,0,12,17,55,3.235,0,8,0,2,0,0,0,0,0,0,0,0,0,0,0,0,0,6,4,0,4,4,0,6,0,2,0,0,0,0,0,6,4,4,0,0,0,3
"לאורן היה קשה להירדם כי הוא חשב על איילת 
כל הזמן וכבר ראה את שניהם יוצאים לפגישה מחר בערב, 
מחזיקים יד ביד ומתאהבים.",14.38,32,0,22,23,91,3.957,0,4,0,2,0,0,0,0,0,0,0,0,0,0,0,0,0,14,6,0,8,8,4,4,0,2,0,4,2,2,0,0,4,2,2,0,2,6
"גם למחרת, אורן המשיך לחשוב על איילת.",5.0,8,0,6,7,28,4.0,0,2,0,2,0,0,0,0,0,0,0,0,0,0,0,0,0,2,2,0,2,2,0,0,0,4,0,4,0,0,0,0,0,2,0,0,0,2
הוא חשב על זה שאיילת נולדה במזל בתולה.,6.18,13,0,7,8,30,3.75,0,1,0,1,0,0,0,0,0,0,0,0,0,0,0,0,0,2,4,0,4,4,0,0,2,0,0,0,0,0,0,2,4,2,0,0,0,3
"בצהריים כבר לא יכול היה לְהִתְאַפֵּק, ובשקט בשקט, 
על קצות האצבעות, נכנס לחדר של דפנה, אחותו הגדולה.",12.13,22,0,16,22,72,3.273,0,12,0,5,0,0,0,0,0,0,0,0,0,0,0,0,0,14,2,2,8,8,2,2,0,2,0,4,0,0,0,0,0,2,0,0,2,5
לדפנה הייתה ספריה גדולה בחדר.,4.62,9,0,4,5,24,4.8,0,1,0,1,0,0,0,0,0,0,0,0,0,0,0,0,0,6,0,2,4,4,0,0,0,0,0,0,0,0,0,0,0,0,0,0,0,0
"אורן הסתכל על הספרים עד 
שראה על אחד מהמדפים כמה ספרי אַסְטְרוֹלוֹגְיָה.",7.29,15,0,11,19,52,2.737,0,9,0,1,0,0,0,0,0,0,0,0,0,0,0,0,0,6,4,0,2,4,0,0,2,2,0,0,0,0,0,2,0,6,2,0,0,3
אורן לא ידע איזה ספר לקחת.,3.4,5,0,5,6,20,3.333,0,1,0,1,0,0,0,0,0,0,0,0,0,0,0,0,0,2,4,0,0,0,0,0,2,0,0,2,0,0,0,0,0,0,2,0,0,2
היו ספרים עבים והיו ספרים דקים.,4.0,6,0,5,6,25,4.167,0,1,0,1,0,0,0,0,0,0,0,0,0,0,0,0,0,4,0,4,0,0,2,0,0,0,0,0,0,0,0,0,0,0,0,0,0,0
היו ספרים עם כתב קטן וצפוף ואחרים עם כתב גדול.,5.7,10,0,9,10,36,3.6,0,1,0,1,0,0,0,0,0,0,0,0,0,0,0,0,0,6,2,6,0,0,4,0,0,0,0,0,0,0,0,0,0,4,0,0,0,2
"לקח לאורן זמן להחליט ובסוף הוא לקח ספר שהיה ""באמצע"": 
לא יותר מדי עבה ולא יותר מדי דק.",12.7,26,0,17,18,64,3.556,0,5,0,2,0,0,0,0,0,0,0,0,0,0,0,2,0,8,6,4,6,4,4,0,0,2,0,10,0,0,0,2,2,0,2,0,0,6
"אורן לקח את הספר 
ומיהר לחדר שלו.",5.33,9,0,6,7,25,3.571,0,2,0,1,0,0,0,0,0,0,0,0,0,0,0,0,0,6,4,0,2,2,2,0,0,0,0,0,0,2,0,0,0,0,0,0,0,1
"אורן נכנס לחדר שלו ונעל את הדלת 
כדי שלא ייכנס מישהו ויפריע לו לקרוא.",9.61,18,0,13,14,54,3.857,0,2,0,1,0,0,0,0,0,0,0,0,0,0,0,0,0,6,10,0,2,2,4,0,0,0,0,2,0,2,0,2,2,4,0,0,0,3
"אורן התיישב מול השולחן, 
פתח את הספר וחיפש את הפרק על מזל בתולה.",8.13,15,0,12,13,49,3.769,0,3,0,2,0,0,0,0,0,0,0,0,0,0,0,0,0,8,6,0,0,6,2,0,2,2,0,0,0,4,0,0,0,4,0,0,0,4
אורן התחיל לקרוא ופתאום הֶחְוִיר (הלחיים שלו נהיו לבנות כי הוא מאוד נבהל).,8.88,18,0,12,16,56,3.5,0,6,0,1,0,0,0,0,0,0,0,0,0,0,0,0,0,6,8,0,2,4,2,0,2,2,0,2,2,0,0,0,2,0,0,0,0,3
אורן לא האמין למה שהוא קורא!,4.17,7,0,5,6,22,3.667,0,1,0,1,0,0,0,0,0,0,0,0,0,0,0,0,0,0,2,0,0,0,0,2,2,0,0,2,0,0,2,2,2,0,0,0,0,2
"בספר היה כתוב: ""אנשים שנולדו במזל בתולה הם מאוד מאורגנים ומסודרים.",9.06,17,0,10,11,53,4.818,0,3,0,2,0,0,0,0,0,0,0,0,0,0,0,1,0,6,2,0,6,4,2,4,0,2,0,2,0,0,0,2,2,0,0,0,0,2
"למשל, ארון הבגדים שלהם מסודר כמו בבית מרקחת""
""אנשים במזל בתולה מאוד דייקניים ודואגים לעשות הכל הכי טוב שאפשר.",11.68,23,0,18,19,87,4.579,0,5,0,2,0,0,0,0,0,0,0,0,0,0,0,2,0,6,2,6,4,4,2,4,0,4,0,4,2,0,0,2,0,2,2,0,2,2
הם חרוצים מאוד אבל גם מעבירים ביקורת (אומרים דברים לא טובים) על מה שאחרים עושים.,8.64,16,0,14,15,63,4.2,0,3,0,1,0,0,0,0,0,0,0,0,0,0,0,0,0,4,0,6,0,0,0,6,0,0,0,6,2,0,2,2,2,2,0,0,0,6
"הם עושים דברים רק אם הם מתוּכננים, ולא מקבלים רעיונות של אנשים אחרים.",6.83,12,0,12,14,54,3.857,0,3,0,2,0,0,0,0,0,0,0,0,0,0,0,0,0,6,0,2,0,0,2,6,0,0,0,4,2,0,0,0,4,0,0,0,0,5
"אנשים במזל בתולה יכולים לדבר אל אנשים אחרים בְּעוֹקְצָנוּת (במילים פוגעות) והם אוהבים להיות בשליטה (לקבוע לאחרים מה לעשות)"".",13.46,28,0,18,24,94,3.917,0,12,0,1,0,0,0,0,0,0,0,0,0,0,0,1,0,14,6,8,12,8,2,2,0,0,0,0,0,0,2,0,2,2,0,0,2,5
אורן המשיך לקרוא והרגיש לא נוח.,4.0,7,0,5,6,25,4.167,0,1,0,1,0,0,0,0,0,0,0,0,0,0,0,0,0,0,6,2,0,0,2,0,2,0,0,2,0,0,0,0,0,0,0,0,0,1
"הוא לא אהב את מה שכתוב ודאג  
מאוד שזה האופי האמיתי של איילת.",4.44,8,0,12,13,46,3.538,0,2,0,1,0,0,0,0,0,0,0,0,0,0,0,0,0,2,4,2,0,4,2,2,0,2,0,4,0,2,2,4,4,0,0,0,0,5
"אורן לא אוהב שהכול מתוכנן והכל 
בשליטה של מישהו אחר, הוא גם לא אוהב עוֹקְצָנוּת (מילים פוגעות)
ולא אהב שהכל מסודר.",12.92,26,0,20,25,85,3.4,0,10,0,2,0,0,0,0,0,0,0,0,0,0,0,0,0,8,2,4,2,6,2,6,2,2,0,6,0,0,0,4,0,0,6,0,0,5
"אורן כבר רצה להחזיר את הספר לחדר של דפנה אחותו אבל פתאום ראה שכתוב עוד משהו:
""בנות במזל בתולה אוהבות ללכת למקומות בילוי כמו הצגות תיאטרון או 
קונצרטים.",14.46,31,0,27,28,120,4.286,0,5,0,2,0,0,0,0,0,0,0,0,0,0,0,1,0,24,6,0,8,2,0,2,0,6,0,4,4,2,0,0,0,2,2,0,0,5
"הן לא מבלות כמעט בכלל במועדוני ריקודים ולא אוהבות 
ספורט.",5.7,11,0,9,10,46,4.6,0,2,0,1,0,0,0,0,0,0,0,0,0,0,0,0,0,4,0,0,2,0,2,4,0,2,0,8,0,0,0,0,2,0,0,0,0,2
הבנות במזל בתולה לא מוכנות שכל אחד יהיה חבר שלהן.,7.0,12,0,9,10,39,3.9,0,1,0,1,0,0,0,0,0,0,0,0,0,0,0,0,0,6,0,2,2,2,0,2,0,0,0,2,0,0,0,2,0,0,2,0,0,2
"הן בוחרות רק את מי שהן רוצות"".",4.43,8,0,6,7,22,3.143,0,2,0,1,0,0,0,0,0,0,0,0,0,0,0,1,0,0,0,0,0,0,0,4,0,0,0,2,0,2,2,2,4,0,0,0,0,4
"אורן חשב: ""איילת נולדה במזל בתולה.",4.62,10,0,5,6,26,4.333,0,3,0,2,0,0,0,0,0,0,0,0,0,0,0,1,0,2,2,0,4,4,0,2,2,4,0,0,0,0,0,0,0,0,0,0,0,0
זה אומר שהיא בוחרת את החברים שלה.,4.88,8,0,6,7,26,3.714,0,1,0,1,0,0,0,0,0,0,0,0,0,0,0,0,0,2,0,0,0,2,0,4,0,0,0,0,0,2,0,2,4,0,0,0,0,2
"אם היא הסכימה לצאת איתי לפגישה, אולי היא חושבת שאני מתאים להיות חבר שלה?""",10.26,19,0,13,14,57,4.071,0,3,0,2,0,0,0,0,0,0,0,0,0,0,0,1,0,4,6,0,4,4,0,4,0,0,0,2,2,0,0,4,6,4,0,0,0,6
"אולי, אבל אורן לא היה מרוצה ממה שקרא.",6.38,8,0,7,8,28,3.5,0,2,0,2,0,0,0,0,0,0,0,0,0,0,0,0,0,2,2,0,2,0,0,2,0,0,0,4,2,0,2,2,0,0,0,0,0,3
אורן סגר את הספר במהירות ובלי לחשוב פעמיים החליט שהוא לא רוצה להיות חבר של איילת.,10.65,20,0,15,16,65,4.062,0,1,0,1,0,0,0,0,0,0,0,0,0,0,0,0,0,10,8,0,4,6,2,0,2,0,0,4,0,2,0,2,2,2,0,0,0,4
הוא מאמין למה שקרא בספר הָאַסְטְרוֹלוֹגְיָה ומה שכתוב לא מוצא חן בְּעֵינָיו.,9.29,16,0,11,23,52,2.261,0,13,0,1,0,0,0,0,0,0,0,0,0,0,0,0,0,6,2,0,6,2,2,6,0,2,0,2,0,0,4,4,2,0,0,0,0,3
"לכן, הוא לא רוצה לצאת עם איילת למרות שהיא כן מצאה חן בְּעֵינָיו.",7.38,12,0,12,16,46,2.875,0,6,0,2,0,0,0,0,0,0,0,0,0,0,0,0,0,4,4,0,2,0,0,2,2,0,0,4,2,0,0,2,4,4,0,0,0,5
מה שכתוב בספר זה מה שקובע.,4.88,8,0,5,6,20,3.333,0,1,0,1,0,0,0,0,0,0,0,0,0,0,0,0,0,2,0,0,2,0,0,4,0,0,0,0,0,0,4,4,2,0,0,0,0,3
"אורן קם לטלפון, הוא רוצה לדבר עם איילת ולגמור את הסיפור ביניהם.",7.93,15,0,11,12,50,4.167,0,2,0,2,0,0,0,0,0,0,0,0,0,0,0,0,0,4,6,0,2,4,2,2,4,0,0,0,0,2,0,0,2,4,0,0,0,3
"איילת ענתה לטלפון, ואורן שאל ""איילת?"".",5.0,8,0,5,6,28,4.667,0,5,0,3,0,0,0,0,0,0,0,0,0,0,0,2,0,4,4,0,2,2,2,0,4,0,0,0,0,0,0,0,0,0,0,0,0,0
"איילת זיהתה את הקול של אורן ואמרה ""כן"".",4.88,8,0,7,8,29,3.625,0,3,0,1,0,0,0,0,0,0,0,0,0,0,0,2,0,4,4,0,0,2,2,0,2,0,0,2,0,2,0,0,0,0,0,0,0,2
"אורן אמר ""רציתי להגיד לךְ משהו"".",3.5,5,0,5,6,23,3.833,0,4,0,1,0,0,0,0,0,0,0,0,0,0,0,2,0,0,6,0,0,0,0,0,2,2,0,0,0,0,0,0,0,2,0,0,0,0
"איילת שאלה בּרוֹגַע (בשקט): ""מה?"".",4.0,8,0,4,8,20,2.5,0,10,0,3,0,0,0,0,0,0,0,0,0,0,0,2,0,4,2,0,4,4,0,0,2,0,0,0,0,0,2,0,0,0,0,0,0,0
"אורן התחיל להסביר: ""אתמול, כשנפגשנו במסיבה, חשבתי שאנחנו מתאימים, אבל היום, כשקראתי על מזל בתולה הבנתי שאנחנו לא מתאימים.""",11.86,25,0,18,19,96,5.053,0,8,0,6,0,0,0,0,0,0,0,0,0,0,0,2,0,6,12,2,2,2,0,2,0,2,12,6,2,0,0,4,4,2,0,0,0,3
איילת שתקה.,2.0,2,0,1,2,9,4.5,0,1,0,1,0,0,0,0,0,0,0,0,0,0,0,0,0,0,2,0,0,0,0,0,2,0,0,0,0,0,0,0,0,0,0,0,0,0
"אורן המשיך: ""לפי מה שכתוב בספר הָאַסְטְרוֹלוֹגְיָה, זה ממש לא ילך"".",8.85,15,0,10,19,44,2.316,0,13,0,3,0,0,0,0,0,0,0,0,0,0,0,2,0,4,2,0,2,4,0,2,0,4,0,4,0,0,2,2,2,2,0,0,0,3
"איילת ענתה ""בסדר"".",3.0,5,0,2,3,13,4.333,0,3,0,1,0,0,0,0,0,0,0,0,0,0,0,2,0,2,2,0,2,2,0,0,2,0,0,0,0,0,0,0,0,0,0,0,0,0
הפתיע את אורן שאיילת מסכימה כל כך מהר.,3.71,8,0,7,8,30,3.75,0,1,0,1,0,0,0,0,0,0,0,0,0,0,0,0,0,4,2,0,2,0,0,0,0,2,0,4,0,2,0,0,0,0,2,0,0,3
"הוא שאל שוב ""בסדר?"".",3.2,6,0,3,4,13,3.25,0,4,0,2,0,0,0,0,0,0,0,0,0,0,0,2,0,2,2,0,2,2,0,0,0,0,0,2,0,0,0,0,2,0,0,0,0,2
"""כן, בסדר"", איילת חזרה על מה שאמרה.",5.25,8,0,6,7,24,3.429,0,5,0,3,0,0,0,0,0,0,0,0,0,0,0,2,0,2,2,0,2,0,0,0,0,4,0,2,0,0,2,2,0,2,0,0,0,2
"""ואת לא כועסת עלי או משהו?""",5.43,7,0,5,6,19,3.167,0,3,0,1,0,0,0,0,0,0,0,0,0,0,0,2,0,2,0,0,0,0,2,2,0,0,0,2,2,0,0,0,2,2,0,0,0,3
הוסיף אורן.,1.0,1,0,1,2,9,4.5,0,1,0,1,0,0,0,0,0,0,0,0,0,0,0,0,0,2,2,0,0,0,0,0,0,0,0,0,0,0,0,0,0,0,0,0,0,0
"""לא"", היא ענתה בצורה נעימה, ""זכותךָ להאמין במה שאתה רוצה"".",5.82,13,0,9,10,41,4.1,0,8,0,3,0,0,0,0,0,0,0,0,0,0,0,4,0,4,4,2,4,0,0,2,0,0,0,2,0,0,2,2,4,0,0,0,0,1
איילת ניתקה את הטלפון.,3.0,5,0,3,4,18,4.5,0,1,0,1,0,0,0,0,0,0,0,0,0,0,0,0,0,2,2,0,0,2,0,0,2,0,0,0,0,2,0,0,0,0,0,0,0,1
"אחרי השיחה, אורן המשיך לשבת ושאל את עצמו, האם הוא התנהג 
בחכמה?",7.79,16,0,11,12,48,4.0,0,4,1,3,0,0,0,0,0,0,0,0,0,0,0,0,0,4,8,0,2,4,2,0,2,0,0,0,0,2,2,0,4,2,0,0,0,3
האם הוא צריך להאמין למה שכתוב בספר?,5.33,11,0,6,7,28,4.0,0,1,1,1,0,0,0,0,0,0,0,0,0,0,0,0,0,2,2,0,4,2,0,2,0,0,0,0,0,0,4,2,2,0,0,0,2,2
"אולי הוא הפסיד 
אהבה אמתית?",3.25,4,0,4,5,21,4.2,0,2,1,1,0,0,0,0,0,0,0,0,0,0,0,0,0,2,4,0,0,0,0,0,0,0,0,2,0,0,0,0,2,0,0,0,0,2
אולי כדאי לו לצלצל לאיילת ולבקש סליחה?,4.5,8,0,6,7,31,4.429,0,1,1,1,0,0,0,0,0,0,0,0,0,0,0,0,0,4,4,0,0,0,2,0,0,0,0,2,0,0,0,0,0,2,0,0,2,2
אולי ללכת אליה הביתה ולבקש סליחה?,4.0,7,0,5,6,27,4.5,0,1,1,1,0,0,0,0,0,0,0,0,0,0,0,0,0,2,4,0,0,0,2,0,0,0,0,4,0,0,0,0,0,2,0,0,0,1
פתאום הטלפון צלצל.,2.67,4,0,2,3,15,5.0,0,1,0,1,0,0,0,0,0,0,0,0,0,0,0,0,0,2,2,0,0,2,0,0,0,2,0,0,0,0,0,0,0,0,0,0,0,0
איילת התקשרה.,2.0,2,0,1,2,11,5.5,0,1,0,1,0,0,0,0,0,0,0,0,0,0,0,0,0,0,2,0,0,0,0,0,2,0,0,0,0,0,0,0,0,0,0,0,0,0
"אורן התפלא ואמר:  ""אייך את יודעת את מספר הטלפון שלי?""",3.55,7,0,9,10,39,3.9,0,4,0,2,0,0,0,0,0,0,0,0,0,0,0,2,0,4,4,0,0,2,2,2,0,2,0,0,0,2,2,0,2,0,0,0,0,2
"איילת ענתה שהיא ביקשה את מספר הטלפון מהשכנה שלה יעל, שלומדת עם אורן בכיתה.",9.44,17,0,13,14,59,4.214,0,2,0,2,0,0,0,0,0,0,0,0,0,0,0,0,0,8,6,0,4,6,0,0,4,2,0,0,0,2,0,2,2,2,0,0,0,3
זה הפתיע את אורן.,2.33,3,0,3,4,13,3.25,0,1,0,1,0,0,0,0,0,0,0,0,0,0,0,0,0,2,2,0,0,0,0,0,0,0,0,0,0,2,0,0,2,0,0,0,0,2
לא היה כתוב בספר הָאַסְטְרוֹלוֹגְיָה שבנות מזל בתולה חכמות כאלה!,7.31,15,0,9,18,46,2.556,0,9,0,1,0,0,0,0,0,0,0,0,0,0,0,0,0,4,0,4,4,4,0,2,0,4,0,2,0,0,0,2,2,0,0,0,0,2
"איילת המשיכה: ""רציתי לספר לךָ שסתם עבדתי עלייךָ כשאמרתי לךָ שנולדתי במזל בתולה.",10.4,21,0,12,13,61,4.692,0,6,0,2,0,0,0,0,0,0,0,0,0,0,0,1,0,4,10,0,4,4,0,0,0,2,6,2,0,0,0,4,0,6,0,0,0,0
"רציתי רק שהשיחה תזרום...""
אורן נדהם והרגיש סחרחורת כי הדברים של איילת הפתיעו אותו.",8.69,16,0,13,14,64,4.571,0,6,0,4,0,0,0,0,0,0,0,0,0,0,0,1,0,6,8,0,0,4,2,0,4,0,0,2,2,2,0,2,0,0,0,0,0,3
"עכשיו אורן חשב שאם איילת היא לא בת מזל בתולה , כל מה שקרא בספר בכלל לא מתאים ולא חשוב.",6.14,11,0,19,19,65,3.421,0,2,0,2,0,0,0,0,0,0,0,0,0,0,0,0,0,4,4,2,2,2,2,2,4,2,0,10,2,0,2,4,0,0,2,0,2,5
מה זה אומר לגבי שניהם?,3.25,4,0,4,5,17,3.4,0,1,1,1,0,0,0,0,0,0,0,0,0,0,0,0,0,0,0,0,0,0,0,2,0,0,0,0,0,0,2,0,4,2,0,0,0,2
לגבי הפגישה שנקבעה להערב?,3.67,6,0,3,4,21,5.25,0,1,1,1,0,0,0,0,0,0,0,0,0,0,0,0,0,2,2,0,2,2,0,0,0,0,0,2,0,0,0,2,0,2,0,0,0,0
אולי יוכלו להיפגש ולהיות חברים?,3.2,4,0,4,5,26,5.2,0,1,1,1,0,0,0,0,0,0,0,0,0,0,0,0,0,2,2,0,0,0,2,0,0,0,0,2,0,0,0,0,0,0,0,0,2,2
"אבל איילת המשיכה לדבר: ""אל תשאל אותי מה המזל האמתי שלי, מפני שזה לא משנה.",9.72,21,0,14,15,55,3.667,0,4,0,3,0,0,0,0,0,0,0,0,0,0,0,1,0,4,6,0,0,6,0,2,0,2,0,4,2,2,2,2,2,2,0,0,0,4
"שמחתי לפגוש אותךָ, ואולי עוד נפגש במסיבות של הַחֶבְרֶ'ה, אבל לא נראה לי שאני אסתדר עם מישהו שחושב עלי דברים בלי שהוא הכיר אותי מספיק, רק בגלל משהו שהוא קרא בספר על מזלות..."".",20.48,40,0,32,37,128,3.459,0,14,0,8,0,0,0,0,0,0,0,0,0,0,0,2,0,16,12,0,4,4,2,2,0,2,0,10,2,4,0,8,6,10,0,0,0,11
"זה מה שקרה למיכל בקיץ שעבר, לפני שנה:
זה היה ממש בתחילת החופש הגדול.",9.17,19,0,13,14,52,3.714,0,4,0,3,0,0,0,0,0,0,0,0,0,0,0,0,0,6,6,2,6,4,0,0,0,2,0,2,0,0,2,6,2,2,0,0,0,5
ירון הגיע מהמושב לעיר.,4.0,8,0,3,4,18,4.5,0,1,0,1,0,0,0,0,0,0,0,0,0,0,0,0,0,4,2,0,4,4,0,0,2,0,0,0,0,0,0,0,0,0,0,0,0,0
הוא גר כל החופש הגדול בבית של הדודים שלו בעיר.,7.47,14,0,9,10,36,3.6,0,1,0,1,0,0,0,0,0,0,0,0,0,0,0,0,0,8,2,2,4,8,0,0,0,0,0,0,0,0,0,0,2,0,2,0,0,4
מיכל הכירה את ירון.,2.33,3,0,3,4,15,3.75,0,1,0,1,0,0,0,0,0,0,0,0,0,0,0,0,0,0,2,0,0,0,0,0,4,0,0,0,0,2,0,0,0,0,0,0,0,1
ירון היה חתיך (יפה): גבוה ושָזוּף (העור שלו קיבל צבע כהה מהשמש).,7.93,17,0,11,14,45,3.214,0,8,0,2,0,0,0,0,0,0,0,0,0,0,0,0,0,8,2,8,2,4,2,0,2,0,0,0,0,0,0,0,0,0,0,0,0,2
"מיכל קראה לו ""ירון שלי"".",3.33,6,0,4,5,17,3.4,0,3,0,1,0,0,0,0,0,0,0,0,0,0,0,2,0,2,4,0,0,0,0,0,0,0,0,0,0,0,0,0,0,2,0,0,0,1
ירון החזיק כל הזמן את הגיטרה שלו.,4.75,8,0,6,7,26,3.714,0,1,0,1,0,0,0,0,0,0,0,0,0,0,0,0,0,4,2,0,0,4,0,0,2,0,0,0,0,2,0,0,0,0,2,0,0,2
הוא מאוד אהב לנגן בגיטרה.,4.17,7,0,4,5,20,4.0,0,1,0,1,0,0,0,0,0,0,0,0,0,0,0,0,0,2,4,0,2,2,0,0,0,0,0,2,0,0,0,0,2,0,0,0,0,1
ירון ומיכל נפגשו ודיברו.,3.8,5,0,3,4,20,5.0,0,1,0,1,0,0,0,0,0,0,0,0,0,0,0,0,0,2,4,0,0,0,4,0,2,0,0,0,0,0,0,0,0,0,0,0,0,0
"ירון אמר: ""מי שתרצה להיות החברה שלי, 
תצטרך לאהוב את הגיטרה שלי, כי אני תמיד מנגן בגיטרה"".",11.5,22,0,16,17,67,3.941,0,7,0,4,0,0,0,0,0,0,0,0,0,0,0,2,0,6,8,0,4,6,0,2,2,2,0,2,2,2,2,2,2,0,0,0,0,4
מיכל התאהבה בירון והסכימה לשמוע אותו מנגן הרבה בגיטרה.,7.93,17,0,8,9,45,5.0,0,1,0,1,0,0,0,0,0,0,0,0,0,0,0,0,0,6,4,0,6,6,2,0,4,2,0,0,0,2,0,0,0,0,0,0,0,1
ירון היה האהבה הראשונה של מיכל.,3.88,7,0,5,6,25,4.167,0,1,0,1,0,0,0,0,0,0,0,0,0,0,0,0,0,2,0,0,2,4,0,0,2,0,0,0,0,0,0,0,0,0,0,0,2,2
"ירון זימזם שיר: ""כי הגיטרה, הגיטרה..."" .",4.71,8,0,6,6,26,4.333,0,8,0,6,0,0,0,0,0,0,0,0,0,0,0,2,0,4,2,0,0,4,0,0,4,0,0,0,2,0,0,0,0,0,0,0,0,0
"מיכל עצמה את העיניים וחשבה: 
""הלוואי שירון יאהב אותי כמו שהוא אוהב את הגיטרה.""",9.67,18,0,13,14,60,4.286,0,5,0,2,0,0,0,0,0,0,0,0,0,0,0,2,0,8,8,0,0,6,2,2,0,0,0,0,0,6,0,4,2,2,0,0,0,5
ירון המשיך לנגן ולשיר.,3.0,4,0,3,4,18,4.5,0,1,0,1,0,0,0,0,0,0,0,0,0,0,0,0,0,0,6,0,0,0,2,0,2,0,0,0,0,0,0,0,0,0,0,0,0,0
וכך עברו עוד הרבה לילות של קיץ.,4.86,7,0,6,7,24,3.429,0,1,0,1,0,0,0,0,0,0,0,0,0,0,0,0,0,4,2,0,0,0,2,0,0,0,0,4,0,0,0,0,0,0,2,0,0,1
מיכל וירון ביחד.,2.0,2,0,2,3,13,4.333,0,1,0,1,0,0,0,0,0,0,0,0,0,0,0,0,0,2,0,0,0,0,2,0,2,0,0,2,0,0,0,0,0,0,0,0,0,0
במשך היום ירון עבד בַּמַכּוֹלֶת (סופרמרקט קטן) של הדודים שלו.,6.5,12,0,9,15,43,2.867,0,9,0,1,0,0,0,0,0,0,0,0,0,0,0,0,0,8,2,2,2,4,0,0,0,2,0,0,0,0,0,0,0,2,0,0,0,1
ירון נסע על אופניים והביא משלוחים של דברי אוכל לאנשים.,6.27,13,0,9,10,44,4.4,0,1,0,1,0,0,0,0,0,0,0,0,0,0,0,0,0,8,4,0,2,2,2,0,2,2,0,0,0,0,0,0,0,2,0,0,0,2
"כל פעם שהוא עבר עם האופניים ליד הבית של מיכל, 
הוא היה שורק לה.",9.12,16,0,13,14,47,3.357,0,3,0,2,0,0,0,0,0,0,0,0,0,0,0,0,0,8,2,0,0,4,0,2,0,0,0,0,0,0,0,2,4,6,2,0,0,5
"מיכל היתה שומעת, יוצאת למרפסת ושולחת לו נשיקה באוויר.",7.15,15,0,8,9,43,4.778,0,2,0,2,0,0,0,0,0,0,0,0,0,0,0,0,0,10,0,0,4,4,2,2,0,2,0,0,0,0,0,0,0,2,0,0,0,2
ירון עבד כל יום משמונה בבוקר עד חמש.,4.33,9,0,7,8,28,3.5,0,1,0,1,0,0,0,0,0,0,0,0,0,0,0,0,0,4,2,0,4,2,0,0,2,0,0,0,0,0,0,0,0,2,2,0,0,2
"במשך יום העבודה הוא עבר הרבה פעמים ליד הבית של מיכל, 
שרק לה, והם החליפו נשיקות באוויר.",11.29,20,0,16,17,67,3.941,0,4,0,3,0,0,0,0,0,0,0,0,0,0,0,0,0,12,4,0,2,6,2,0,0,2,0,2,0,0,0,2,4,6,2,0,0,2
"ירון הגיע לחופשה בעיר לחופש הגדול, רק לשני חודשים (8 שבועות).",7.69,17,0,10,11,47,4.273,1,4,0,2,0,0,0,0,0,0,0,0,0,0,0,0,0,10,2,2,8,8,0,0,2,0,0,2,0,0,0,0,0,0,0,0,0,1
"עוד מעט החופש הגדול ייגמר, וירון יחזור למושב.",7.0,13,0,7,8,36,4.5,0,2,0,2,0,0,0,0,0,0,0,0,0,0,0,0,0,4,6,2,2,6,2,0,0,0,0,2,0,0,0,0,0,0,2,0,0,1
"מיכל וירון ניסו להיפגש אחד עם השני הרבה פעמים
לפני שירון יחזור למושב.",8.5,18,0,12,13,56,4.308,0,2,0,1,0,0,0,0,0,0,0,0,0,0,0,0,0,4,8,2,2,6,2,0,6,0,0,0,0,0,0,2,0,2,0,0,0,2
"ירון ומיכל נפגשו בחצר, הם עשו ביחד קוּמְזִיץ (מדורה) על שפת הים, 
שטו בּאַבּוּבִים (גלגלי ים) על נהר הירדן.",10.64,22,0,18,27,73,2.704,0,16,0,3,0,0,0,0,0,0,0,0,0,0,0,0,0,10,6,0,6,6,0,0,8,6,0,2,0,0,0,0,2,4,0,0,0,3
היה להם כיף ביחד.,3.86,8,0,3,4,13,3.25,0,1,0,1,0,0,0,0,0,0,0,0,0,0,0,0,0,2,0,0,4,4,0,0,0,0,0,2,0,0,0,0,2,0,0,0,0,2
אבל מיכל כל הזמן חשבה שעוד מעט ירון יחזור למושב.,7.5,14,0,9,10,38,3.8,0,1,0,1,0,0,0,0,0,0,0,0,0,0,0,0,0,6,6,0,2,4,0,0,0,0,0,4,2,0,0,2,0,0,2,0,0,3
היא הייתה עצובה ומודאגת.,4.0,4,0,3,4,20,5.0,0,1,0,1,0,0,0,0,0,0,0,0,0,0,0,0,0,0,0,4,0,0,2,0,0,0,0,0,0,0,0,0,2,0,0,0,0,1
"מיכל חשבה: ""מה יהיה בסוף הקיץ?",4.14,8,0,5,6,22,3.667,0,3,1,2,0,0,0,0,0,0,0,0,0,0,0,1,0,4,2,0,2,2,0,0,0,2,0,0,0,0,2,0,0,0,0,0,0,1
"ירון חוזר למושב, אני אשאר כאן לבד עם לב שבור (עצובה)?",5.73,11,0,10,11,39,3.545,0,4,1,2,0,0,0,0,0,0,0,0,0,0,0,0,0,4,2,4,2,2,0,2,2,0,0,4,0,0,0,0,2,2,0,0,0,3
ואולי זה לא יהיה הסוף של הַחֲבֵרוּת?,6.12,10,0,6,11,25,2.273,0,5,1,1,0,0,0,0,0,0,0,0,0,0,0,0,0,4,0,0,0,4,2,0,0,0,0,4,0,0,0,0,2,0,0,0,0,4
אולי נוכל לשמור על קשר?,2.75,4,0,4,5,18,3.6,0,1,1,1,0,0,0,0,0,0,0,0,0,0,0,0,0,2,2,0,0,0,0,0,0,0,0,2,0,0,0,0,0,2,0,0,2,2
נוכל לדבר בטלפון או לשלוח מייל.,4.29,7,0,5,6,25,4.167,0,1,0,1,0,0,0,0,0,0,0,0,0,0,0,0,0,4,4,0,2,2,0,0,0,0,0,0,2,0,0,0,0,0,0,0,2,1
"אני אוכל לנסוע לבקר את ירון 
במושב, הוא יוכל לבוא לבקר אותי בעיר.""",8.13,17,0,12,13,50,3.846,0,4,0,2,0,0,0,0,0,0,0,0,0,0,0,1,0,4,8,0,4,2,0,0,2,0,0,0,0,4,0,0,2,0,0,0,4,5
מיכל מאוד אהבה את ירון.,2.75,4,0,4,5,18,3.6,0,1,0,1,0,0,0,0,0,0,0,0,0,0,0,0,0,2,2,0,0,0,0,0,2,0,0,2,0,2,0,0,0,0,0,0,0,1
מיכל לא רצתה שהקשר ביניהם יגמר.,5.12,9,0,5,6,25,4.167,0,1,0,1,0,0,0,0,0,0,0,0,0,0,0,0,0,4,4,0,0,2,0,0,0,0,0,2,0,0,0,2,0,2,0,0,0,1
מיכל חשבה שגם אחרי החופש הגדול הם יישארו חברים.,6.2,11,0,8,9,38,4.222,0,1,0,1,0,0,0,0,0,0,0,0,0,0,0,0,0,6,4,2,0,4,0,0,0,0,0,2,0,0,0,2,2,2,0,0,0,2
"מיכל רצתה שהחופש הגדול לא ייגמר, אבל זה בלתי אפשרי.",7.09,13,0,9,10,40,4.0,0,2,0,2,0,0,0,0,0,0,0,0,0,0,0,0,0,4,4,4,0,4,0,0,0,0,0,2,2,0,0,2,2,0,0,0,0,3
הזמן עובר וירון יחזור למושב.,5.12,9,0,4,5,23,4.6,0,1,0,1,0,0,0,0,0,0,0,0,0,0,0,0,0,4,2,0,2,4,2,2,2,0,0,0,0,0,0,0,0,0,0,0,0,0
"מיכל חשבה שהיא צריכה לדבר עם ירון,
היא צריכה לחשוב איתו ביחד איך לשמור על הקשר ביניהם.",8.39,19,0,16,17,68,4.0,0,3,0,2,0,0,0,0,0,0,0,0,0,0,0,0,0,4,6,4,2,2,0,0,2,0,0,2,0,0,2,2,2,8,0,0,2,5
"מיכל וירון ישבו בחצר, על הדשא.",4.62,9,0,5,6,23,3.833,0,2,0,2,0,0,0,0,0,0,0,0,0,0,0,0,0,4,2,0,2,2,2,0,4,0,0,0,0,0,0,0,0,2,0,0,0,1
"מיכל אמרה לירון: 
""עוד מעט החופש הגדול ייגמר ואתה תחזור למושב.",8.4,17,0,10,11,48,4.364,0,4,0,2,0,0,0,0,0,0,0,0,0,0,0,1,0,6,8,2,4,6,2,0,2,0,0,2,0,0,0,0,2,0,0,0,0,1
"בוא נחשוב איך לשמור על הקשר בינינו בעתיד"".",5.8,12,0,7,8,33,4.125,0,2,0,1,0,0,0,0,0,0,0,0,0,0,0,1,0,6,4,0,2,4,0,0,0,0,0,0,0,0,2,0,0,4,0,0,0,2
"ירון היה מופתע (לא חיכה למה שמיכל אמרה) ושאל:
""מה זאת אומרת?""",7.5,14,0,11,12,44,3.667,0,7,0,2,0,0,0,0,0,0,0,0,0,0,0,2,0,4,4,0,0,0,2,4,2,0,0,2,0,0,2,4,2,0,0,0,0,3
"מיכל הסבירה: ""אתה ואני צריכים לחשוב מתי ואיך אתה תבוא אלי, 
מתי ואיך אני אבוא אליך, ומתי ואיך...""
ירון הפסיק את מיכל ושאל :
""למה?",16.0,30,0,24,24,93,3.875,0,14,1,8,0,0,0,0,0,0,0,0,0,0,0,3,0,4,10,2,2,4,12,0,2,0,0,10,0,2,2,0,8,4,0,0,2,5
"למה צריך לעשות תוכניות לעתיד?""",4.29,8,0,4,5,24,4.8,0,2,0,1,0,0,0,0,0,0,0,0,0,0,0,1,0,4,2,0,4,2,0,0,0,0,0,0,0,0,2,0,0,0,0,0,2,1
"מיכל אמרה: ""צריך לתכנן את המשך הקשר שלנו"".",5.0,9,0,7,8,31,3.875,0,4,0,2,0,0,0,0,0,0,0,0,0,0,0,2,0,4,2,0,0,2,0,0,2,2,0,0,0,2,0,2,0,2,0,0,2,1
"ירון ענה: ""לא, לא צריך לתכנן"".",4.4,5,0,5,6,20,3.333,0,5,0,3,0,0,0,0,0,0,0,0,0,0,0,2,0,0,4,0,0,0,0,0,2,0,0,4,0,0,0,0,0,0,0,0,2,1
"מיכל התיישרה ושאלה: ""אז מתי נפגש?""",4.0,6,0,5,6,25,4.167,0,4,0,2,0,0,0,0,0,0,0,0,0,0,0,2,0,2,4,0,0,2,2,0,2,0,0,4,0,0,0,0,0,0,0,0,0,1
"ירון ענה: ""מתי שייצא"".",2.5,4,0,3,4,15,3.75,0,4,0,2,0,0,0,0,0,0,0,0,0,0,0,2,0,0,4,0,0,0,0,0,2,0,0,2,0,0,0,2,0,0,0,0,0,0
"מיכל אמרה: ""ואם זה לא ייצא?""",4.33,7,0,5,6,19,3.167,0,4,0,2,0,0,0,0,0,0,0,0,0,0,0,2,0,4,4,0,0,0,2,0,0,0,0,2,0,0,0,0,2,0,0,0,0,2
"ירון ליטף את הגיטרה שלו וענה:
""אז לא, בחייךְ, מה את עושה מזה כזה עניין?""",10.68,21,0,14,15,51,3.4,0,8,0,4,0,0,0,0,0,0,0,0,0,0,0,2,0,6,4,0,6,6,2,2,2,0,0,2,0,4,2,0,4,0,0,0,0,5
"מיכל הרגישה שהיא רוצה לבכות:
""אני לא עושה שום עניין, אבל אני לא מבינה... 
אני פשוט לא מבינה איך אתה לוקח את זה כל בקלות... 
כאילו שבכלל לא אכפת לך אם כן או לא נמשיך להיות חברים.",21.19,42,0,36,37,129,3.486,0,13,0,9,0,0,0,0,0,0,0,0,0,0,0,1,0,10,2,4,4,2,0,8,0,0,0,18,8,2,2,4,10,2,4,0,0,17
"לא תרצה להיות בקשר איתי אחרי החופש הגדול?""",5.64,13,0,7,8,33,4.125,0,2,0,1,0,0,0,0,0,0,0,0,0,0,0,1,0,4,2,2,4,6,0,0,2,2,0,2,0,0,0,0,0,2,0,0,0,4
"ירון אמר: ""היה קיץ, היה יופי וזהו, הקיץ נגמר"".",4.88,9,0,8,9,32,3.556,0,6,0,4,0,0,0,0,0,0,0,0,0,0,0,2,0,4,6,0,0,0,2,0,2,0,0,0,0,0,0,0,2,0,0,0,0,1
מיכל הִתְאַכְזְבָה שלירון לא אכפת אם הם יפסיקו להיות חברים.,6.18,12,0,9,16,43,2.688,0,7,0,1,0,0,0,0,0,0,0,0,0,0,0,0,0,6,4,0,2,2,0,0,2,0,0,4,2,0,0,2,2,0,0,0,0,4
"היא אמרה: 
""אבל היה לנו רוֹמָן (סיפור אהבה) כל כך יפה, למה לא להמשיך?""",7.46,15,0,13,16,47,2.938,0,10,0,3,0,0,0,0,0,0,0,0,0,0,0,2,0,2,4,2,0,0,0,0,0,4,0,4,2,0,2,0,2,2,2,0,0,7
"ירון הושיט יד כדי לגעת במיכל ואמר:
""מיכלי, אל תגזימי, כן נפגש או לא נפגש, זה לא חשוב"".",11.32,22,0,17,18,62,3.444,0,8,0,5,0,0,0,0,0,0,0,0,0,0,0,2,0,6,6,0,4,4,2,0,4,0,0,6,2,0,0,0,2,2,0,0,4,6
"מיכל כעסה: ""אל תיגע בי ואל תקרא לי מיכלי"".",6.0,10,0,8,9,30,3.333,0,4,0,2,0,0,0,0,0,0,0,0,0,0,0,2,0,2,6,0,2,0,2,0,2,0,0,4,0,0,0,0,0,4,0,0,0,1
לירון לא אכפת מהקשר שלהם בעתיד (אחרי החופש הגדול).,7.36,16,0,8,9,39,4.333,0,3,0,1,0,0,0,0,0,0,0,0,0,0,0,0,0,6,2,2,4,8,0,0,2,0,0,2,0,0,0,0,0,2,0,0,0,2
מיכל נעלבה.,2.0,2,0,1,2,9,4.5,0,1,0,1,0,0,0,0,0,0,0,0,0,0,0,0,0,0,2,0,2,0,0,0,0,0,0,0,0,0,0,0,0,0,0,0,2,0
"כמה ימים אחרי השיחה הזו, החופש הגדול נגמר.",7.7,12,0,7,8,33,4.125,0,2,0,2,0,0,0,0,0,0,0,0,0,0,0,0,0,6,0,2,0,8,0,2,0,0,0,0,0,0,0,0,2,2,2,0,0,1
"ירון ארז את התיק, לקח את הגיטרה וחזר למושב.",6.75,14,0,8,9,33,3.667,0,2,0,2,0,0,0,0,0,0,0,0,0,0,0,0,0,6,6,0,2,6,2,0,2,0,0,0,0,4,0,0,0,0,0,0,0,2
"מיכל החליטה שגם אם ירון יצלצל אליה או יבוא לבקר – 
היא כבר לא רוצה להיות חברה שלו.",5.0,10,0,17,17,62,3.647,0,3,0,1,0,0,0,0,0,0,0,0,0,0,0,0,0,6,8,0,0,0,0,2,2,0,0,6,4,0,0,2,2,0,0,0,0,5
"מיכל הרגישה שירון לא אהב אותה כמו שהיא אהבה אותו, 
ולכן החברות שלהם צריכה להגמר.",11.0,22,0,14,15,63,4.2,0,3,0,2,0,0,0,0,0,0,0,0,0,0,0,0,0,4,6,2,0,4,2,0,2,0,0,2,2,4,0,4,2,2,0,0,2,4
ירון צלצל למיכל כמה פעמים.,3.0,6,0,4,5,21,4.2,0,1,0,1,0,0,0,0,0,0,0,0,0,0,0,0,0,4,2,0,2,0,0,0,2,0,0,0,0,0,0,0,0,0,2,0,0,0
הוא אפילו כתב לה שיר אהבה ושלח לה במייל.,6.67,14,0,8,9,31,3.444,0,1,0,1,0,0,0,0,0,0,0,0,0,0,0,0,0,4,4,0,2,2,2,0,0,2,0,0,2,0,0,0,2,4,0,0,0,3
אבל מיכל הייתה קשוחה (לא הסכימה לוותר) ולא התייחסה לירון.,5.89,10,0,9,10,45,4.5,0,3,0,1,0,0,0,0,0,0,0,0,0,0,0,0,0,2,6,2,0,0,2,0,2,0,0,4,2,0,0,0,0,0,0,0,0,1
"זה מה שקרה למיכל בקיץ של השנה הזאת (שנה אחרי שנפרדה מירון):
זה היה בהתחלה של הקיץ.",11.05,21,0,16,17,62,3.647,0,5,0,2,0,0,0,0,0,0,0,0,0,0,0,0,0,10,6,0,6,6,0,0,2,0,0,0,0,0,2,4,4,2,0,0,0,7
עוד כמה ימים יתחיל החופש הגדול.,4.86,8,0,5,6,25,4.167,0,1,0,1,0,0,0,0,0,0,0,0,0,0,0,0,0,4,2,2,0,4,0,0,0,0,0,2,0,0,0,0,0,0,2,0,0,0
מיכל הכירה את ערן.,2.33,3,0,3,4,14,3.5,0,1,0,1,0,0,0,0,0,0,0,0,0,0,0,0,0,0,2,0,0,0,0,0,4,0,0,0,0,2,0,0,0,0,0,0,0,1
שמש חמה וצהובה זרחה בשמיים.,4.43,8,0,4,5,22,4.4,0,1,0,1,0,0,0,0,0,0,0,0,0,0,0,0,0,4,2,4,2,2,2,0,0,0,0,0,0,0,0,0,0,0,0,0,0,0
מיכל וערן ישבו בחצר ודיברו.,5.0,8,0,4,5,22,4.4,0,1,0,1,0,0,0,0,0,0,0,0,0,0,0,0,0,2,4,0,2,2,4,0,4,0,0,0,0,0,0,0,0,0,0,0,0,0
"מיכל אמרה לערן: ""אין לי שום דבר נגדךָ, אתה בסדר"".",6.17,14,0,9,10,34,3.4,0,6,0,3,0,0,0,0,0,0,0,0,0,0,0,2,0,4,2,0,2,2,0,0,2,0,0,2,0,0,0,0,2,4,2,0,0,2
"ערן מלמל (אמר בשקט): ""אבל את לא רוצה להיות חברה שלי"".",6.0,11,0,10,11,37,3.364,0,6,0,2,0,0,0,0,0,0,0,0,0,0,0,2,0,4,2,2,2,0,0,2,4,0,0,2,0,2,0,0,0,0,0,0,0,3
"מיכל הסתכלה הצידה (לצד) ואמרה: 
""אל תחשוב שזה בגללךָ.",6.67,13,0,8,9,38,4.222,0,7,0,2,0,0,0,0,0,0,0,0,0,0,0,1,0,2,6,0,2,2,2,0,2,0,0,4,0,0,0,2,2,2,0,0,0,0
"אתה בסדר גמור"".",3.0,3,0,2,3,11,3.667,0,2,0,1,0,0,0,0,0,0,0,0,0,0,0,1,0,0,0,0,0,0,0,2,0,0,0,2,0,0,0,0,2,0,0,0,0,1
"מיכל הִרְהֲרָה (חשבה): 
""ערן נחמד מאוד, אבל אנחנו לא מכירים הרבה זמן, רק יומיים שלושה.",7.46,14,0,14,19,60,3.158,0,12,0,4,0,0,0,0,0,0,0,0,0,0,0,1,0,6,2,4,0,0,0,2,2,0,0,6,2,0,0,0,2,0,2,0,0,4
הוא לא יודע דברים עלי ואני לא יודעת דברים עליו.,6.55,10,0,9,10,37,3.7,0,1,0,1,0,0,0,0,0,0,0,0,0,0,0,0,0,4,2,0,0,0,2,2,0,0,0,4,0,0,0,0,4,4,0,0,0,4
האם אני צריכה לספר לו למה אני לא רוצה להיות חברה שלו?,6.85,13,0,11,12,41,3.417,0,1,1,1,0,0,0,0,0,0,0,0,0,0,0,0,0,2,2,0,2,0,0,2,0,0,0,2,0,0,4,0,4,2,0,0,2,6
"לספר לו את כל הסודות שלי?""",4.62,8,0,5,6,19,3.167,0,2,0,1,0,0,0,0,0,0,0,0,0,0,0,1,0,2,2,0,0,2,0,0,0,0,0,0,0,2,0,0,0,2,2,0,0,3
מיכל היתה מודאגת.,2.0,2,0,2,3,14,4.667,0,1,0,1,0,0,0,0,0,0,0,0,0,0,0,0,0,2,0,2,0,0,0,0,0,0,0,0,0,0,0,0,0,0,0,0,0,1
"היא לא היתה בטוחה שכדאי לספר לערן את כל מה שקרה לה עם 
ירון בקיץ שעבר (בקיץ לפני שנה).",12.92,26,0,18,19,64,3.368,0,4,0,1,0,0,0,0,0,0,0,0,0,0,0,0,0,8,6,0,6,4,0,0,4,0,0,2,0,2,2,6,2,6,2,0,2,9
"פתאום, מיכל שמעה את ערן אומר: ""אני מרגיש שיש לךְ משהו נגדי.",6.42,11,0,11,12,43,3.583,0,5,0,3,0,0,0,0,0,0,0,0,0,0,0,1,0,4,4,2,0,0,0,2,2,0,0,2,0,2,0,2,2,2,0,0,0,1
את לא רוצה להיות חברה שלי.,3.83,6,0,5,6,20,3.333,0,1,0,1,0,0,0,0,0,0,0,0,0,0,0,0,0,2,0,0,0,0,0,2,0,0,0,2,0,0,0,0,2,0,0,0,0,3
"מה עשיתי לא בסדר?""",3.2,6,0,3,4,13,3.25,0,2,0,1,0,0,0,0,0,0,0,0,0,0,0,1,0,2,2,0,2,2,0,0,0,0,0,2,0,0,2,0,0,0,0,0,0,2
"מיכל אמרה בשקט: ""אני מצטערת אבל קשה לי לספר"".",5.78,11,0,8,9,33,3.667,0,4,0,2,0,0,0,0,0,0,0,0,0,0,0,2,0,4,4,2,2,0,0,2,0,0,0,0,2,0,0,0,2,2,0,0,0,2
"ערן הסתכל על מיכל ופתאום אמר: 
""את כל כך נחמדה ואת מוצאת חן בעיני, 
אז אני לא מבין למה את מתרחקת ממני?",12.96,24,0,21,22,75,3.409,0,6,1,3,0,0,0,0,0,0,0,0,0,0,0,1,0,6,4,2,2,0,4,6,2,0,0,8,0,6,2,0,2,4,2,0,0,9
"אני מרגיש שעשיתי משהו לא טוב, אני לא מבין מה"".",6.11,10,0,9,10,34,3.4,0,3,0,2,0,0,0,0,0,0,0,0,0,0,0,1,0,2,0,2,0,0,0,4,0,0,0,4,0,0,2,2,6,0,0,0,0,4
מיכל שמעה את ערן וחייכה בִּמְבוּכָה (היה לה לא נוח).,7.67,14,0,9,14,35,2.5,0,8,0,1,0,0,0,0,0,0,0,0,0,0,0,0,0,2,4,2,2,2,2,0,4,0,0,2,0,2,0,0,0,2,0,0,0,3
ערן נפגע ומיכל הרגישה לא נעים.,4.86,8,0,5,6,24,4.0,0,1,0,1,0,0,0,0,0,0,0,0,0,0,0,0,0,2,4,2,0,2,2,0,2,0,0,2,0,0,0,0,0,0,0,0,0,1
"ערן המשיך לדבר: 
""אני לא מכריח אותך לאהוב אותי אבל אני לא מבין 
מה עשיתי לא טוב?",10.65,19,0,16,17,59,3.471,0,5,1,2,0,0,0,0,0,0,0,0,0,0,0,1,0,0,8,2,0,0,0,4,2,0,0,6,2,4,2,0,4,0,0,0,0,8
"למה את לא רוצה להיות חברה שלי?""",4.71,7,0,6,7,23,3.286,0,2,0,1,0,0,0,0,0,0,0,0,0,0,0,1,0,2,0,0,0,0,0,2,0,0,0,2,0,0,2,0,2,0,0,0,0,4
"מיכל ניסתה לענות: ""אני לא חושבת שאתה.....""",4.57,7,0,6,7,28,4.0,0,8,0,6,0,0,0,0,0,0,0,0,0,0,0,2,0,2,4,0,0,0,0,2,0,0,0,2,0,0,0,2,4,0,0,0,0,1
"אבל ערן המשיך לדבר: 
""אני מבין, שאם את לא רוצה להיות חברה שלי, זה בגללי, 
אני לא מטומטם.",11.11,21,0,17,18,63,3.5,0,8,0,5,0,0,0,0,0,0,0,0,0,0,0,1,0,2,4,0,0,0,0,6,2,0,0,4,4,2,0,2,6,2,0,0,0,7
"אני לא חושב שזה בגלל מישהו אחר"",
ערן הִשְתַתֵּק (הפסיק לדבר).",7.0,14,0,10,15,41,2.733,0,11,0,2,0,0,0,0,0,0,0,0,0,0,0,1,0,6,2,0,2,4,0,2,2,0,0,2,0,0,0,2,4,2,0,0,0,3
"מיכל התפרצה ואמרה: ""זה לא....""
מיכל לא סיימה את המשפט.",6.55,13,0,9,10,37,3.7,0,9,0,6,0,0,0,0,0,0,0,0,0,0,0,2,0,6,6,0,2,4,2,0,0,0,0,2,0,2,0,0,2,0,0,0,0,2
היא הִשְתַתְּקָה (הפסיקה לדבר).,2.5,4,0,3,9,19,2.111,0,9,0,1,0,0,0,0,0,0,0,0,0,0,0,0,0,2,4,0,0,2,0,0,0,0,0,0,0,0,0,0,2,0,0,0,0,1
גם ערן היה שקט עכשיו.,2.75,3,0,4,5,16,3.2,0,1,0,1,0,0,0,0,0,0,0,0,0,0,0,0,0,0,0,2,0,0,0,0,2,0,0,4,0,0,0,0,0,0,0,0,0,2
ערן ומיכל נשענו על הגדר שליד הבית.,5.56,11,0,6,7,27,3.857,0,1,0,1,0,0,0,0,0,0,0,0,0,0,0,0,0,6,2,0,0,4,2,0,2,0,0,0,0,0,0,2,0,4,0,0,0,1
השמש מלמעלה היתה חמה מאוד ולא נעימה.,5.0,9,0,6,7,29,4.143,0,1,0,1,0,0,0,0,0,0,0,0,0,0,0,0,0,2,0,4,0,2,2,0,0,0,0,6,0,0,0,0,0,0,0,0,0,1
"מיכל אמרה: ""אני לא יודעת אייך להגיד את זה"".",5.12,8,0,8,9,31,3.444,0,4,0,2,0,0,0,0,0,0,0,0,0,0,0,2,0,2,4,0,0,0,0,2,0,0,0,2,0,2,2,0,4,0,0,0,0,2
"ערן הציע בצחוק: ""נסי בעברית או באנגלית.",5.0,10,0,6,7,30,4.286,0,3,0,2,0,0,0,0,0,0,0,0,0,0,0,1,0,2,2,2,4,2,0,0,2,4,0,0,2,0,0,0,0,0,0,0,0,1
גם בערבית זה יהיה בסדר.,4.43,8,0,4,5,18,3.6,0,1,0,1,0,0,0,0,0,0,0,0,0,0,0,0,0,4,0,0,4,2,0,0,0,0,0,2,0,0,0,0,2,0,0,0,0,3
"אבל אם תנסי להסביר בצרפתית, 
אין סיכוי שאבין""
מיכל חייכה ואמרה בלב: 
""הוא ממש ממש נחמד, אבל הוא לא יבין אותי, 
הוא לא יבין למה אני לא רוצה שנהיה חברים"".",17.97,34,0,29,30,112,3.733,0,12,0,5,0,0,0,0,0,0,0,0,0,0,0,3,0,6,14,4,4,4,2,2,2,0,0,10,6,2,2,4,6,0,0,0,0,11
מיכל נזכרה במקרה שקרה לה בקיץ שעבר.,6.0,11,0,6,7,28,4.0,0,1,0,1,0,0,0,0,0,0,0,0,0,0,0,0,0,4,6,0,4,2,0,0,2,0,0,0,0,0,0,4,0,2,0,0,0,1
"בגלל המקרה הזה, היא לא רצתה להיות חברה של ערן.",7.0,12,0,9,10,35,3.5,0,2,0,2,0,0,0,0,0,0,0,0,0,0,0,0,0,6,2,0,2,6,0,0,2,0,0,2,0,0,0,0,4,2,0,0,0,5
"בקיץ שעבר, בתחילת החופש הגדול, היא הכירה את ירון.",8.14,14,0,8,9,38,4.222,0,3,0,3,0,0,0,0,0,0,0,0,0,0,0,0,0,6,2,2,4,8,0,0,2,2,0,0,0,2,0,2,0,0,0,0,0,2
"היא אהבה את ירון, והייתה עצובה שהם לא נשארו חברים.",5.7,11,0,9,10,39,3.9,0,2,0,2,0,0,0,0,0,0,0,0,0,0,0,0,0,2,4,2,0,0,2,0,2,0,0,2,0,2,0,2,4,0,0,0,0,3
על כל הדברים הללו חשבה מיכל כשישבה ליד ערן.,6.36,12,0,8,9,34,3.778,0,1,0,1,0,0,0,0,0,0,0,0,0,0,0,0,0,6,4,0,2,4,0,0,2,0,6,0,0,0,0,0,2,2,2,0,0,2
"היא אמרה: ""ערן, בקיץ שעבר קרה לי משהו שקשה לי לדבר עליו"".",9.0,18,0,11,12,41,3.417,0,5,0,3,0,0,0,0,0,0,0,0,0,0,0,2,0,2,10,0,4,2,0,0,2,0,0,2,0,0,0,4,2,6,0,0,0,3
"ערן נשבע:
""אני מבטיח שכל מה שתספרי לי יהיה סוד, לא אגלה לאף אחד"".",8.53,17,0,13,14,47,3.357,0,6,0,3,0,0,0,0,0,0,0,0,0,0,0,2,0,2,4,0,2,0,0,2,4,0,0,2,2,0,2,4,0,2,2,0,0,4
"מיכל התחילה לספר: ""בדיוק לפני שנה היה לי סיפור אהבה.",5.09,10,0,9,10,40,4.0,0,3,0,2,0,0,0,0,0,0,0,0,0,0,0,1,0,8,4,0,2,2,0,0,0,2,0,0,0,0,0,0,0,4,0,0,0,3
הכרתי את ירון ומאוד אהבתי אותו.,4.29,7,0,5,6,25,4.167,0,1,0,1,0,0,0,0,0,0,0,0,0,0,0,0,0,0,4,0,0,0,2,0,2,0,0,2,0,4,0,0,0,0,0,0,0,1
חשבתי שגם ירון אוהב אותי.,3.83,6,0,4,5,20,4.0,0,1,0,1,0,0,0,0,0,0,0,0,0,0,0,0,0,0,2,0,0,0,0,2,2,0,0,2,0,2,0,2,0,0,0,0,0,0
"אבל ירון לא רצה להמשיך בקשר אחרי הקיץ, 
ואני מאוד נפגעתי מזה"".",9.13,15,0,11,12,47,3.917,0,4,0,2,0,0,0,0,0,0,0,0,0,0,0,1,0,4,6,0,4,4,2,0,2,0,0,4,2,0,0,0,4,2,0,0,0,3
"ערן הקשיב ומיכל המשיכה: ""אני לא רוצָה להיפגע שוב.",5.25,8,0,8,10,37,3.7,0,4,0,2,0,0,0,0,0,0,0,0,0,0,0,1,0,2,6,0,0,0,2,2,2,0,0,4,0,0,0,0,2,0,0,0,0,1
"אני מפחדת שגם אתה לא תרצה להמשיך להיות חבר שלי 
אחרי שיגמר הקיץ"".",8.56,18,0,12,13,50,3.846,0,3,0,1,0,0,0,0,0,0,0,0,0,0,0,1,0,4,6,0,2,2,0,2,0,2,0,4,0,0,0,4,4,2,0,0,0,6
"ערן ענה :""אבל אני לא ירון.",4.4,6,0,5,6,18,3.0,0,3,0,2,0,0,0,0,0,0,0,0,0,0,0,1,0,0,4,0,0,0,0,0,2,0,0,2,2,0,0,0,2,0,0,0,0,2
אני מתנהג אחרת.,2.0,2,0,2,3,12,4.0,0,1,0,1,0,0,0,0,0,0,0,0,0,0,0,0,0,0,0,0,0,0,0,2,0,0,0,2,0,0,0,0,2,0,0,0,0,1
"אנחנו שני אנשים שונים"".",3.0,3,0,3,4,18,4.5,0,2,0,1,0,0,0,0,0,0,0,0,0,0,0,1,0,2,0,2,0,0,0,0,0,0,0,0,0,0,0,0,2,0,0,0,0,1
"מיכל חזרה ואמרה: ""אני מפחדת שתעזוב אותי בסוף החופש הגדול"".",7.86,16,0,9,10,45,4.5,0,4,0,2,0,0,0,0,0,0,0,0,0,0,0,2,0,4,6,2,2,4,2,2,0,2,0,0,0,2,0,2,2,0,0,0,0,1
"ערן הבטיח: ""אבל אני לא עוזב לשום מקום.",5.5,9,0,7,8,28,3.5,0,3,0,2,0,0,0,0,0,0,0,0,0,0,0,1,0,2,2,0,2,0,0,2,2,0,0,2,2,0,0,0,2,0,2,0,0,2
"""רק השבוע עברנו לגור בשכונה הזו.",5.0,9,0,5,6,25,4.167,0,2,0,1,0,0,0,0,0,0,0,0,0,0,0,1,0,2,4,0,2,4,0,0,0,0,0,4,0,0,0,0,2,0,0,0,0,0
אני מתכונן לגור בה לפחות עד הצבא.,4.62,9,0,6,7,26,3.714,0,1,0,1,0,0,0,0,0,0,0,0,0,0,0,0,0,2,2,0,0,2,0,2,0,0,0,2,0,0,0,0,2,4,0,0,0,2
"אני מאמין שנמשיך להיות חברים גם אחרי הקיץ, 
עוד הרבה שנים, ונהיה מאושרים ואולי אפילו נתחתן"".",9.89,21,0,15,16,72,4.5,0,5,0,3,0,0,0,0,0,0,0,0,0,0,0,1,0,10,2,2,2,2,4,2,0,2,0,6,2,0,0,2,2,2,2,0,0,4
"מיכל אמרה בעצב: ""הלוואי, אבל אני פוחדת שגם הקשר אתך ייגמר
ואני אפגע שוב, כמו שנפגעתי מירון"".",10.95,20,0,16,17,70,4.118,0,7,0,4,0,0,0,0,0,0,0,0,0,0,0,2,0,4,6,0,4,4,0,2,6,2,0,4,2,0,0,4,2,4,0,0,0,3
"פתאום, מיכל וערן הסתכלו למעלה אל השמיים הכחולים.",6.0,12,0,7,8,39,4.875,0,2,0,2,0,0,0,0,0,0,0,0,0,0,0,0,0,6,2,2,2,4,2,0,2,0,0,2,0,0,0,0,0,2,0,0,0,2
"מיכל שאלה: ""יורד גשם?""",2.33,3,0,3,4,15,3.75,0,4,0,2,0,0,0,0,0,0,0,0,0,0,0,2,0,4,2,0,0,0,0,0,0,2,0,0,0,0,0,0,0,0,0,0,0,0
"ערן אמר: ""זה גשם, גשם באמצע הקיץ""
מיכל התפלאה: 
""מוזר, אולי זה המַלְקוֹש (הגשם האחרון של החורף)?""",10.47,19,0,16,20,66,3.3,0,16,0,5,0,0,0,0,0,0,0,0,0,0,0,4,0,10,4,4,2,10,0,0,2,4,0,2,0,0,0,0,4,0,0,0,0,4
"ערן הניח את היד שלו ביד של מיכל, ואמר: 
""אם יורד גשם, סימן שהקיץ עוד לא התחיל.",10.21,22,0,16,17,56,3.294,0,6,0,4,0,0,0,0,0,0,0,0,0,0,0,1,0,8,8,0,2,2,2,0,2,4,0,4,2,2,0,2,0,0,0,0,0,4
"ואם הקיץ עוד לא ממש התחיל, זה סימן שהסיפור שלך ושל ירון שונה
מהסיפור שלך ושלי.",11.52,22,0,15,16,61,3.812,0,3,0,2,0,0,0,0,0,0,0,0,0,0,0,0,0,2,6,0,0,2,6,0,4,0,0,6,2,0,0,4,2,4,0,0,0,4
את וירון הכרתם בקיץ.,4.0,7,0,3,4,16,4.0,0,1,0,1,0,0,0,0,0,0,0,0,0,0,0,0,0,2,2,0,2,2,2,0,2,0,0,0,0,2,0,0,0,0,0,0,0,1
"עכשיו עוד לא קיץ"".",4.0,4,0,3,4,13,3.25,0,2,0,1,0,0,0,0,0,0,0,0,0,0,0,1,0,2,0,0,0,0,0,0,0,0,0,6,0,0,0,0,0,0,0,0,0,1
מיכל התרגשה מאוד ודמעות של שמחה הופיעו בעינֵיהָ (בעיניים שלה).,7.15,13,0,9,11,48,4.364,0,5,0,1,0,0,0,0,0,0,0,0,0,0,0,0,0,8,4,0,4,2,2,0,2,0,0,2,0,0,0,0,0,0,0,0,0,1
"מיכל חשבה: ""אולי באמת ערן ואני נוכל להיות חברים"".",5.7,10,0,8,9,37,4.111,0,4,0,2,0,0,0,0,0,0,0,0,0,0,0,2,0,6,2,0,4,0,2,0,2,2,0,2,0,0,0,0,2,0,0,0,2,1
פגישה עיוורת היא פגישה בין שני אנשים שרוצים להיות בני זוג.,6.67,12,0,10,11,47,4.273,0,1,0,1,0,0,0,0,0,0,0,0,0,0,0,0,0,10,0,2,2,2,0,2,0,2,0,0,0,0,0,2,0,2,0,0,0,3
נטע הגיעה לפגישה עיוורת בפיצריה.,3.86,8,0,4,5,27,5.4,0,1,0,1,0,0,0,0,0,0,0,0,0,0,0,0,0,4,2,2,4,2,0,0,2,0,0,0,0,0,0,0,0,0,0,0,0,0
היא הייתה אמורה להיפגש עם בחור בשם נועם.,6.8,12,0,7,8,32,4.0,0,1,0,1,0,0,0,0,0,0,0,0,0,0,0,0,0,4,2,0,4,4,0,2,0,0,0,0,0,0,0,0,2,2,0,0,2,2
"כשנטע הגיעה לפיצרייה, היא ראתה את נועם יושב ליד שולחן.",5.5,9,0,9,10,43,4.3,0,2,0,2,0,0,0,0,0,0,0,0,0,0,0,0,0,4,6,0,2,0,0,0,0,4,6,0,0,2,0,0,2,2,0,0,0,2
"היא התיישבה לידו והזמינה לשניהם פיצה משפחתית, עגולה.",5.5,10,0,7,8,43,5.375,0,2,0,2,0,0,0,0,0,0,0,0,0,0,0,0,0,2,4,4,2,2,2,0,0,0,0,0,0,0,0,0,4,2,0,0,0,1
הפנים של נועם נעשו אדומות כשנטע באה לשבת לידו.,5.7,10,0,8,9,37,4.111,0,1,0,1,0,0,0,0,0,0,0,0,0,0,0,0,0,4,6,2,0,2,0,0,2,0,6,0,0,0,0,0,0,2,0,0,0,1
הצבע של הלחיים שלו היה אדום כמו הקֶטְשוֹפּ ששמו על הפיצה.,8.33,17,0,10,14,42,3.0,0,5,0,1,0,0,0,0,0,0,0,0,0,0,0,0,0,8,2,2,0,8,0,0,0,0,0,0,0,0,0,2,0,4,0,0,0,5
"נטע ראתה את הפנים האדומות של נועם ושאלה: 
""אתה מפחד ממני או סתם מתרגש מהפגישה?""",9.78,18,0,14,15,60,4.0,0,5,0,2,0,0,0,0,0,0,0,0,0,0,0,2,0,6,4,2,2,6,2,4,2,0,0,2,2,2,0,0,2,2,0,0,0,3
"נועם התנדנד מצד לצד ואמר בקול רועד: 
""אני לא מפחד ולא סתם מתרגש, אני פשוט לא מבין מה את רוצה ממני"".",13.12,24,0,20,21,73,3.476,0,6,0,3,0,0,0,0,0,0,0,0,0,0,0,2,0,4,4,0,4,2,4,8,2,0,0,10,0,2,2,0,4,4,0,0,0,6
"נטע ענתה: ""מי אמר לךָ שאני רוצה ממךָ משהו?""",5.6,10,0,8,9,29,3.222,0,6,0,2,0,0,0,0,0,0,0,0,0,0,0,2,0,2,4,0,0,0,0,2,2,0,0,0,0,0,2,2,2,4,0,0,0,0
"נועם ענה: ""אז מה פתאום את באה, ויושבת לידי, ומזמינה לנו פיצה כאילו שאת 
חברה שלי?"".",9.68,19,0,15,16,60,3.75,0,8,0,5,0,0,0,0,0,0,0,0,0,0,0,2,0,4,4,2,0,0,4,2,2,0,0,4,2,4,2,2,0,4,0,0,0,3
"נטע שרה: ""כל ישראל חברים"".",2.5,4,0,4,5,18,3.6,0,4,0,2,0,0,0,0,0,0,0,0,0,0,0,2,0,4,0,0,0,0,0,2,2,0,0,0,0,0,0,0,0,0,2,0,0,0
"היא שאלה את נועם: ""אתה לא מכיר את השיר הזה?""",5.7,12,0,9,10,31,3.1,0,4,0,2,0,0,0,0,0,0,0,0,0,0,0,2,0,2,2,0,0,4,0,2,0,2,0,2,0,4,0,0,6,0,0,0,0,4
נועם אמר שהוא מכיר את השיר.,4.43,8,0,5,6,21,3.5,0,1,0,1,0,0,0,0,0,0,0,0,0,0,0,0,0,2,2,0,0,2,0,2,2,0,0,0,0,2,0,2,2,0,0,0,0,1
"הוא לקח עוד ביס מהפיצה, וכמעט נחנק.",4.75,10,0,6,7,27,3.857,0,2,0,2,0,0,0,0,0,0,0,0,0,0,0,0,0,4,4,0,2,2,2,0,0,0,0,4,0,0,0,0,2,0,0,0,0,1
"אחרי הפגישה בפיצרייה, נטע חזרה הביתה.",4.43,7,0,5,6,30,5.0,0,2,0,2,0,0,0,0,0,0,0,0,0,0,0,0,0,4,4,0,2,4,0,0,0,0,0,2,0,0,0,0,0,2,0,0,0,1
היא עמדה מאחורי הדלת של הבית ושמעה את הטלפון בבית מצלצל.,9.33,17,0,10,11,45,4.091,0,1,0,1,0,0,0,0,0,0,0,0,0,0,0,0,0,8,4,0,2,8,2,2,0,0,0,0,0,2,0,0,2,2,0,0,0,4
היא לא הצליחה לסובב את המפתח וקיללה.,5.12,8,0,6,7,29,4.143,0,1,0,1,0,0,0,0,0,0,0,0,0,0,0,0,0,2,6,0,0,2,2,0,0,0,0,2,0,2,0,0,2,0,0,0,0,3
"היא שנאה את הרגעים המעצבנים האלה, כשהיא כל כך קרובה לטלפון, 
אבל היא לא יכולה להגיע אליו בגלל משהו גדול כמו הדלת.",13.46,25,0,21,22,88,4.0,0,4,0,3,0,0,0,0,0,0,0,0,0,0,0,0,0,8,4,4,2,6,0,2,0,0,6,4,2,2,0,2,8,6,2,0,2,10
"במקרים כאלה, אחרי שהטלפון מפסיק לצלצל היא מנסה לנחש מי ניסה לצלצל
אליה.",9.0,16,0,12,13,57,4.385,0,3,0,2,0,0,0,0,0,0,0,0,0,0,0,0,0,4,6,0,6,4,0,4,2,0,0,0,0,0,2,2,4,2,0,0,0,3
"היא חשבה שאולי זה היה זה נועם, הנער שממנו היא נפרדה לפני רבע 
שעה אחרי פגישה לא ממש נעימה.",11.11,21,0,18,19,69,3.632,0,3,0,2,0,0,0,0,0,0,0,0,0,0,0,0,0,6,6,2,0,2,0,0,0,2,0,6,0,0,0,4,6,4,0,0,0,8
ואז נטע חשבה שזה לא יכול להיות נועם.,5.67,9,0,7,8,28,3.5,0,1,0,1,0,0,0,0,0,0,0,0,0,0,0,0,0,2,6,0,2,0,2,0,0,0,0,4,0,0,0,2,2,0,0,0,2,3
נועם לא יצלצל אליה היום וגם לא מחר.,5.38,10,0,7,8,27,3.375,0,1,0,1,0,0,0,0,0,0,0,0,0,0,0,0,0,0,2,0,0,0,2,0,2,0,0,10,0,0,0,0,0,2,0,0,0,2
"נטע הבינה שלנועם לא היה נעים בפגישה והוא יצטרך יותר משבוע כדי
לְהִתְאוֹשֵש (לחזור לחיים הרגילים שלו).",11.96,24,0,16,22,77,3.5,0,9,0,1,0,0,0,0,0,0,0,0,0,0,0,0,0,10,4,2,8,8,2,0,2,2,0,6,0,0,0,0,2,0,0,0,0,3
"למזלה, הטלפון חזר לצלצל.",3.2,5,0,3,4,19,4.75,0,2,0,2,0,0,0,0,0,0,0,0,0,0,0,0,0,4,4,0,2,2,0,0,0,0,0,0,0,0,0,0,0,0,0,0,0,0
"יופי, נטע שמחה.",1.67,3,0,2,3,11,3.667,0,2,0,2,0,0,0,0,0,0,0,0,0,0,0,0,0,2,2,0,0,0,0,0,0,2,0,0,0,0,0,2,0,0,0,0,0,0
כנראה שמי שמצלצל חייב לדבר איתה.,4.75,8,0,5,6,26,4.333,0,1,0,1,0,0,0,0,0,0,0,0,0,0,0,0,0,0,2,0,0,0,0,4,0,0,0,0,0,0,2,4,0,2,0,0,2,0
"היא אוהבת אנשים כאלה, שיודעים בדיוק מה הם רוצים.",6.2,12,0,8,9,38,4.222,0,2,0,2,0,0,0,0,0,0,0,0,0,0,0,0,0,2,0,0,2,2,0,6,0,0,0,2,0,0,2,2,6,0,0,0,0,3
"למזלה, היא הצליחה לסובב את המפתח בקלות והדלת נפתחה.",7.54,15,0,8,9,41,4.556,0,2,0,2,0,0,0,0,0,0,0,0,0,0,0,0,0,8,6,0,4,6,2,0,0,0,0,0,0,2,0,0,2,0,0,0,0,2
נטע ענתה לטלפון.,3.0,5,0,2,3,13,4.333,0,1,0,1,0,0,0,0,0,0,0,0,0,0,0,0,0,2,2,0,2,2,0,0,2,0,0,0,0,0,0,0,0,0,0,0,0,0
"היא אמרה ""הלו?""",3.0,4,0,2,3,10,3.333,0,3,0,1,0,0,0,0,0,0,0,0,0,0,0,2,0,0,2,0,0,2,0,0,0,0,0,0,0,0,0,0,2,2,0,0,0,1
"החברה הטובה שלה, תמר, הייתה זו שהתקשרה.",5.11,9,0,6,7,30,4.286,0,3,0,3,0,0,0,0,0,0,0,0,0,0,0,0,0,2,4,2,0,4,0,0,0,0,0,0,0,0,0,2,2,0,0,0,0,0
"תמר שאלה:
""איפה היית עד עכשיו?""",3.0,5,0,5,6,22,3.667,0,5,0,2,0,0,0,0,0,0,0,0,0,0,0,2,0,0,0,0,0,0,0,0,2,2,0,2,0,0,0,0,0,2,0,0,0,1
"נטע שאלה בכעס ""את עוד מְעִיזָה לשאול?""",4.0,8,0,6,10,26,2.6,0,6,0,1,0,0,0,0,0,0,0,0,0,0,0,2,0,2,4,0,2,2,0,2,2,0,0,2,0,2,0,0,0,0,0,0,0,0
"תמר אמרה: ""מהבוקר אני מתקשרת בטלפון ומנסה להשיג אותךְ.",6.83,12,0,8,9,42,4.667,0,4,0,2,0,0,0,0,0,0,0,0,0,0,0,1,0,6,2,0,4,2,2,4,0,2,0,0,0,2,0,0,2,0,0,0,0,1
"למה יצאת מהבית כל כך מוקדם, אם הפגישה שלךְ עם נועם הייתה בחמש?""",8.19,16,0,12,13,47,3.615,0,4,0,2,0,0,0,0,0,0,0,0,0,0,0,1,0,4,2,2,4,4,0,0,2,0,0,2,2,0,2,0,0,4,2,0,0,5
"נטע לקחה נשימה עמוקה, ואז התחילה לשאול המון שאלות בבת אחת: 
""למה?",6.85,13,0,11,12,49,4.083,0,5,1,3,0,0,0,0,0,0,0,0,0,0,0,1,0,6,6,2,4,0,2,0,2,0,0,2,0,0,2,0,0,0,2,0,0,0
את עוד שואלת אותי למה?,3.67,6,0,4,5,17,3.4,0,1,1,1,0,0,0,0,0,0,0,0,0,0,0,0,0,0,0,0,2,0,0,2,0,0,0,2,0,2,2,0,2,0,0,0,0,2
"למה קבעת לי פגישה עיוורת עם הנועם 
שלך, שהוא הבחור הכי לא נעים בעולם?",9.06,18,0,13,14,53,3.786,0,3,1,2,0,0,0,0,0,0,0,0,0,0,0,0,0,8,2,4,2,6,0,0,0,0,0,4,0,0,2,2,2,6,0,0,0,4
"למה קבעת לפי פגישה עם 
בחור, שבכלל לא רוצה להכיר ולפגוש בנות?",6.92,12,0,11,12,47,3.917,0,3,1,2,0,0,0,0,0,0,0,0,0,0,0,0,0,6,6,0,0,0,2,2,0,0,0,4,0,0,2,2,0,4,0,0,0,3
"הרגשתי כאילו אני מתנפלת עליו 
ומפחידה אותו.",4.75,8,0,6,7,35,5.0,0,2,0,1,0,0,0,0,0,0,0,0,0,0,0,0,0,0,2,0,0,0,2,4,0,0,0,0,2,2,0,0,2,2,0,0,0,2
תמר צחקה.,2.0,2,0,1,2,7,3.5,0,1,0,1,0,0,0,0,0,0,0,0,0,0,0,0,0,0,2,0,0,0,0,0,2,0,0,0,0,0,0,0,0,0,0,0,0,0
כולם יודעים שהיא אחת שצוחקת בכל מצב.,5.25,10,0,6,7,29,4.143,0,1,0,1,0,0,0,0,0,0,0,0,0,0,0,0,0,2,0,0,2,0,0,4,0,0,0,0,0,0,0,4,4,0,2,0,0,1
"כשטוב לה, כשרע לה, כשמרגיזים אותה, כשמשעמם לה.",7.5,14,0,7,8,35,4.375,0,4,0,4,0,0,0,0,0,0,0,0,0,0,0,0,0,2,0,2,0,0,0,2,0,0,24,0,0,2,0,0,0,6,0,0,0,0
"היא משתמשת בצחוק שלה בכֵּיף, לפעמים בלי סיבה.",5.45,12,0,7,9,34,3.778,0,4,0,2,0,0,0,0,0,0,0,0,0,0,0,0,0,6,0,0,4,4,0,2,0,0,0,2,0,0,0,0,2,2,0,0,0,3
"נטע כעסה ושאלה את תמר ""מה את צוחקת?",4.25,8,0,7,8,26,3.25,0,2,1,1,0,0,0,0,0,0,0,0,0,0,0,1,0,2,4,0,0,0,2,2,0,2,0,0,0,4,2,0,0,0,0,0,0,2
"את שולחת אותי לפגישה כמו 
למלחמה ובסוף את צוחקת שהפגישה לא מצליחה?""",10.47,20,0,11,12,53,4.417,0,3,0,1,0,0,0,0,0,0,0,0,0,0,0,1,0,6,2,0,6,4,2,6,0,0,0,2,0,4,0,2,2,2,0,0,0,5
תמר לא הצליחה כמעט לְדַבֵּר.,4.0,7,0,4,8,19,2.375,0,5,0,1,0,0,0,0,0,0,0,0,0,0,0,0,0,2,2,0,2,2,0,0,2,0,0,4,0,0,0,0,0,0,0,0,0,1
"היא שאלה את נטע:
""ככה הרגשת?",2.25,3,0,5,6,20,3.333,0,4,1,2,0,0,0,0,0,0,0,0,0,0,0,1,0,0,4,0,0,0,0,0,2,0,0,0,0,2,0,0,2,0,0,0,0,2
"כמו חיילת שהַמְפַקֶּדּת שלה שולחת אותה למלחמה?""",5.5,9,0,6,12,33,2.75,0,8,0,1,0,0,0,0,0,0,0,0,0,0,0,1,0,6,0,0,2,2,0,2,0,0,0,0,0,2,0,2,0,2,0,0,0,3
"נטע נבהלה: ""טוב, ברור שזו רק דרך להסביר את ההרגשה שלי.",6.75,12,0,10,11,40,3.636,0,4,0,3,0,0,0,0,0,0,0,0,0,0,0,1,0,6,4,2,0,2,0,0,2,0,0,2,0,2,0,2,2,0,0,0,0,3
"""אני לא חושבת שאת הַמְפַקֶּדּת שלי או משהו כזה, אבל...""
תמר אמרה: ""אבל מה?""",8.75,17,0,13,19,46,2.421,0,17,0,6,0,0,0,0,0,0,0,0,0,0,0,4,0,6,0,0,2,4,0,2,2,0,0,2,4,2,2,2,4,0,0,0,0,3
"נטע המשיכה: 
""את יודעת שאני חושבת דברים טובים על הדעות שלך לגבי בנים, 
ועל קשרים בין בנים לבנות, ובכלל.",13.79,26,0,18,19,78,4.105,0,7,0,4,0,0,0,0,0,0,0,0,0,0,0,1,0,14,2,2,2,6,4,4,0,2,0,2,0,0,0,4,4,8,0,0,0,3
"את יודעת שאין לי שום ניסיון בזה, ואני יודעת שלך יש הרבה ניסיון.",9.35,19,0,12,13,49,3.769,0,2,0,2,0,0,0,0,0,0,0,0,0,0,0,0,0,4,0,0,2,2,2,4,0,0,0,0,0,0,0,2,6,4,4,0,0,4
לכן אני מסכימה כמעט לכל מה שאת אומרת לי.,5.9,10,0,8,9,31,3.444,0,1,0,1,0,0,0,0,0,0,0,0,0,0,0,0,0,0,0,0,2,0,0,4,0,0,0,2,2,2,2,2,2,2,2,0,0,3
"הסברת לי, שפגישה עיוורת זה משהו מקובל, שאנשים עושים את זה כשהם 
רוצים עוד חברים, שזה לא יוריד מהכבוד שלי...""
תמר הפסיקה את נטע: ""אני לא מְשַנָה את מה שאמרתי.",18.63,40,0,29,33,114,3.455,0,15,0,8,0,0,0,0,0,0,0,0,0,0,0,2,0,12,8,4,4,4,0,6,0,2,6,4,0,6,2,10,10,2,2,0,0,8
"אני עדיין חושבת, 
שפגישה עיוורת היא דרך טובה להכיר אנשים.",5.89,11,0,9,10,45,4.5,0,3,0,2,0,0,0,0,0,0,0,0,0,0,0,0,0,6,2,4,0,0,0,2,0,0,0,2,0,0,0,2,2,0,0,0,0,3
"כמעט כל אחד בוחר ללכת לפגישה עיוורת כשאין לו בן זוג, או כשאהבה גדולה 
נגמרת ורוצים להתחיל מחדש...""
נטע עשתה ""כן"" עם הראש: ""בסדר, בסדר"".",15.65,32,0,24,25,98,3.92,0,14,0,7,0,0,0,0,0,0,0,0,0,0,0,5,0,12,6,4,8,6,2,6,2,2,12,4,2,0,0,0,0,4,2,0,0,4
"היא התיישבה על השטיח והמשיכה: 
""את כל הדברים האלה כבר שמעתי.",7.69,15,0,10,11,46,4.182,0,4,0,2,0,0,0,0,0,0,0,0,0,0,0,1,0,4,6,0,0,6,2,0,0,0,0,2,0,2,0,0,4,2,2,0,0,3
בסוף הרי הסכמתי לפגישה.,4.71,8,0,3,4,19,4.75,0,1,0,1,0,0,0,0,0,0,0,0,0,0,0,0,0,4,2,0,4,4,0,0,0,0,0,0,2,0,0,0,0,0,0,0,0,1
"את בטח 
זוכרת שלא היה לי קל, אמרתי לך שאני אצטרך הרבה אומץ כדי להיכנס 
לפיצרייה ולהציג את עצמי לבחור זר.",12.62,24,0,20,21,80,3.81,0,4,0,2,0,0,0,0,0,0,0,0,0,0,0,0,0,4,12,0,2,0,2,2,0,0,0,6,0,2,0,4,6,6,0,0,2,5
"אבל, בסופו של דבר השתכנעתי.",4.2,6,0,4,5,21,4.2,0,2,0,2,0,0,0,0,0,0,0,0,0,0,0,0,0,4,2,0,2,0,0,0,0,0,0,0,2,0,0,0,0,0,0,0,0,1
"אפילו התחלתי להתייחס לזה כמו אל הַרְפַּתְקָה (דבר מיוחד)"".",4.67,8,0,8,14,40,2.857,0,10,0,1,0,0,0,0,0,0,0,0,0,0,0,1,0,4,4,2,2,2,0,0,0,0,0,0,2,0,0,0,2,4,0,0,0,2
"תמר אמרה: ""וככה צריך להתייחס אל זה"".",4.29,7,0,6,7,26,3.714,0,4,0,2,0,0,0,0,0,0,0,0,0,0,0,2,0,2,2,0,0,0,2,0,0,2,0,2,0,0,0,0,2,2,0,0,2,1
"""אמרתי לך אלף פעם, שבפגישה עיוורת לא צריך לְצַפּוֹת לכלום.",7.31,15,0,9,14,42,3.0,0,7,0,2,0,0,0,0,0,0,0,0,0,0,0,1,0,6,4,2,4,0,0,0,0,0,0,2,0,0,0,2,0,2,0,0,2,1
"מי שהולך לפגישה עיוורת צריך לדעת: 
הפגישה יכולה להצליח, אבל יכולה גם לא להצליח.",8.6,17,0,13,14,62,4.429,0,4,0,3,0,0,0,0,0,0,0,0,0,0,0,0,0,4,6,2,2,2,0,2,0,0,0,4,2,0,2,2,0,0,0,0,6,6
"צריך להאמין בטוב ולהגיד – מה שיהיה יהיה.""",3.33,6,0,7,7,31,4.429,0,3,0,1,0,0,0,0,0,0,0,0,0,0,0,1,0,2,4,0,2,2,2,0,0,0,0,0,0,0,2,2,0,0,0,0,2,1
נטע חשבה על הדברים של תמר.,3.83,6,0,5,6,20,3.333,0,1,0,1,0,0,0,0,0,0,0,0,0,0,0,0,0,2,2,0,0,2,0,0,4,0,0,0,0,0,0,0,0,2,0,0,0,2
היא הבינה שתמר אומרת דברים חשובים ועמוקים.,4.88,8,0,6,7,35,5.0,0,1,0,1,0,0,0,0,0,0,0,0,0,0,0,0,0,4,2,4,0,0,2,2,0,0,0,0,0,0,0,2,2,0,0,0,0,1
"תמר צחקה ואמרה: ""ככה זה בחיים.",4.25,9,0,5,6,22,3.667,0,3,0,2,0,0,0,0,0,0,0,0,0,0,0,1,0,4,4,0,2,2,2,0,0,0,0,2,0,0,0,0,2,0,0,0,0,1
החיים זה לא פִּיקְנִיק (זה לא משהו קל).,6.5,8,0,7,11,25,2.273,0,7,0,1,0,0,0,0,0,0,0,0,0,0,0,0,0,6,0,2,0,2,0,0,0,0,0,4,0,0,0,0,4,0,0,0,0,3
צריך לקחת את החיים בקלות ולקוות שיהיה טוב.,5.91,11,0,7,8,34,4.25,0,1,0,1,0,0,0,0,0,0,0,0,0,0,0,0,0,4,4,2,2,4,2,0,0,0,0,0,0,2,0,2,0,0,0,0,2,1
"לא יכול להיות יותר גרוע מעכשיו"".",3.17,6,0,5,6,25,4.167,0,2,0,1,0,0,0,0,0,0,0,0,0,0,0,1,0,0,0,2,2,0,0,0,0,0,0,6,0,0,0,0,0,0,0,0,2,4
"נטע אמרה: ""יכול להיות יותר גרוע.",4.4,6,0,5,6,24,4.0,0,3,0,2,0,0,0,0,0,0,0,0,0,0,0,1,0,2,0,2,0,0,0,0,0,2,0,2,0,0,0,0,0,0,0,0,2,2
אני הקשבתי לכל העצות שלך.,5.0,8,0,4,5,20,4.0,0,1,0,1,0,0,0,0,0,0,0,0,0,0,0,0,0,2,2,0,2,2,0,0,0,0,0,0,0,0,0,2,2,2,2,0,0,1
"חשבתי שבמקרה הטוב אני אכיר נער נחמד, ונעבור יחד אחר צוהריים נחמד
עם פיצה וספגטי.",9.35,18,0,14,15,64,4.267,0,3,0,2,0,0,0,0,0,0,0,0,0,0,0,0,0,4,8,4,2,4,2,0,6,0,0,2,0,0,0,2,2,2,0,0,0,3
"הפגישה הראשונה תביא לפגישה שנייה, לא עיוורת, ויותר 
נעימה.",6.55,13,0,8,9,46,5.111,0,4,0,3,0,0,0,0,0,0,0,0,0,0,0,0,0,4,2,4,2,4,2,0,0,0,0,4,0,0,0,0,0,0,0,0,0,1
"ובמקרה הרע, הנער שאני אפגוש לא יהיה מי שרציתי.",8.64,14,0,8,9,36,4.0,0,2,0,2,0,0,0,0,0,0,0,0,0,0,0,0,0,4,4,2,2,6,2,0,0,0,0,2,0,0,2,4,2,0,0,0,0,3
"נשב, נדבר, 
ואחר כך נגיד שלום ולא להתראות.",5.12,10,0,7,8,31,3.875,0,4,0,3,0,0,0,0,0,0,0,0,0,0,0,0,0,2,8,0,0,0,4,0,0,0,0,2,0,0,0,0,2,2,0,0,0,1
"אני חייבת להסביר לך כמה התאכזבתי"".",3.5,7,0,5,6,27,4.5,0,2,0,1,0,0,0,0,0,0,0,0,0,0,0,1,0,0,4,0,0,0,0,0,0,0,0,0,0,0,2,0,2,2,0,0,2,1
"תמר אמרה: ""אני מבינה"".",2.33,4,0,3,4,15,3.75,0,4,0,2,0,0,0,0,0,0,0,0,0,0,0,2,0,2,0,0,0,0,0,2,0,2,0,0,0,0,0,0,2,0,0,0,0,0
"נטע ענתה: ""לא את לא מבינה"".",3.6,6,0,5,6,18,3.0,0,4,0,2,0,0,0,0,0,0,0,0,0,0,0,2,0,0,2,2,0,0,0,0,2,0,0,4,0,2,0,0,0,0,0,0,0,2
"""לא היה אכפת לי אם הוא לא יהיה מספיק חתיך או חכם.",6.55,12,0,11,12,36,3.0,0,2,0,1,0,0,0,0,0,0,0,0,0,0,0,1,0,2,0,2,0,0,0,0,0,0,0,4,4,0,0,0,2,2,2,0,2,7
"אבל לא התכוננתי 
שהוא יחשוב עלי שאני צרה.",5.44,11,0,7,8,32,4.0,0,2,0,1,0,0,0,0,0,0,0,0,0,0,0,0,0,0,4,0,0,0,0,2,0,0,0,2,2,0,0,4,4,2,0,0,0,3
"צרה שמפריעה לו לאכול את הפיצה שלו בשקט"".",5.73,10,0,7,8,31,3.875,0,2,0,1,0,0,0,0,0,0,0,0,0,0,0,1,0,6,2,0,2,2,0,2,0,0,0,0,0,2,0,2,0,2,0,0,0,3
"נטע הייתה חייבת להוציא החוצה את כל המתח מהפגישה עם הנער, 
שלא שמח לראות אותה.",9.94,18,0,14,15,60,4.0,0,3,0,2,0,0,0,0,0,0,0,0,0,0,0,0,0,6,6,0,2,6,0,0,2,0,0,4,0,4,0,2,0,2,2,0,2,3
הוא בכלל נראה כאילו הוא רוצה להרחיק אותה ממנו בבעיטה.,6.5,14,0,9,10,43,4.3,0,1,0,1,0,0,0,0,0,0,0,0,0,0,0,0,0,2,2,0,2,2,0,4,0,0,0,2,2,2,0,0,4,2,0,0,0,3
"תמר אמרה: ""תני לי להסביר לך"".",3.86,7,0,5,6,20,3.333,0,4,0,2,0,0,0,0,0,0,0,0,0,0,0,2,0,0,6,0,0,0,0,0,2,0,0,0,0,0,0,0,0,4,0,0,0,1
"נטע השיבה במהירות: ""אבל מה יעזרו ההסברים?""",5.0,9,0,6,7,32,4.571,0,4,0,2,0,0,0,0,0,0,0,0,0,0,0,2,0,4,4,0,2,2,0,0,2,0,0,0,2,0,2,0,0,0,0,0,0,1
"תמר אמרה: ""תני לי לדבר...""
נטע צעקה: ""לדבר, לדבר, מה יצא לי מכל הדיבורים?",9.06,20,0,13,14,49,3.5,0,12,1,8,0,0,0,0,0,0,0,0,0,0,0,3,0,6,10,0,6,4,0,0,2,0,0,0,0,0,2,0,0,4,2,0,0,3
הוא היה מגעיל.,3.0,3,0,2,3,11,3.667,0,1,0,1,0,0,0,0,0,0,0,0,0,0,0,0,0,0,0,0,0,0,0,2,0,0,0,0,0,0,0,0,2,0,0,0,0,2
את אפילו לא יכולה לדמיין כמה מגעיל.,4.67,7,0,6,7,28,4.0,0,1,0,1,0,0,0,0,0,0,0,0,0,0,0,0,0,0,2,2,0,0,0,0,0,0,0,2,2,0,0,0,2,0,2,0,2,3
"""הוא לא הבין מה אני רוצה ממנו"".",4.86,7,0,6,7,22,3.143,0,3,0,1,0,0,0,0,0,0,0,0,0,0,0,2,0,0,2,0,0,0,0,2,0,0,0,2,0,0,2,0,4,2,0,0,0,3
"""ויש לזה סיבה"", גם תמר הגבירה (הרימה) את הקול שלה.",7.36,14,0,9,10,35,3.5,0,6,0,2,0,0,0,0,0,0,0,0,0,0,0,2,0,6,2,0,2,6,2,0,0,2,0,2,0,2,0,0,2,0,0,0,0,2
"נטע כבר כעסה מאד: ""סיבה?""",3.0,3,0,4,5,17,3.4,0,4,0,2,0,0,0,0,0,0,0,0,0,0,0,2,0,2,2,0,0,0,0,0,2,0,0,4,0,0,0,0,0,0,0,0,0,0
נטע ניתקה את הטלפון.,3.0,5,0,3,4,16,4.0,0,1,0,1,0,0,0,0,0,0,0,0,0,0,0,0,0,2,2,0,0,2,0,0,2,0,0,0,0,2,0,0,0,0,0,0,0,1
"שתמר, החברה הטובה שלה, תלך לעזאזל עם כל ההסברים ועם כל הנאומים 
שלה.",9.67,19,0,12,13,52,4.0,0,4,0,3,0,0,0,0,0,0,0,0,0,0,0,0,0,6,2,2,0,8,2,0,0,2,0,0,0,0,0,2,0,4,4,0,0,3
לה זה כבר הספיק והיא לא מוכנה לשמוע אפילו עוד מילה אחת.,7.33,13,0,11,12,43,3.583,0,1,0,1,0,0,0,0,0,0,0,0,0,0,0,0,0,2,6,0,0,0,2,0,0,0,0,6,2,0,0,0,4,2,0,0,0,3
הטלפון צלצל שוב תוך פחות מדקה.,3.71,7,0,5,6,24,4.0,0,1,0,1,0,0,0,0,0,0,0,0,0,0,0,0,0,6,2,2,2,2,0,0,0,0,0,2,0,0,0,0,0,0,0,0,0,1
נטע ידעה שזו תמר מצלצלת.,3.4,5,0,4,5,19,3.8,0,1,0,1,0,0,0,0,0,0,0,0,0,0,0,0,0,2,2,0,0,0,0,2,2,0,0,0,0,0,0,2,2,0,0,0,0,0
היא הרגישה שאין לה כח להסברים.,4.25,10,0,5,6,24,4.0,0,1,0,1,0,0,0,0,0,0,0,0,0,0,0,0,0,4,2,0,2,2,0,0,0,0,0,0,0,0,0,2,2,2,0,0,0,2
"היא ידעה שאף הסבר לא ישכנע אותה שפגישה עיוורת היא משהו מקובל ולא 
משפיל (מעליב).",11.28,20,0,14,15,62,4.133,0,4,0,1,0,0,0,0,0,0,0,0,0,0,0,0,0,6,4,6,0,2,2,2,0,0,0,4,2,2,0,4,2,0,0,0,0,4
אבל היא בכל זאת ענתה לטלפון.,6.0,9,0,5,6,22,3.667,0,1,0,1,0,0,0,0,0,0,0,0,0,0,0,0,0,2,2,0,4,2,0,0,0,0,0,0,2,0,0,0,2,0,2,0,0,3
"תמר ביקשה: ""תני לי רק דקה אחת"".",4.0,7,0,6,7,21,3.0,0,4,0,2,0,0,0,0,0,0,0,0,0,0,0,2,0,2,4,0,0,0,0,0,2,0,0,2,0,0,0,0,0,2,0,0,0,2
"נטע אמרה: ""תני גָּז (תתקדמי, תדברי)"".",2.8,5,0,5,7,23,3.286,0,9,0,3,0,0,0,0,0,0,0,0,0,0,0,2,0,2,6,0,0,0,0,0,2,2,0,0,0,0,0,0,0,0,0,0,0,0
"תמר המשיכה: ""אני מצטערת מאוד על מה שעברת בפיצרייה, 
בפגישה העיוורת שהייתה לך שם, עם מישהו שאני לא מכירה...""
נטע אמרה מיד: ""אייך יכול להיות שאת לא מכירה?",17.91,35,0,27,28,113,4.036,0,13,1,8,0,0,0,0,0,0,0,0,0,0,0,3,0,8,4,2,8,6,0,4,4,2,0,10,0,2,4,8,4,6,0,0,2,7
תרשי לי להזכיר לך שזאת פגישה עיוורת שאת אִרְגַנְתְ!,5.82,13,0,8,13,37,2.846,0,6,0,1,0,0,0,0,0,0,0,0,0,0,0,0,0,2,6,2,0,0,0,0,0,0,0,0,0,2,0,4,2,4,0,0,0,1
"את!""",0.0,0,0,0,1,2,2.0,0,2,0,1,0,0,0,0,0,0,0,0,0,0,0,1,0,0,0,0,0,0,0,0,0,0,0,0,0,2,0,0,0,0,0,0,0,0
"תמר אמרה בּהֶחְלֵטִיוּת (בלי לוותר): 
""נכון, ארגנתי לך פגישה עיוורת עם אחד שקוראים לו נועם, חבר של חברה, 
אבל אני לא יודעת עם מי נפגשת שם.",13.12,26,0,25,32,97,3.031,0,16,0,5,0,0,0,0,0,0,0,0,0,0,0,1,0,8,6,2,2,0,0,6,2,2,0,6,2,0,2,2,2,10,0,0,0,8
"כנראה שבדיוק באותו המקום ובדיוק 
באותה השעה, ישב שם נער אחר שקוראים לו נועם"".",11.64,22,0,13,14,60,4.286,0,4,0,2,0,0,0,0,0,0,0,0,0,0,0,1,0,8,4,2,6,4,2,4,0,0,0,4,0,2,0,4,0,2,2,0,0,3
"נטע אמרה: ""מה זאת אומרת?""",3.0,5,0,4,5,17,3.4,0,4,0,2,0,0,0,0,0,0,0,0,0,0,0,2,0,2,0,0,0,0,0,2,0,2,0,0,0,0,2,0,2,0,0,0,0,1
"תמר אמרה: ""הנועם שאני מכירה צלצל בבוקר להודיע שהוא חולה.",7.54,15,0,9,10,44,4.4,0,3,0,2,0,0,0,0,0,0,0,0,0,0,0,1,0,8,4,2,2,4,0,0,0,2,0,0,0,0,0,4,4,0,0,0,0,0
אני הייתי בטוחה שתהיי בבית.,4.71,8,0,4,5,22,4.4,0,1,0,1,0,0,0,0,0,0,0,0,0,0,0,0,0,2,0,2,2,2,0,0,0,0,0,0,0,0,0,2,2,0,0,0,0,1
"השעה הייתה רק עשר בבוקר וידעתי שקבעתם 
לחמש אחרי הצהריים.",7.25,14,0,9,10,46,4.6,0,2,0,1,0,0,0,0,0,0,0,0,0,0,0,0,0,4,4,0,2,2,2,0,0,0,0,4,0,0,0,2,0,2,0,0,0,2
"""מעשר עד חמש צלצלתי המון פעמים, ואת לא ענית...""",6.22,11,0,8,9,33,3.667,0,6,0,4,0,0,0,0,0,0,0,0,0,0,0,2,0,2,4,0,2,0,2,0,0,0,0,2,0,2,0,0,0,2,2,0,0,3
"נטע פתחה את הפה בהפתעה:  
""אז מי היה הנועם ההוא, שישב בפיצרייה בחמש, עם משקפיים וג'ינס?",6.35,17,0,15,17,64,3.765,0,7,1,5,0,0,0,0,0,0,0,0,0,0,0,2,0,12,4,0,6,10,2,0,2,0,0,2,0,2,2,2,2,2,0,0,0,4
"אני הייתי בטוחה שהוא הנועם שלךְ"".",4.88,8,0,5,6,25,4.167,0,3,0,1,0,0,0,0,0,0,0,0,0,0,0,1,0,2,0,2,0,2,0,0,0,0,0,0,0,0,0,2,4,2,0,0,0,1
"תמר צחקה: ""עכשיו את מבינה למה הוא לא הבין כשהתנפלת עליו?""",6.27,11,0,10,11,43,3.909,0,4,0,2,0,0,0,0,0,0,0,0,0,0,0,2,0,0,6,2,0,0,0,0,2,0,6,4,0,2,2,0,2,2,0,0,0,4
"נטע הֶחְוִירה (הפנים שלה נהיו לבנות): ""והשארתי לו את מספר הטלפון שלי.""",9.47,18,0,11,15,50,3.333,0,9,0,2,0,0,0,0,0,0,0,0,0,0,0,2,0,8,4,0,2,6,2,0,0,4,0,0,0,2,0,0,0,2,0,0,0,3
"""איזו פדיחה...תמר, מה אני אעשה אם הוא יצלצל?",5.0,8,0,7,9,31,3.444,0,6,1,5,0,0,0,0,0,0,0,0,0,0,0,1,0,0,4,0,0,0,0,0,2,0,0,0,2,0,4,0,4,0,0,0,0,4
לספר לו את האמת?,2.8,6,0,3,4,12,3.0,0,1,1,1,0,0,0,0,0,0,0,0,0,0,0,0,0,2,2,0,0,2,0,0,0,0,0,0,0,2,0,0,0,2,0,0,0,2
לגלות לו שהייתי בטוחה שהוא מישהו אחר?,4.25,8,0,6,7,30,4.286,0,1,1,1,0,0,0,0,0,0,0,0,0,0,0,0,0,4,2,4,0,0,0,0,0,0,0,0,0,0,0,2,2,2,0,0,0,1
"תמר, תעני לי, מה לעשות אם הוא
יציע פגישה?""",5.25,9,0,8,9,30,3.333,0,5,0,3,0,0,0,0,0,0,0,0,0,0,0,1,0,2,4,0,0,2,0,0,4,0,0,0,2,0,2,0,0,2,0,0,0,3
"תמר חייכה: ""נטע, אחרי מה שעברת היום, יש לי הרגשה שאת כבר לא צריכה 
אותי בתור מדריכה שלך.",11.55,22,0,17,18,65,3.611,0,6,0,4,0,0,0,0,0,0,0,0,0,0,0,1,0,8,2,0,2,2,0,0,2,4,0,4,0,4,2,4,0,6,0,0,2,6
"אם עברת את זה ונשארת בחיים, אני בטוחה 
שתצליחי להסתדר לבד"".",7.38,13,0,10,11,45,4.091,0,4,0,2,0,0,0,0,0,0,0,0,0,0,0,1,0,4,6,0,2,2,2,2,0,0,0,2,2,2,0,2,4,0,0,0,0,4
