sentence,no_change,summarizing
והנפיחות בעיניים?,1,0
"ככלל, כדאי להיות קשובים לגוף וכשאשר מופיעים סימנים חריגים דוגמת קוצר נשימה במאמץ, כאבים בלתי אופייניים בחזה - ולא להסס ולפנות להתייעצות רפואית או לעזרה רפואית.",0,1
"הצגה עצמיתתחילה תתבקש לפרט את המחלות או הליקויים הרפואיים שאתה סובל מהם, וכיצד הם משפיעים על אורך חייך והתפקוד היום-יומי.",0,1
"מגמת משרד החינוך הינה לשלב את הילד בעל הצרכים המיוחדים בחינוך הרגיל, לפיכך הפניית תלמיד לחינוך מיוחד תיערך רק לאחר שמוצו כל אפשרויות הטיפול בחינוך הרגיל.",0,1
"בייעוץ כזה יובאו בחשבון המסלול, משך הטיול, אופיו, ההיסטוריה הרפואית האישית, התרופות הקבועות שאותן נוטלים, אלרגיות שונות שמהן סובלים, המצב החיסוני – וכל המשתנים הרלוונטיים.",0,1
"מי שלא מלאו לו 20, יכול להיות זכאי לדמי אבטלה במקרים מסוימים - למידע נוסף לחצו כאן.",0,1
"אתה תושב השטחים בעל תעודת זהות ישראלית, ונפגעת בתחום הקו הירוק.",0,1
"אצטדיון ספורט, למעט במקומות שהוקצו לעישון בידי הנהלת האצטדיון, אם הוקצו, כמפורט בחוק.",0,1
לעיתים העור של התינוק יבש ונוטה לקילוף.,0,1
"טיפול התפתחותי לילד - התהליך המלא עם הגעתכם לרופא הילדים (בעקבות המלצה של גורם מקצועי או בשל חששות שהתעוררו אצלכם), יבחן הרופא את השאלונים שבידיכם, יקשיב לבקשתכם ויחליט אם להפנות את הילד לאבחון.",0,1
"לעיתים קרובות ניתן להבחין במזג שלו על פי תגובותיו למצבים שונים כמו אי־נוחות, שביעות רצון, ערנות, עייפות, רעב ושובע.",0,1
בשבועות הראשונים הלבישו את התינוק שלכם בשתי גופיות ובמכנסיים עם רגלית.,1,0
"מותר לך להכניס מלווה מטעמך, שיהיה נוכח בעת הבדיקה הגופנית.",0,1
"תנאי שלישי - הפסקת עבודהאתה עשוי להיות זכאי לדמי אבטלה אם הוצאת לחל""ת, פוטרת או שהפסקת לעבוד מרצונך.",0,1
"אסור ללחוץ על השד, ובמקרה של אודם יש לפנות לרופא.",0,1
במקרה כזה יוזמנו ההורים והילד לאבחון רב־תחומי ולקביעת תוכנית טיפולים אישית שתתואם בין הגורמים המטפלים.,0,1
"רכב המשמש להוראת נהיגה, כמשמעותו בתקנות התעבורה, בעת שיש בו תלמיד נהיגה.",0,1
מהניסיון ידוע שפעמים רבות הדברים פשוט מסתדרים מעצמם.,0,1
הטמפרטורה המומלצת בחדר התינוק היא 24-22 מעלות צלזיוס בחורף ובקיץ.,0,1
מטרת הטיפול באינסולין היא להפחית את רמת הגלוקוזה הגבוהה בדם המופיעה בעיקר אחרי ארוחות.,0,1
הם חולפים בתוך כמה ימים ללא טיפול.,0,1
זה נורמלי?,1,0
אין צורך לטפל בכך.,0,1
"במקרה כזה, עליך להודיע על כך לוועדה, ותוזמן לוועדה אחרת.",0,1
"חשוב לשמור על עותק זה, הוא יכול לשמש אותך לצורך בקשת פטור ממס הכנסה או לצרכים אחרים.",0,1
"בעקבות משבר הקורונה, ניתן לקבל דמי אבטלה אם יש לך לפחות 6 חודשי אכשרה ב-18 החודשים האחרונים - למידע נוסף לחץ כאן.",0,1
"אם נראה לכם שהתינוק אדיש, מנומנם, מגיב באיטיות ומסרב לאכול, מדדו את חום גופו.",0,1
לפעמים רמת הבילירובין גבוהה מהרגיל מסיבות שונות כמו אי־התאמה בין קבוצת דם האם לקבוצת דם התינוק.,0,1
"במקרה של אי הסכמה להחלטת ועדת ההשמה רשאי הילד בעל צרכים מיוחדים, ההורה או נציג של ארגון ציבורי להגיש ערר לוועדת ערר, תוך 21 ימים מיום שקיבל את ההחלטה.",0,1
"אתה תושב השטחים ויש לך היתר כניסה ממפקד כוחות הצבא בשטח, ונפגעת בתחום הקו הירוק.",0,1
במקרה כזה יישלח אליך מכתב שבו יפורט מה מבקשת הוועדה.,0,1
השימוש באינסולין קצר־טווח ביחד עם הארוחות מסייע מאוד בהקשר זה.,0,1
במקרה זה ניתן להיות זכאי לתגמולים החל מיום 201,0,1
"חיסונים שונים הניתנים כיום כלל לא ניתנו בעבר, ועם השנים, ככל שמתבגרים, אנו עדים גם לתופעה של ירידה ברמת החיסוניות של חיסונים אחרים.",0,1
"תלמידים במצב חירום, כגון תלמידים שנשרו מפנימייה או עזבו אותה והעובד הסוציאלי שהוא פקיד סעד לחוק נוער סבור כי יש לדון בעניינם בוועדת השמה.",0,1
"באזורים מרוחקים נוסף גם הסיכון של חוסר הזמינות של עזרה רפואית ממוסדת, בתי־חולים ומרפאות, ברמה שאליה רגילים בישראל.",0,1
"אם טרם מילאתם את השאלונים, תוכלו להוריד אותם כאן:צוות המומחים של הוועדה כולל אנשי מקצוע מכל התחומים שקשורים להתפתחות הילד: רפואה, פסיכולוגיה, עבודה סוציאלית, פיזיותרפיה, ריפוי בעיסוק וקלינאות תקשורת.",0,1
מומלץ להכין מראש דף ובו מפורטים המחלות או הליקויים הרפואיים שלך וכן הקשיים שלך לתפקד.,0,1
הבדיקה מתבצעת תוך התייחסות לקשיים שציינת ולסוג המחלה שלך.,0,1
"אפשר לחמם את החדר בכל אמצעי החימום, אך מטעמי בטיחות עדיף להשתמש במכשירי חימום חשמליים כמו רדיאטור או מזגן.",0,1
"את התרופות יש לקחת בתיק האישי, ולא במזוודה המאופסנת בבטן המטוס.",0,1
מי לא זכאי לדמי אבטלה?,1,0
"מי שמגיש בקשה לקבל מהביטוח הלאומי קצבה עקב נכותו, צריך להיבדק בוועדה רפואית.",0,1
"בנוסף, הורחבה ההגדרה של ""מחזיק למעשה"", האחראי לאכיפת החוק.",0,1
המצב הזה דורש התייחסות ובדיקות מעקב נוספות.,0,1
"צהבת פיזיולוגית היא לא מחלה, ולכן אינה מידבקת.",0,1
מטרת הטיפול היא להפחית ככל הניתן את רמת ההמוגלובין הקשור לסוכר (HbA1C) ולשמור על רמת גלוקוזה שקרובה ככל האפשר למדד המקובל.,0,1
מהו ההבדל בין סוכרת נעורים לסוכרת מבוגרים?,1,0
הילד יוזמן לאבחונים שמיועדים לקבוע את תחומי החוזקה והקושי שלו ולהתאים תוכנית טיפול לצרכיו.,0,1
"עישון במקום ציבורי או החזקת כלי עישון דלוק בניגוד לחוק - 1,000 ₪ קנסאי הצבת שילוט האוסר עישון במקום / החזקת שילוט לא תקין - 5,000 ₪ קנסהצבת מאפרה במקום האסור לעישון - 1,000 ₪ קנסהמחזיק במקום ציבורי חייב לפקח ולעשות כל שניתן למניעת עישון בתחום המקום הציבורי שבהחזקתו.",0,1
"ככלל, יש לתאם עימן מראש את הצורך בחמצן במהלך הטיסה.",0,1
אסור להציב מאפרה במקום ציבורי.,1,0
לצורך זה לומדים הסוכרתיים לבדוק בעצמם את רמת הסוכר בדמם.,0,1
בימים הראשונים לאחר הלידה מאבד התינוק בדרך־כלל בין 5% ל־7% ממשקלו.,0,1
לעיתים יש צורך לעכב את  שחרור התינוק לביתו כדי לעקוב אחר מהלך הצהבת.,0,1
"בוועדת השמה מתקבלת ההחלטה אם התלמיד ילמד בחינוך רגיל או בחינוך מיוחד, ובאיזו מסגרת ישובץ: גן לחינוך מיוחד, כיתת חינוך מיוחד בבי""ס רגיל, או בי""ס לחינוך מיוחד.",0,1
"פגיעה שאירעה החל מיום 2012 תוכר פגיעת איבה בחוץ לארץ, גם אם מטרתה לא הייתה פגיעה בישראל או בעם היהודי, ובתנאי שפעולת האיבה התרחשה על ידי ארגון שאחת ממטרותיו היא פגיעה בישראל, באזרחי ישראל או ביהודים.",0,1
"הערה: בתי החולים, מרפאות, משרדים ממשלתיים, חניונים, גני חיות ואירועים, רשאים לקבוע אזורי עישון בטווח של 10 מטרים מהכניסה או מהיציאה בתנאי שלא יהוו מטרד בחלקים אחרים של המקום, למעט בתימגורים/בניין מגורים.",0,1
"יש לזכור שמיומנויות רבות נרכשות עם הגיל, ולכן יש סדר בטיפול.",0,1
"תהליכים אלה עלולים לגרום לתחושת־בלבול ולעלייה במפלס החרדה אצל המטיילים מבוגרים, אך ניתן בהחלט לפעול לצמצומן באמצעות הכנה מתאימה לפני הטיול.",0,1
מה עושים?,1,0
לתינוק שלי יש כתמים אדומים בעור.,1,0
"בריאות הרגליים: חשוב שמטיילים סוכרתיים יצטיידו בנעליים מתאימות וידאגו להיגיינה מתאימה של כפות הרגליים, כדי למנוע התהוות של פצעים וכיבים כרוניים.",0,1
"יש להביא בחשבון, כי בנסיבות מסוימות, ובהתחשב במצב הבריאותי, הרופאים עשויים להמליץ גם לבצע שינוי מהותי במסלול, או אף לדחות את הנסיעה.",0,1
"חשוב שתדעו כי מתחת למטרייה שנקראת ""קשיים בהתפתחות הילד"" מצוי ספקטרום נרחב של מצבים.",0,1
"לכן יש להצטייד גם בטבליות או בג'ל גלוקוז, או בזריקות גלוקגון, לפי המלצת הרופא או הרופאה המטפלים.",0,1
"משרדי אגף הגבייה נמצאים ברח' הדסה 78, קבלת קהל היא בימים א', ב', ה' בין השעות 8:30-13:00, בימי ג' בין השעות 8:30-13:00 ו- 16:30-18:3",0,1
"הבקשה תועלה לדיון במחוז, תוך 16 יום מיום קבלת הפנייה במחוז.",0,1
"בכל מקרה, אם נוסעים עם מחלת־לב מומלץ להתייעץ הן עם הרופא או הרופאה במרפאת־המטיילים והן עם הרופא או הרופאה המבצעים את המעקב אחר מחלת הלב ולגבש תוכנית פעולה ברורה למקרה שיופיעו סיבוכים (למשל: שמות וכתובות מדויקים של מרפאות או בתי־חולים אמינים ביעדים השונים וכיצד בדיוק מגיעים אליהם).",0,1
"לאחות טיפת חלב יש ניסיון רב בתחומים רבים: גדילת התינוק, התפתחות התינוק, טיפול בתינוק, הסתגלות להורות, משכב לידה ועוד.",0,1
"אם משהו לא ברור לרופא, הוא ישאל אותך.",1,0
החומר הזה מסכן את הגוף אם הוא מגיע לרמות גבוהות בדם.,0,1
"בטיסה:יש להעריך את המצב לפני הטיסה, בייחוד אם קיימות מחלות רקע נוספות.",0,1
האם הטיפול באינסולין כרוך בתופעות לוואי?,0,1
תשובות ישלחו בכתב להורים.,0,1
לעיתים קרובות מדובר רק בעיכוב קל הנובע מכך שלכל ילד יש קצב התפתחותי משלו.,0,1
זוהי תופעה שכיחה הנובעת מהצטברות חומר צהוב המכונה בילירובין.,0,1
"הנפיחות באשכים אינה קשורה להורמונים, אלא נובעת מהצטברות נוזלים בשק האשכים.",0,1
"הפנייה לבדיקות נוספות אם לדעת הוועדה עליך לעבור בדיקות רפואיות נוספות, או להביא מסמכים רפואיים נוספים, היא לא תקבע לך עדיין אחוז נכות רפואית, אלא תמתין לחומר הנוסף.",0,1
מהם הגורמים לסוכרת נעורים?,1,0
תלמידים בעלי לקויות מורכבות בתפקוד חריג במיוחד שמנהל המחוז במעמד ועדת חריגים שתוקם במחוז למטרה זו מצא לנכון לדון בעניינים בוועדת ההשמה.,0,1
"הועדה קובעת את המסגרת החינוכית בה ישובצו התלמידים לאחר שקיבלו זכאות לחינוך מיוחד במעמד ועדת השמה, וכן דנה בהעברת תלמידים בין מסגרות החינוך המיוחד.",0,1
הכתמים האלה מתבהרים במשך הזמן ונעלמים בתוך כמה חודשים עד שנה.,1,0
שווה שהשותפים לטיול יידעו שיש לך אסתמה - וגם כיצד ניתן לעזור לך בשעת הצורך.,0,1
מהן הסיבות להופעת הסוכרת?,1,0
הפנייה לוועדה המקצועית צריכה לכלול מכתב מהרופא המטפל וכן שאלונים מפורטים שאותם התבקשתם למלא.,0,1
מהי מטרת הטיפולים בהתפתחות הילד?,1,0
"כיום, כשהטיפול באינסולין הוא מתקדם מאוד, יכולים החולים ליהנות מתוחלת חיים ממושכת.",0,1
כמו כן תסביר האחות על תכנית החיסונים המומלצת על־ידי משרד הבריאות.,0,1
"הזכאות תקפה לשלוש שנים, בסוף התקופה יש לחדש את ועדת ההשמה.",0,1
"שימו לב, בעקבות משבר הקורונה, יש להירשם באתר שירות התעסוקה מבלי להתייצב פיזית.",0,1
צריך להדק את החיתול לגוף?,1,0
"אם ההחלטה תהיה חיובית, יעביר משרד המרפאה את המסמכים הבאים לוועדת המומחים להתפתחות הילד: חוות הדעת של הרופא, סיכום הממצאים שלו, השאלונים.",0,1
 ועדת השילוב המוסדית מתקיימת בחינוך הרגיל בבית הספר ודנה בזכאותו של תלמיד בעל צרכים מיוחדים להיכלל בתכנית השילוב (פרק ד1 לחוק החינוך המיוחד).,0,1
"מסמכים (רפואיים/עו""ס) התומכים בבקשה.",0,1
"זוהי תופעה שכיחה שחולפת בתוך זמן קצר, ואין צורך להתרגש ממנה.",0,1
"אם לא צברת חודשי עבודה כנדרש, ישנם חודשים נוספים שאינם חודשי עבודה שיכולים להיכלל בתקופת האכשרה - למידע נוסף לחץ כאן.",0,1
כמה זמן נמשכת המחלה?,1,0
"ועדת השמה השמת תלמידים במסגרות החינוך המיוחד נקבעת, בהתאם לחוק, על ידי ועדת השמה, על בסיס חוות דעת חינוכית והערכות מקצועיות.",0,1
הטיפול בסוכרת מותאם אישית לכל חולה.,0,1
"גני ילדים, מעון או בית ילדים והחצר - בטווח של 10 מטרים מהיציאה או הכניסה לגן.",0,1
"נגבו את הקפלים בעדינות בעזרת צמר גפן טבול במים או במים עם מעט שמן אמבט לתינוק, ולאחר מכן ייבשו עם מגבת.",0,1
הזרקת האינסולין נעשית על ידי החולה עצמו באחת הגפיים ובבטן באמצעות מזרק חד־פעמי או באמצעות עט אינסולין רב־שימושי.,0,1
"והכל בתנאי שהרשות המאשרת, המתמנה על ידי שר הביטחון, אישרה שהפגיעה היא פגיעת איבה.",0,1
הועדה תתכנס החל מ 15/08 ותדון בבקשות השונות.,0,1
איך מגישים תביעה?,1,0
"במהלך הטיפול מתרגלים מיומנויות בתחומים כמו שפה, דיבור, חשיבה, תנועה, משחק וקשר.",0,1
יש לפנות למחלקת היסעים על מנת להסדיר את הנושא.,0,1
"תלמידי החינוך המיוחד זכאים להסעה, בהתאם לקריטריונים המופיעים בחוזר מנכל הסעות תלמידים.",0,1
"חולי אסתמה רבים מכירים את ""האופי"" של מחלתם, יודעים ממה להימנע, מה הם הסימנים המוקדמים של התקף – ושווה שלא ינסו לבצע פעילויות העלולות להיות מסוכנות בשבילם, או, לחילופין, יגיבו נכון בשלב מוקדם של הופעת התסמינים.",0,1
"הועדה מורכבת ממנהלת המחלקה לחינוך מיוחד, נציג הפיקוח על החינוך המיוחד ונציג מהשירות הפסיכולוגי החינוכי.",1,0
"בקשה בליווי הסבר ונימוקים, על הפונים לצרף את המסמכים הבאים:בקשה בליווי הסבר ונימוקים.",0,1
"על פי ההנחיות של משרד הבריאות, זמן ההמתנה ממסירת השאלונים ועד לרגע שבו מתחילים את תוכנית הטיפול אסור שיעלה על 3 חודשים (חודשיים בעבור פגים).",0,1
"התמיכה תינתן על-ידי צוות החינוך המיוחד המתמחה בטיפול בתלמידים בעלי לקויות שונות, בהלימה לצורכי התלמיד ובהתחשב במשאבים הזמינים באותה מסגרת חינוכית (שעות ההוראה, כוח-האדם והתנאים הפיזיים).",0,1
איך מאבחנים סוכרת נעורים?,1,0
מה ההבדל בין הסוגים השונים של הסוכרת?,1,0
בוועדת השמה מתקיימים דיונים אחראים ומכבדים הדוגלים בשיתוף התלמיד וההורים ומאפשרים להם להשמיע את עמדתם ולהציג את תפיסתם לגבי המענה ההולם את צרכי התלמיד.,0,1
כל שינוי בחום הגוף: עליית חום מעל 38 מעלות או חום הנמוך מ־36 מעלות.,0,1
בדרך כלל שכבה אחת מספיקה.,1,0
ניתן לבטל את השירות בכל עת ולקבל את החיוב התקופתי באמצעות הדואר.,0,1
חשוב להגיע לטיפת חלב מוקדם ככל הניתן למעקב משקל.,0,1
"אם האמא מרגישה בכאב או שהיא לא בטוחה שהתינוק יונק מספיק, חשוב להתייעץ.",0,1
הבעיה העיקרית היא הירידה החדה ברמת הסוכר בדם בעקבות מנה גבוהה מדי של אינסולין (יחסית לכמות המזון).,0,1
"חוץ מזה, אמבטיה היא זמן נעים להיכרות ולחיזוק הקשר.",0,1
"במקרים מסוימים, כאשר רמת הבילירובין גבוהה, צריך לטפל בזה באמצעות פוטותרפיה - חשיפת עור התינוק לאור מנורה.",0,1
"באביב ובסתיו: עליכם להיות ערים לשינויים החלים במזג האוויר, בין היום  ללילה ובין יום אחד למשנהו, ולהלביש את התינוק בהתאם למזג האוויר המשתנה.",0,1
"הכליות מפנות את עודפי הסוכר מהדם, ואילו התאים נותרים ללא חומר הגלם החיוני לתפקודם התקין.",0,1
"פגיעה מנשק שהיה מיועד לפעולות איבה של כוחות אויב, או פגיעה מנשק שהיה מיועד נגד פעולה כזאת.",0,1
סוכרת נגרמת מירידה בכמות האינסולין שמיוצר בגוף או עקב ירידה ביכולת הגוף להשתמש באינסולין.,0,1
עד כמה היא שכיחה?,0,1
"הרבו לדבר איתו, לשחק עימו וללטף אותו בעדינות בעת הטיפול בו.",0,1
נוסעים מבוגרים רבים סבורים שחיסוני הילדות שקיבלו עדיין מגנים עליהם.,0,1
"נוסעים עם סוכרת תרופות וציוד: מטיילים חולי סוכרת צריכים להעריך את כמות האינסולין, המזרקים/העטים, הפדים, האלכוהול ואמצעי הניטור שבה הם משתמשים – ולקחת עימם לטיול כמות מספקת, במידה שלא יודעים אם ניתן לרכוש תרופות וציוד ממקורות מהימנים (למשל, אם מתכננים טרקים, טיולי שטח, טיפוס הרים או אפילו טיול רכב באזורים כפריים המרוחקים ממרכזי הערים הגדולות).",0,1
שטפי דם בעיניים נובעים בדרך כלל מלחץ בלידה.,0,1
"ניתן - וכדאי - להצטייד בצמיד לנשיאה על היד, המכיל בתוכו מידע רלוונטי על המחלה.",0,1
האם סוכרת נעורים היא מחלה מסוכנת?,1,0
"כל מקום במוסד חינוך לרבות חדר המוסד, מגורי תלמידים בטווח 10 מטר מהכניסה או מהיציאה.",0,1
"על המכתב לכלול בצורה ברורה רשימה של כל הפעולות הרפואיות שבוצעו בעבר - צנתור, ניתוח מעקפים, החלפת מפרקים וכיוצא באלה).",0,1
"בטיול ממושך, הסכנה העיקרית לחולי אסתמה היא יציאה מאיזון והופעת התקפים.",0,1
בימים קרים הוסיפו כובע.,0,1
גם בחורף צריך לעשות כל יום אמבטיה?,1,0
"אם קשה לך לפרט את הקשיים הרפואיים, או שאתה זקוק למתרגם, אתה רשאי להביא אתך לוועדה מלווה מתאים.",0,1
"התופעה חולפת מעצמה, ואין צורך לטפל בה.",0,1
"ועדת ערר, המתקיימת במשרד החינוך בבאר שבע, רשאית לקבל את הערר, לדחות אותו או להחזיר את העניין לוועדת השמה לדיון נוסף.",0,1
בימים הראשונים שלאחר הלידה הצואה נראית שחורה וצמיגה - וגם זה נורמלי.,0,1
"חשוב לדעת: רק ביטוח נסיעות בכללית חו""ל מאפשר כיסוי לבעיות בריאות ולמחלות קיימות וכרוניות, אם נהנית מתקופת בריאות יציבה בחצי השנה שלפני הטיול בחו""ל.",0,1
מה לעשות?,1,0
"לאחר ההרשמה, יש לעקוב אחר הנחיות שירות התעסוקה בנוגע להתייצבות פיזית במרכזי שירות התעסוקה.",0,1
כיצד ניתן לשלם?,0,1
איך בוחרים מיטת תינוק?,1,0
"יש חשיבות לניקוי של המפשעות בזמן  החלפת חיתול, לניגוב קפלים ולניקוי הפנים לפחות פעם ביום.",0,1
ניתן לפנות לאחות טיפת חלב או למוקד 2700* כדי לקבל מידע על יועצת הנקה באזור.,0,1
"התשלום מתבצע באופן מהיר, בזמן הנוח לכם, ללא המתנה מיותרת בתור וחשבונך במאגר הנתונים הממוחשב של הרשויות מזוכה באופן אוטומטי.",0,1
"כעבור יומיים־שלושה, בעקבות ההנקה, מקבלת הצואה גוון צהבהב, ולעיתים קרובות היא רכה.",0,1
"ועדת השילוב מתקיימת במתי""א באר שבע, לפרטים נוספים בטלפון 08-647466",1,0
הפריחה אינה מלוּוה בסימנים נוספים והיא חולפת ללא טיפול.,0,1
"אולם קריאה וחדר קריאה בספריה הפתוחה לציבור, חוץ מן המקומות שהוקצו בידי הנהלת המקום שבהם יהיה העישון מותר, אם הוקצו, ובלבד שיש בהם סידורי אוורור תקינים והעישון בהם אינו גורם למטרד בחלקים אחרים של המקום.",0,1
הכיסויים צריכים להיות קלים אך מחממים.,0,1
"המזרן חייב להיות קשה, שטוח ומצופה בבד אטום לנוזלים כדי למנוע חלחול נוזלים לספוג.",0,1
שים לב!,1,0
"אחרי אלה ניתן למנות פציעות בתאונות שונות (ולכן, למשל, חשוב שיהיה ביטוח טוב) - ורק לבסוף מגיע תורן של המחלות הזיהומיות, המאפיינות את ארצות היעד.",0,1
אתה זכאי לקבל את תוצאות הבדיקות במקום עריכתן עוד בטרם התקבלה החלטה בעניינך.,0,1
"בית המשפט הגדיר את אחריות בעל העסק במובן רחב יותר, ומצפה מבעל העסק בנוסף למפורט לעיל, גם לסרב לתת שירות לאדם המעשן בניגוד לחוק ואף לדרוש ממנו לעזוב את המקום, אם לא יחדל מביצוע העבירה.",0,1
"מה חשוב לקחת לחו""ל?",1,0
החלטת מנהל מחוז היא סופית ואינה נתונה לערר (לא ניתן להשתתף בדיונים לגבי הבקשה).,0,1
"אם המעשן מסרב להפסיק לעשן ו/או לעזוב את המקום, פנה למוקד הפיקוח העירוני והזמן פקח רשום תיעוד של האירוע, כולל תאריך, מקום ושעה, פרט את הצעדים שננקטו על מנת לטפל בוואת תוצאות האירוע.",0,1
אחד התינוקות במחלקה חלה בצהבת פיזיולוגית.,0,1
"אתה בעל אזרחות ישראלית, וטרם חלפה שנה מהמועד שבו חדלת להיות תושב ישראל, ונפגעת מחוץ לישראל.",0,1
"חרף העובדה הידועה, כי אנשים בכל הגילאים נוטים להעריך את גילם הסובייקטיבי כצעיר מזה הכרונולוגי (פער ההולך ומתעצם עם ההזדקנות), הרי שלמטיילים המבוגרים יותר מאפיינים בריאותיים מיוחדים, שאסור להתעלם מהם.",0,1
מקומות ציבוריים רשאים למנות סדרנים למניעת העישון.,0,1
תשובה הכוללת אישור או דחייה תועבר לפונה ולרשות במייל/בפקס.,0,1
טעות.,1,0
"המשמעות - רווח ניכר לתושב ולסביבה, הן בחיסכון בנייר, הן במהירות קבלת המידע וכן בנוחות וביעילות המעקב אחר החשבונות התקופתיים.",0,1
"אם ההתקף קשה, ניתן לטפל בו גם באמצעות הזרקה של הורמון הקרוי גלוקגון הגורם לעלייה חדה ברמת הסוכר בדם.",0,1
"עם זאת מומלץ, כמובן, שתמשיכו לעקוב בקפידה אחרי התפתחות הילד.",0,1
מומלץ שרופא ילדים יבדוק את התינוק כשבוע אחרי השחרור מבית החולים.,0,1
רצוי לחתל כך שהחיתול לא יהיה הדוק מדי לגוף.,0,1
ההחתלה נעשית בדרך כלל בצמוד לשעות ההאכלה מכיוון שהתינוק לרוב ער.,0,1
צוות הוועדה שמקבל את החומר יבדוק את הבקשה ויחליט על בסיס החומר הרפואי ועל סמך חוות הדעת המקצועיות שקיבל אם יש צורך באבחון ובטיפול.,0,1
איזון רמות הסוכר הוא הדרך הטובה ביותר למניעת הסיבוכים האלה.,0,1
בימי ד' לא מתקיימת קבלת קהל.,0,1
החזיקו את התינוק כך שתוכלו להתבונן בו.,0,1
במסגרת הטיפול ההתפתחותי מתייחסים לפוטנציאל של הילד אל מול הקושי שלו להשיג אותו ולממש אותו.,0,1
פריחה אצל תינוקות יכולה להיות ממוקדת או מפוזרת על כל הגוף.,0,1
יש להרחיק את התנור מכל חפץ שעלול להתלקח.,0,1
"חנות; מסעדה, מזנון, בית קפה, לרבות כל בית אוכל, בית משקה, מועדון, דיסקוטק או מקום אחר שבין עיסוקיו הגשת מזון או משקאות (כולם להלן - בית אוכל), למעט חדר נפרד לחלוטין, אם קיים ,שהוקצה לעישון בידי הנהלת בית האוכל, ובלבד שיש בו סידורי אוורור תקינים ובלבד שעומד בתנאים הקבועים בחוק.",0,1
הלבישו את התינוק בבגדי תינוקות התואמים את תנאי מזג האוויר ועל פי עונות השנה:   בקיץ: לבוש קל ומאוורר.,0,1
"תחנת רכבת, לרבות רציף, למעט אזור שהוקצה לעישון בקצה הרציף וחד נפרד לחלוטין שהוקצה לעישון בידי הנהלת המקום, אם הוקצה, ובלבד שיש בו סידורי אוורור תקינים והעישון בו אינו גורם למטרד בחלקים אחרים של המקום, וכן תחנה של רכבת מקומית.",0,1
תאריכי ועדות השמה ועדות השמה מתקיימת בין תאריכים פברואר עד מאי.,1,0
"חיסונים בגיל המבוגר:ראשית, יש לדאוג לעדכון כל חיסוני השגרה.",0,1
סורגי המיטה צריכים להיות צפופים: אסור שהרווח בין סורגי המיטה יעלה על 7 סנטימטר.,0,1
לכן ישנה ירידה בכמות האינסולין המופרשת - עד כדי היעדר מוחלט של אינסולין מייצור עצמי של הגוף.,0,1
למניעת הסיבוכים המאוחרים של מחלת הסוכרת חשוב מאוד לשמור על רמה תקינה של גלוקוזה בדם.,0,1
"בקרב חולים בסוכרת מבוגרים הבעיה לא נובעת ממחסור באינסולין אלא מכך שנוצרת תנגודת לפעילות של האינסולין, והוא אינו מצליח להכניס את הסוכר מהדם לתאים.",0,1
"אם לא מטפלים במחלת הסוכרת, היא עלולה לגרום לסיבוכים ארוכי טווח כמו: פגיעות בכלי דם (לדוגמה, טרשת עורקים מואצת שעלולה לגרום בעתיד לבעיות לב) פגיעה בעיניים באזור הרשתית שבשלב הסופי שלה עלולה לגרום לעיוורון .",0,1
"אלה - בשילוב עם הסיכונים הספציפיים בארצות היעד - מאפשרים ""לתפור"" בעבור כל מטיילת ומטייל את ההמלצות הספציפיות על החיסונים הנדרשים, התרופות שיש להביא מהארץ והדרך המיטבית להתנהל, מבחינה בריאותית, לפני הנסיעה, במהלך הנסיעה ואחרי הנסיעה.",0,1
מקרים מיוחדים אלו יעסקו בעניינים של תלמידים אלו:תלמידים המשתחררים מאשפוז ומצבם מצריך הפניה לוועדת השמה בהמלצת בית החולים.,0,1
הבילירובין נוצר בעת פירוק הכדוריות האדומות במסגרת התאמת מערכות הגוף לחיים שמחוץ לרחם.,0,1
הבדיקה הבסיסית ביותר היא של רמת הגלוקוזה בדם בצום.,0,1
"חשוב לדעת שאין אפשרות להעלות למטוס מיכלי חמצן אישיים, והסידורים השונים משתנים בין חברות התעופה השונות.",0,1
"סוכרת של מבוגרים (סוכרת מסוג 2) מופיעה בדרך כלל בגיל מאוחר הרבה יותר, לעיתים קרובות  אצל אנשים שסובלים מעודף משקל.",0,1
תנאי חמישי - תקופת אכשרה צברת תקופת אכשרה של לפחות 12 חודשי עבודה כשכיר מתוך 18 החודשים האחרונים לפני שנרשמת לראשונה בשירות התעסוקה.,0,1
"מטרתו לקדם את הילד, לשפר את יכולותיו ולהעניק לו ארגז כלים להמשך הדרך.",0,1
תרופות מרשם יש לקחת באריזות המקוריות ולא במיכלים אחרים.,0,1
"אם אתה מכיר את הרופא בוועדה באופן אישי או כרופא מטפל, רופא זה לא יכול להשתתף בוועדה שתבדוק אותך.",0,1
"כאשר קיים מחסור באינסולין, או שתאי הגוף אינם מצליחים לנצל את האינסולין, נוצר מצב שבו רמת הסוכר בדם גבוהה מדי, אך רמת הסוכר בתאים נמוכה.",0,1
גני שעשועים הפתוחים לציבור.,0,1
תלמידים אחרי תאונות או טראומות נפשיות או פזיות.,0,1
מה זה אינסולין?,1,0
תנאי רביעי - התייצבות בשירות התעסוקה כדי להיות זכאי לדמי אבטלה עליך להתייצב בשירות התעסוקה.,0,1
ועדות שיבוץ אחראיות לשיבוץ תלמידים במסגרות החינוך המיוחד.,0,1
"חבר קיבוץ וחבר מושב שיתופי - לא זכאים לדמי אבטלה, אלא אם הם עובדים כשכירים מחוץ למשק או אם הקיבוץ מעסיק אותם כשכירים.",0,1
"תלמידים במצב חירום בנסיבות מיוחדות מאוד, והעובד הסוציאלי שהוא פקיד סעד לחוק נוער סבור כי יש לדון בעניינים בוועדת השמה, מטעמים שיירשמו ויקבלו אישור בוועדת חריגים שתוקם במחוז למטרה זו.",0,1
"אם קיבלתם הודעה מהוועדה שאין צורך באבחון, קיבלתם בעצם בשורה משמחת ומרגיעה.",0,1
"מתוכם, מהווים בני השמונים ומעלה את קבוצת הגיל הגדלה במהירות הרבה ביותר.",0,1
מרגע שליחת ההפניה אתם נמצאים בתהליך הבירור.,0,1
ברוב מדינות המערב וגם בישראל שיעורם של בני הגיל השלישי באוכלוסיה נמצא בעלייה מתמדת.,0,1
האם הוא חולה?,1,0
נהלי הרישום מתבצע לאחר ועדת השמה הקובעת את הזכאות לחינוך מיוחד ולאחר ועדת שיבוץ המשבצת את הילד למסגרת המתאימה לצרכיו.,0,1
צריך לזכור שתינוק לא מחמם את הגוף שלו כמו מבוגר.,1,0
"ראשית, כל המשלם בהוראת קבע יקבל הנחה בשיער של 1% מחיוב הארנונה התקופתי למעט משלם אשר חיובו השנתי מעל ל-100,000 שקלים אשר לא יזוכה בהנחה אך יוכל לחלק את התשלום ל-12 תשלומים.",0,1
תינוקות - יותר מאשר ילדים ומבוגרים - מתקשים לשמור על חום גופם.,0,1
"אם ההפרשה מרובה, יש לפנות לרופא כדי לקבל טיפול.",0,1
הטיפול בקטואצידוזיס כולל מתן נוזלים רבים ומתן אינסולין כדי להוריד את השיעור הגבוה של הסוכר ושל גופי הקטו שנוצרו.,0,1
"בדרך־כלל הוא לא נראה כפי שדמיינתם אותו במהלך ההריון, אבל בתוך זמן קצר תגלו את המיוחד שבו.",0,1
"בכל מקרה, אם נוסעים עם אסתמה מומלץ להתייעץ הן עם הרופא או הרופאה במרפאת־המטיילים והן עם הרופא או הרופאה המבצעים את המעקב אחר האסתמה ולגבש תוכנית פעולה ברורה למקרה שיופיעו סיבוכים (למשל: שמות וכתובות מדויקים של מרפאות או בתי־חולים אמינים ביעדים השונים וכיצד בדיוק מגיעים אליהם).",0,1
"בכל מקרה, יש לשמור על אוויר לח בחדר באמצעות מגבת לחה או כלי עם מעט מים במקום שאליו התינוק לא יכול להגיע.",0,1
"אין כמו המגע, החיבוק, הבעת הפנים והקול המרגיע שלכם כדי לתת לו ביטחון בעולם החדש שאליו יצא.",0,1
"שינוי בהתנהגות הרגילה של התינוק: אי־שקט מסיבה לא ברורה הנמשך כמה שעות או, לחלופין, התינוק ישנוני, מסרב לאכול ובוכה בכי חלש.",0,1
"אם המעשן מסרב לכבות את הסיגריה, הסבר למעשן שהוא לא יקבל שירות אם ימשיך לעשן וכי הוא מתבקש לעזוב את המקום.",0,1
כדאי לנקות את אזור ההחתלה במים פושרים ובעת הצורך אפשר לשטוף אותו גם מתחת לברז.,0,1
"שלב שלישי: סיכום הדיון וקביעת אחוז הנכות הרפואית לאחר שתעזוב את חדר הוועדה, הרופא יקריא למזכיר את הממצאים הרפואיים שמצא, ויקבע את החלטתו בהתאם למסמכים הרפואיים שבתיק, הקשיים שציינת והבדיקה שערך.",0,1
תינוקות יונקים בין היתר בריאים יותר וסובלים פחות ממחלות בילדות וכמבוגרים.,0,1
"השאלונים יאפשרו לוועדה להתרשם מצורכי הילד, לזהות את קשייו ולהגדיר את ההתייחסות הנדרשת.",0,1
החוק חל גם על מקומות עבודה פרטיים.,0,1
"סימני האירוע הם מתן שתן רב, בחילות, הקאות וכאבי בטן, בעיקר בילדים, סימני התייבשות ונשימות מהירות.",0,1
איך לחמם את החדר?,1,0
"הגורמים יכולים להיות רבים, ובעיקר השינויים באופי המאמץ הגופני, במעלות החום, בלחות האוויר ובאלרגנים שבסביבה.",0,1
"צריך ללמוד לזהות סימנים להתקף היפוגליקמיה - הזעה, רעב, כאבי ראש, בחילות או בלבול - ולטפל בהם באמצעות מזון או משקה עשיר בסוכר.",0,1
"אין בנמצא סטטיסטיקות ישראליות העוסקות במטיילים המבוגרים, אך במרפאות המטיילים של הכללית לא נדיר לפגוש נוסעים בני מעל 80, ולפעמים מעל 90, שיעדם ארצות־הברית או המזרח.",0,1
מחזיקים במקומות ציבוריים ו/או נושאי משרה ישאו באחריות ליישום החוק והוראותיו.,0,1
לא מקדימים את המאוחר.,0,1
"לרופא אין סמכות לדון בטיפול רפואי שאתה נזקק לו, ולכן אין טעם לבקש מהרופא בקשות הקשורות לטיפול רפואי.",0,1
לעיתים קרובות הוא עוקב במבטו ומקשיב לקולכם.,0,1
"כמות הזריקות ותזמונן במהלך היום תלויים בסוכרתי עצמו ובתגובה שלו לטיפול, וזאת בכפוף להחלטת הרופא ועל סמך בקרה צמודה של רמות הסוכר בדם.",0,1
"השילוב בין השינויים הגופניים המלווים את העלייה בגיל לבין מחלות כרוניות, ששיעורן הולך ועולה עם הגיל, מוביל לירידה בתפקודים השונים וכך גם בסיבולת הלב־ריאה, בתגובתיות פחותה לירידה במתח החמצן (היפוקסיה), לירידה בתפקוד הכלייתי ולירידה ביכולת לשמר נוזלים.",0,1
המים צריכים להיות בטמפרטורה של 38-37 מעלות - ניתן למדוד באמצעות מד חום או אמת ההורה.,0,1
"הנחיות פעולה לבעל עסק הנתקל בעישון מחזיק במקום ציבורי חייב לתלות שילוט האוסר על העישון במקום, לדאוג לתקינות השילוט וכן אסור עליו להציב מאפרות במקום בו חל האיסור לעשן.",0,1
היתרון העיקרי בתשלום זה הוא יתרון  הנוחות והמהירות.,0,1
כמו כן לומדים כיצד ניתן לתקשר איתו ולהרגיעו.,0,1
"ועדת העברות כוללת נציגות פיקוח, נציגות מהשפ""ח ונציגות מהאגף לחנ""מ.",0,1
"אם לגופיות תפרים בולטים, אפשר להפוך את הגופייה הקרובה לגוף כדי למנוע  גירוי בעור העדין.",0,1
איך להלביש את התינוק?,1,0
"חדר או אולם הפתוחים לציבור בבנק, בבית דואר או בסוכנות דואר או במקום אחר המשמש לקהל או חדר,אולם או מסדרון המשמש להמתנה, למעט חדר נפרד לחלוטין שהוקצה לעישון בידי הנהלת המקום, אם הוקצה, ובלבד שיש בו סידורי אוורור תקינים והעישון בו אינו גורם למטרד בחלקים אחרים של המקום, לרבות חדר מדרגות ומעבר.",0,1
"עד מהרה תלמדו את התנהגות תינוקכם בנוגע ליציאות, ולפי זה תכוונו את שעת החלפת החיתול.",0,1
תוכלו לשלם בשתי דרכים: תשלום אחד על מלוא הסכום השנתי שישולם עד ל-31 בינואר של שנת המס אשר יבטיח שלא תשלמו הפרשי הצמדה על חיובי שנת המס השוטפת.,0,1
"לקראת היום השלישי הירידה מתונה יותר, ולאחר 14-10 ימים אנחנו מצפים שהתינוק יחזור למשקל הלידה.",0,1
"שים לב, אם נפגעת בזמן שעשית מעשה פשע או בזמן שעברת עבירה שיש בה זדון או רשלנות פושעת, לא תוכר כנפגע פעולות איבה.",0,1
"חשוב להדגיש, כי אין חובה להקצות חדר עישון.",0,1
מדובר בחלק מההסתגלות לאוויר אחרי זמן רב בסביבה מימית.,0,1
"אם למרות נקיטת צעדים אלו, אדם מפר את הוראות החוק מומלץ לפעול על פי הצעדים הבאים:הפנה את תשומת לבו של המעשן לכך שהעישון אסור במקום ולשילוט האוסר על עישון, ודרוש בנימוס לחדול מיד מהעישון או לחילופין לצאת ולעשן מחוץ למקום.",0,1
פגיעה ממעשה אלימות שמטרתו העיקרית פגיעה באדם בשל השתייכותו למוצא לאומי-אתני ושנובע מהסכסוך הישראלי-ערבי.,0,1
"תשלום דו חודשי המתבצע עד ה-14 לחודש אי זוגי, כלומר – עד 13, 15, 17 וכן הלאה.",0,1
"אם מדובר במסמכים רפואיים נוספים, תתבקש להגיש אותם, ואם בבדיקות רפואיות, תתבקש לבצע את הבדיקות.",0,1
"האם אנחנו ""זקנים מדי"" כדי לנסוע?",1,0
"מניחים שישנם גורמים רבים המשפיעים על הופעת המחלה ובהן: תורשה, תזונה לקויה, תגובה של מערכת החיסון ומחלות נגיפיות.",0,1
"קריטריונים להסעה תלמידי החינוך המיוחד, החל מכיתות הגן גילאי 3 ועד גיל 21, המשובצים במוסדות החינוך המיוחד זכאים להסעה מאורגנת מיוחדת, ללא קשר להגבלת המרחק: עיכוב התפתחות, הפרעת תקשורת, תלמידים עם מגבלה שכלית קשה/עמוק וסיעודי, משותקי מוחין ובעלי נכויות פיזיות קשות, אוטיסטים/ASD, בעלי הפרעות נפשיות קשות וחולי נפש, תלמידים בעלי מגבלה שכלית בינונית רב- בעייתי, תלמידים בעלי מגבלה שכלית קשה/עמוקה/סיעודית, חירשים וכבדי שמיעה, עיוורים ולקויי ראייה.",0,1
אנשי המקצוע האלה יבדקו ביסודיות את החומר שהוגש.,0,1
הטיפול באינסולין טומן בחובו סיכונים.,0,1
התינוק החדש מבלה את רוב שעות היממה במיטה.,0,1
אני רוצה להיניק אבל הגעתי הביתה והשדיים כואבים.,1,0
האחריות למניעת חשיפת הציבור לעישון כפוי חלה גם על מניעת חשיפת העובדים במקום ציבורי.,0,1
"חולים בסוכרת מבוגרים יכולים להסתדר בדרך כלל רק בעזרת דיאטה מתאימה או בעזרת שילוב של דיאטה ושל כדורים, ללא צורך בנטילת אינסולין, לפחות בשנים הראשונות אחרי גילוי מחלתם.",0,1
"בתוך זמן מה תלמדו להכיר את התינוק, להבחין בין בכי הנובע מרעב או מסיבות אחרות ולהיענות לצרכיו.",0,1
מהי סוכרת נעורים?,1,0
"מהניסיון המצטבר ידוע שכ־10% מהילדים מפגינים קשיים שונים בהתפתחותם, אך רק אצל חלקם מאובחן קושי משמעותי וכרוני.",0,1
"הוועדה כוללת רופא מומחה שתפקידו לקבוע את דרגת הנכות שלך, ומזכיר שתפקידו לרשום את דבריך ואת פרוטוקול הוועדה ולדאוג לשמירה על זכויותיך.",0,1
ההפרשה הזאת נובעת מהורמונים שעברו מהאם אל הבת דרך השליה.,0,1
חדר או אולם פתוח לציבור המשמש לפעילות גופנית או לספורט.,0,1
"בכי ואי־שקט של תינוק יכולים לנבוע ממגוון רב של סיבות: רעב, כאב בטן, חוסר נוחות עקב התנוחה שבה הוא מונח, חיתול מלוכלך ורטוב, סביבה חמה מדי או קרה מדי, לאחר ארוחה - בגלל נוכחות של בועת אוויר שטרם השתחררה.",0,1
מומלץ להכין מראש את כל הציוד הדרוש לאמבטיה.,0,1
מטיילים מעל גיל 60 (ומומלץ גם מעל גיל .) טוב יעשו אם יפנו לייעוץ מסודר במרפאת מטיילים של הכללית לפחות ארבעה עד שישה שבועות טרם הנסיעה.,0,1
האם ההורמונים של האם משפיעים גם על התינוק?,0,1
נוסעים עם מחלת־לבציוד ותרופות:מטיילים חולי לב צריכים להצטייד במכתב מפורט באנגלית המתאר את מצבם ואת ההליכים הרפואיים שעברו.,0,1
"עובד שכיר שמעסיקו אינו תושב ישראל או עובד בשירות דיפלומטי או קונסולרי של מדינת חוץ, יכולים להיות זכאים לדמי אבטלה למרות שהמעסיק שלהם אינו חייב בתשלום דמי ביטוח עבורם, והם משלמים את דמי הביטוח עבור עצמם.",0,1
לאחר שתתקבל החלטה בתביעתך תישלח אליך הודעה אליה יצורף עותק מהפרוטוקול הרפואי של הוועדה.,0,1
הניטור הצמוד במקרים האלה הוא חשוב ביותר כדי למנוע מעבר למצב של היפוגליקמיה (תת סוכר בדם) בעקבות עודף האינסולין שניתן כדי לבלום את ההידרדרות במצב החולה.,0,1
"המחזיק במקום ציבורי חייב להציב שילוט המורה על איסור עישון במקום וכן חל איסור על הצבת מאפרות במקום, למעט בחדר עישון, במידה ויש.",0,1
"בנוסף לאלה, הירידה - הטבעית עם הגיל - בהפרשת חומצות הקיבה כרוכה ברגישות גבוהה יותר לזיהומי מעיים ממגוון של מחוללים.",0,1
לאחר מכן מרחו על המקום משחה מגינה.,0,1
לעיתים הוא רק רוצה את קרבתכם ואת תשומת ליבכם.,0,1
"נוסעים עם אסתמה ציוד ותרופות: מטיילים הסובלים מאסתמה צריכים להצטייד במלאי מתאים של תרופות, הן תרופות קבועות (משאפים למיניהם) והן תרופות לטיפול בהחמרה פתאומית במחלה (תכשירי סטרואידים).",0,1
"אלה הם הנפוצים ביותר: סוכרת נעורים, הנקראת גם סוכרת מסוג 1 או סוכרת תלוית אינסולין.",0,1
"מקלט ציבורי ומחסה ציבורי כהגדרתם בסעיף 11 לחוק ההתגוננות האזרחית, התשי""א -  1951 כל מקום בבניין של בית כנסת, כנסייה, ח'ילווה או מסגד בחצר שלו, למעט חלק של האזור שהוקצה לעישון בידי הנהלת המקום, אם הוקצה, ובלבד שאותו חלק של האזור שהוקצה לעישון אינו מקורה בדרך כלשהי,לרבות בסככה וכיוצא בזה, שטחו רציף ואינו עולה על רבע ממקומות הישיבה באזור, ושאר האזור שמור ללא מעשנים וסומן בבירור שהעישון בו אסור.",0,1
יש להקפיד שההפניה תיעשה לא יאוחר מה- 31 במרץ מידי שנה כדי שהוועדה תסיים את הדיונים עד 15 במאי (לתלמידי בתי הספר) ועד 31 במאי (לגני ילדים) ועדת שיבוץ ועדות שיבוץ פועלות בחודשים יוני ויולי.,0,1
אין גם מה להתבייש!,1,0
"מטרתו של חוק זה למנוע את העישון במקומות ציבוריים ואת חשיפת הציבור לעישון כפוי, הגורמת למוות, למחלות ולנכות.",0,1
"יכולות להופיע נקודות שומן לבנות על האף ועל הסנטר, אך גם הן נעלמות בתוך זמן קצר.",0,1
"על פי החוק, את החיוב השנתי של הארנונה יש לשלם במלואו, בראשון לינואר של כל שנת מס, אך מועצת העיר החליטה כי ניתן לשלם את הארנונה בפריסת תשלומים נוחה תוך מתן שפע של אפשרויות תשלום.",0,1
"אם לא עשה כן - 5,000 ₪ קנס שוטרים או פקחים עירוניים שהוסמכו לכך, אחראים על אכיפת החוק ורשאים למסור דו""חות למעשן ו/או למחזיק במקום ציבורי.",0,1
הקפידו לקנות מיטה בעלת תו תקן.,0,1
מהו קצב העלייה במשקל של התינוק?,0,1
אלו הן ועדות מקצועיות שהרכבן נקבע בחוק ובידיהן הסמכות והאחריות לקבל החלטות לגבי זכאותו של תלמיד בעל צרכים מיוחדים לשירותי חינוך מיוחדים.,0,1
"חולי סוכרת החוצים יותר מארבעה אזורי זמן בכיוון מערב עשויים להזדקק למינונים גבוהים יותר של אינסולין (כיוון שהיממה מתארכת), בעוד שאלה הנוסעים מזרחה עשויים להזדקק להפחתה במינון (כיוון שהיממה מתקצרת).",0,1
מתי לפנות לטיפת חלב ולרופא הילדים?,1,0
"ב 29- למאי 2012 –ח' בסיוון התשע""ב הורחב החוק באישור ועדת העבודה הרווחה והבריאות של הכנסת ובוצעו שינויים בתוספת לחוק.",0,1
"אם קיבלתם הודעה שיש צורך באבחון, תנותבו לאיש המקצוע או לאנשי המקצוע המתאימים (את המידע על כך תקבלו ממזכירוּת המרפאה שלכם).",0,1
"שים לב, סיבת הפסקת העבודה (הוצאה לחל""ת, פיטורים או הפסקה מרצון) משפיעה על מועד תחילת התשלום - למידע נוסף על סיבות להפסקת עבודה לחץ כאן.",0,1
"כדי להקל עליכם ולסייע לכם ריכזנו כאן בעבורכם מידע על המערך העוסק בהתפתחות הילד בכללית, על זכאותכם בסל הבריאות ובכללית מושלם ועל כל מה שחשוב שתדעו בשלב הזה כדי להתחיל את תהליך הטיפול בילדכם.",0,1
הפקחים מגיבים לפניות / תלונות וכן פועלים בפעילות יזומה.,0,1
"מוסד להשכלה גבוהה או מוסד לחינוך על תיכוני שתלמידיו בגיל העולה על 18 שנים לרבות מגורי תלמידים למעט חדר נפרד שהוקצה לעישון וחדר מגורי המעשנים, חדרי הנהלה וסגל.",0,1
"ציין בפני המעשן כי בכך שהוא מעשן הוא עובר על החוק וגורם גם לך לעבור על החוק, ושניכם עלולים להיקנס בשל כך ו/או להיתבע על ידי לקוחות.",0,1
"הסיבה פשוטה: תכשירים רבים רגישים לשינויים קיצוניים בטמפרטורה (למשל, אינסולין), ופעמים רבות מידות החום והקור בתא המטען אינן מבוקרות.",0,1
"כלומר, אפילו יום עבודה אחד בחודש ייחשב לך כחודש עבודה.",0,1
הכתמים נעלמים בדרך כלל בתוך כמה חודשים.,1,0
במקרה כזה מטפל מהתחום הרלוונטי יזמן את ההורים ואת הילד לאבחון ויקבע לילד תוכנית טיפולים אישית.,0,1
מקור הכתם הזה הוא ריכוז גבוה של גבישים בשתן.,0,1
כיצד תתבצע האכיפה של החוק?,0,1
האשכים שלו נפוחים בגלל ההורמונים?,1,0
"כדי למנוע גירוי בעור, החליפו את החיתולים בזמן.",0,1
״מקום עבודה״ - כל מקום בבניין שעובדים בו אנשים ושאינו משמש למגורים.,0,1
"חשוב להתייצב בשירות התעסוקה בסמוך להפסקת העבודה גם אם הפסקת לעבוד מרצונך, כדי לממש את זכאותך לדמי אבטלה.",0,1
"תקופת החל""ת המזכה בדמי אבטלה:למי שיצא לחל""ת עד 320 - 30 יום לפחות.",0,1
"בנוסף לכך, עם הגיל, אנו נעשים רגישים יותר וחשופים יותר לסיבוכים של מחלות זיהומיות נפוצות, נגדן קיים חיסון.",0,1
"חושי הראייה, השמיעה, הטעם והריח פועלים כבר מהלידה.",1,0
"אם הוועדה תחליט שאין צורך באבחון/טיפול או אם הילד עבר אבחון בתחום המבוקש בשנה האחרונה (מתאריך יום ההולדת שלו) ואינו זכאי לאבחון נוסף על פי סל הבריאות, תתקבל במשרד המרפאה תשובה מנומקת, והיא תועבר להורה.",0,1
למידע נוסף קראו את המדריך לבטיחות תינוקות.,0,1
"עבירה על החוק הינה עבירה פלילית, הנושאת קנסות בצידה.",0,1
"ערך גלוקוזה (סוכר) של 126 מ""ג ומעלה בשתי בדיקות דם רצופות מאשש את האבחנה.",0,1
לרבות מגרשי ספורט.,0,1
"אם התבקשת להביא מסמכים נוספים לוועדה, או שיש בידך מסמכים שלא מצויים בתיק, נא הגש אותם לרופא.",0,1
"כמו כן הרופא יקבע את תאריך תחילת אחוז הנכות הרפואית, ואם הנכות הרפואית היא לתקופה זמנית או קבועה (לצמיתות).",0,1
"מקום עבודה, למעט חדר נפרד לחלוטין שהוקצה לעישון בידי הנהלת המקום, לאחר התייעצות עם העובדים.",0,1
זו בעיה חריפה נוספת שנפוצה במיוחד בקרב חולים בסוכרת נעורים.,0,1
כלל אצבע: הלבישו את התינוק במספר השכבות שנוח לכם פלוס שכבה אחת.,0,1
"ואם לא די בכך, הירידה בפעילות מערכת החיסון מכרסמת בתגובת הגוף לחיסונים הניתנים לפני הנסיעה וניכרת גם ירידה בתפקודים הנוירולוגיים – קושי לשנן ולזכור וירידה בחדות הראייה והשמיעה – מה שעלול להאט את ההסתגלות של המטיילים לסביבתם החדשה.",0,1
"למי שיצא לחל""ת מ- 20 עד 321 - 14 יום לפחות.",0,1
סוכרת הריונית.,1,0
חזרנו הביתה עם התינוק.,1,0
הודעות שיבוץ למסגרות החינוך המיוחד נשלחות להורים במשך חודשי הקיץ.,0,1
"ועדת העברות התלמיד והוריו יכולים לערער על החלטת ועדת השיבוץ בכתב למחלקה לחינוך מיוחד, לגב' אתי וקנין.",0,1
בעיות שונות עלולות לצוץ כתוצאה מירידה בלחץ החמצן ומהיובש היחסי בתא הנוסעים.,0,1
"אם החום הוא מתחת ל־36 מעלות, פנו לרופא.",1,0
"נוהל הפניית ילד לוועדת השמה לצורכי חינוך מיוחד יש להגיש את המסמכים הבאים לשירות הפסיכולוגי חינוכי לצורך הכנת תיק תלמיד לוועדת ההשמה:בקשה בכתב לוועדת השמה, חתומה על ידי הורי הילד, או אפוטרופוס חוקי.",0,1
"מנגנון ויסות החום של התינוק לא בשל בחודשים הראשונים לחייו, בין היתר משום ששכבת השומן על גופו היא דקה, ושטח עורו גדול יחסית  למשקלו.",0,1
"לכם, ההורים, יש תפקיד מרכזי בתרגול הזה, ושיתוף הפעולה שלכם הוא קריטי.",0,1
יש לו פריחה בעור.,1,0
"בחלק מן המקומות המוגדרים בחוק, ניתן להקצות חדר המיועד לעישון, שיהיה נפרד לחלוטין, מאוורר היטב, ושהעשן אינו מהווה מטרד בחלקים אחרים באותו מקום.",0,1
"אלו מקומות נחשבים כמקומות ציבורים לפי חוק ובהם העישון אסורה חוק אוסר לעשן במקומות הציבוריים המפורטים להלן:אולם המשמש בדרך כלל לבית קולנוע, לתיאטרון, להופעות, לקונצרטים, לאופרה או למחול וכן חדר או אולם המשמש לדיון, להרצאה או לישיבות, וכן המסדרונות והאכסדרות, למעט חדר נפרד לחלוטין שהוקצה לעישון בהפסקות בידי הנהלת המקום, מלבד שעומד בתנאי החוק.",0,1
עד למפגש עם הרופא יש להלביש את התינוק בשכבת בגדים נוספת ולוודא שהוא נמצא במקום שחומם היטב.,0,1
הנפיחות בעיניים מלוּוה לעיתים בהפרשה קלה הניתנת לניגוב בעדינות בעזרת מים פושרים.,0,1
יש כמה סוגים של סוכרת.,1,0
ומה בנוגע לזריקות אינסולין?,0,1
פעילות גופנית סדירה יכולה לעזור גם היא בשמירה על רמת סוכר תקינה ולמנוע סיבוכים מאוחרים.,0,1
"בשטח בית החולים או במרפאות, לרבות חצר המוסד בטווח של 10 מטר מהכניסה או מהיציאה ובחלקה פתוח לציבור בבית המרקחת.",0,1
זאת בניגוד להפרעה בייצור האינסולין שמאפיינת את סוכרת הנעורים.,0,1
"העובדים האלה לא מבוטחים בביטוח אבטלה, ולכן לא יכולים להיות זכאים לדמי אבטלה:עובד עצמאי - לבדיקת זכויות של עובדים עצמאיים ופרילנסרים בעקבות הקורונה לחצו כאן בעל שליטה בחברת מעטים - לא זכאי לדמי אבטלה גם אם הוא עובד בה כשכיר.",0,1
"אם המזגן פועל, כדאי שתי שכבות.",0,1
תינוק שנוהג לעשות את צרכיו בשעת ההנקה - אפשר להחליף לו את החיתול אחרי ההנקה.,0,1
מכתב באנגלית מהרופא או הרופאה המטפלים ובו ציון של כל המחלות הכרוניות שמהן סובלים.,0,1
"ואסור להשאיר את התינוק לבד במים, אפילו לא לחלקיק שנייה!",0,1
הנפיחות נעלמת לאחר זמן קצר.,1,0
"המלווה יכול להיות עו""ד, מתרגם, קרוב משפחה, חבר וכודומה.",0,1
ועדת השמה תשמש גם כ-וועדת ערר על החלטת ועדת השילוב המוסדות.,0,1
"כדאי שהתרופות שעימן נוסעים יהיו תואמות את הכתוב במכתב הרפואי – בייחוד נכון הדבר לגבי תרופות הניתנות בהזרקה ותרופות משככות כאבים ממשפחת הנרקוטיקה, למשל אוקסיקוד (Oxycod, Oxycodone), או אמ סי אר (MCR, Morphine) ביטוח נסיעות לחו""ל בכללית חו""ל מאפשר כיסוי לבעיות בריאות ולמחלות קיימות וכרוניות, אם נהנית מתקופת בריאות יציבה בחצי השנה שלפני הטיול בחו""ל.",0,1
עליהם להקפיד על נטילת התרופות הקבועות ולהימנע מפעילות מאומצת חריגה.,0,1
בימים הראשונים ייתכן שתראו כתם בצבע כתום בשתן המופרש על  החיתול.,0,1
"אם הוועדה תחליט שיש צורך באבחון ו/או בטיפול, יישלח מסרון לטלפון הנייד של אחד ההורים (אם השירות הזה ניתן במחוז שאליו אתם משתייכים).",0,1
חשוב שעור התינוק יישמר נקי.,0,1
"לנוחיותכם, ריכזנו מספר דרכים בהן תוכלו לשלם את חשבון הארנונה: הוראת קבע בבנק נפתח בחלון חדש טופס הוראת קבע בכרטיס האשראי - להדפסה נפתח בחלון חדש טופס הוראת קבע מקוון נפתח בחלון חדש סניפי הבנקים סניפי בנק הדואר – במזומן, המחאה או כרטיס אשראי מוקד תשלומים טלפוני – התשלום הוא באמצעות כרטיס אשראי במוקד התשלומים של אגף הגבייה.",0,1
חלב אם הוא המזון המושלם לתינוק.,0,1
"אין להציב במיטה בובות, מגן ראש או מצעים שעלולים לכסות את פני התינוק.",0,1
חניון ציבורי מקורה או תת קרקעי.,0,1
"לכן חשוב שכל חולה סוכרת שמטופל באינסולין יישא עימו משהו מתוק ואפילו מזרק גלוקגון להזרקה לשריר הירך, בדומה למזרקים האוטומטיים שמצויים בערכות האב""ך.",0,1
"בטיול ממושך, הסכנה העיקרית לחולי־לב נובעת מהעצמה בלתי־רגילה בפעילות היומיומית, שעלולה להפר את האיזון בו נמצאים חולי־לב יציבים.",0,1
"לאחר מכן, המזכיר יזמין אותך להיכנס לחדר, ותתבקש להציג תעודה מזהה עם תמונה.",0,1
מה זה קטואצידוזיס?,1,0
ניתן לקבל על פי בקשה את פרוטוקול הביניים ואת חוות הדעת שבוצעו על ידי המומחים השונים.,0,1
האמת שלא.,1,0
"קטואצידוזיס נגרם ממחסור חמור באינסולין וגורם לרמה גבוהה של גלוקוזה בדם וליצירת חומר הקרוי ""גופי קטו"".",0,1
גם כדאי מאוד להתקין בחדר מדחום קיר.,0,1
בועדות נפגעי עבודה ניתן למצוא את חוות הדעת באתר האישי.,0,1
הרופא יוצג לפניך בשמו ובתחום מומחיותו וכן יוצג לפניך גם המזכיר.,0,1
פגיעת איבה בחוץ לארץ פגיעה שאירעה בחוץ לארץ תוכר כפגיעת איבה אם מטרתה הייתה פגיעה בישראל או בעם היהודי.,0,1
אתה תושב חוץ ונפגעת תוך כדי ועקב עבודתך אצל מעסיק ישראלי בחוץ לארץ - לצפייה ברשימת המעסיקים לחץ כאן.,0,1
זו יכולה להיות אפילו מחלה קלה שמחוללת שינוי בדפוס הפעולה של מנגנון החיסון בגוף.,0,1
התופעה הזאת נקראת היפוגליקמיה והיא יכולה להתרחש בעקבות מתן מנה גדולה מדי של אינסולין או בעקבות דילוג על ארוחה ולעיתים אף ללא סיבה ברורה.,0,1
"מדובר בכתמי לידה אדומים המופיעים על העפעפיים, על המצח, מעל השפה ובעורף.",0,1
"תאילנד עצמה מדווחת כי מתוך אוכלוסיית התרמילאים הפוקדת אותה כיום, 15% הם מעל לגיל 55 (בהשוואה לשיעור זניח של בני הגילאים האלה לפני עשר שנים).",0,1
"סוכרת נעורים מופיעה בדרך כלל לפני גיל 30, והסובלים ממנה חייבים לקבל טיפול באינסולין.",0,1
העור של תינוק חדש הוא בדרך כלל עדין ורגיש.,1,0
חשוב לשמור על קפלים נקיים.,1,0
איך לסדר את חדר התינוק?,1,0
"שלב שני: בדיקת המצב הרפואי שלך הבדיקה מיועדת לקביעת אחוז נכות, ולא לצורך טיפול רפואי, ולכן היא אינה דומה לבדיקות שמבצע רופא משפחה או רופא מטפל אחר.",0,1
"מומלץ להציב שילוט ברור בכניסה למקום האוסר על העישון במקום, בנוסף לשילוט המחויב על פי התקנות בתוך בית העסק.",0,1
איך מטפלים בסוכרת נעורים?,1,0
לאחר הלידה ניתן להבחין לעיתים בעור התינוק בפריחה עדינה אדמדמה המלוּוה בבליטה צהבהבה במרכז.,0,1
"סוכרת נעורים מופיעה בדרך כלל בפתאומיות, לעיתים קרובות אחרי שהילד או הצעיר סבלו ממחלה נגיפית כלשהי.",0,1
לאחר קבלת ההודעה בנוגע לצורך באבחון ו/או בטיפול יש לפנות למשרד המרפאה כדי לברר על איזה מסלול אבחון וטיפול מבין שני המסלולים הקיימים המליצה הוועדה: אבחון/טיפול בתחום אחד (או יותר).,0,1
הטיפול הוא תהליך.,0,1
ללא טיפול הולם עלול מצבו של החולה להידרדר לאובדן הכרה.,0,1
"הרופא קובע את אחוז הנכות לפי ספר הליקויים, בו מופיע אחוז נכות מוגדר לכל ליקוי רפואי.",0,1
עד גיל 14 ימים צריך לבדוק שהתינוק חזר למשקל הלידה שלו.,0,1
"תנאי שני - מעמדך בישראל הכרה כנפגע פעולות איבה ניתנת רק למי שהמעמד שלו בישראל הוא אחד מאלה:אתה תושב/ת ישראל או בעל אזרחות ישראלית והפגיעה התרחשה בישראל, בשטחי יהודה שומרון (שטחים שבשליטת ישראל) או מחוץ לישראל.",0,1
"נוסף על הטיפול התרופתי יש להקפיד על תזונה נכונה, וחשוב להתייעץ עם דיאטנית לקביעת הדיאטה המתאימה.",0,1
"החוקרים מניחים שהגורם למחלה הוא הפרעה במערכת החיסון, שמסיבות לא ברורות פועלת נגד תאי הלבלב המייצרים את האינסולין והורסת אותם.",0,1
"הרשימה צריכה לכלול גם שמות גנריים של התרופות, לא רק שמות מסחריים, כך שהתרופות תהיינה קלות לזיהוי בכל מקום בעולם.",0,1
איך מטפלים בעור?,1,0
זהו המרווח הרצוי.,0,1
אנחנו מאמינים שחובתנו וזכותנו לעמוד לצדכם ולסייע לכם ככל יכולתנו.,0,1
מסיבה דומה ניתן להבחין לעיתים בנפיחות בשדי התינוקות משני המינים.,0,1
"עד לגילוי האינסולין (על ידי שני חוקרים קנדים: חתן פרס נובל ד""ר פרדריק בנטינג ושותפו למחקר ד""ר צ'רלס בסט) מי שחלה בסוכרת נעורים היה מת בתוך זמן לא רב לאחר גילוי המחלה.",0,1
לעיתים עשוי הרופא להפנות את הילד לבדיקות שמיעה וראייה לפני שהוא מפנה אותו לוועדה.,0,1
בחלק מהמחוזות תישלח גם הודעה בדואר.,0,1
לטיפת חלב מומלץ להגיע מוקדם ככל הניתן ולכל המאוחר שבועיים לאחר הלידה.,0,1
קיומן של ועדת השמה למקרים החריגים שפורטו לעיל מחייב אישור של מנהל מחוז.,0,1
פעם ביום רצוי להוציא את התינוק לחדר מחומם אחר ולאוורר את חדרו.,0,1
"את המסמך כדאי להגיש לרופא או למזכיר, הרופא יקרא את המסמך והוא יצורף לדו""ח הוועדה.",0,1
לעיתים ניתן לראות אצל בנות הפרשה דמית קלה מהנרתיק שחולפת בתוך ימים ספורים.,0,1
עלייה בשכיחות הזיהומים ובקושי רב יותר לרפאם - בשל הפגיעה בפעילותה של מערכת החיסון.,0,1
"דו""ח קלינאית תקשורת של קופת חולים (לא פרטי)/ מרפאה בעיסוק (אם רלוונטי לקשיי הילד)אבחון פסיכולוגי.",0,1
מהם גורמי הסיכון?,0,1
היכן ניתן לשלם?,0,1
נציגי שירות לקוחות – תוכלו לגשת אל משרדי אגף הגבייה בשעות קבלת קהל ולשלם בהמחאה או בכרטיס אשראי.,0,1
"כמה מילים מרגיעות (בדרך כלל...)על אף הסיכונים הבריאותיים המיוחדים לעולם השלישי, הרי שסיבת התמותה המובילה בקרב המטיילים היא, עדיין, מחלות־לב וכלי דם – כלומר: התקפי־לב ואירועים מוחיים.",0,1
"סוכרת מבוגרים, הנקראת גם סוכרת סוג 2 או סוכרת שאינה תלויה באינסולין.",1,0
"בטיול ממושך, הסכנה העיקרית היא דווקא אירועים של היפוגליקמיה (ירידה ברמת הסוכר) בשל שינוי בהרגלי האכילה ובסדר היום.",0,1
קיימים 5 תנאי זכאות לקבלת דמי אבטלה:תנאי ראשון – תושבות עליך להיות תושב/ת ישראל או תושב ארעי (בידך רישיון לישיבת קבע או רישיון לישיבת ארעי).,0,1
איך נערכים נכון לנסיעה?,0,1
בהמשך מצופה שהתינוק יוסיף למשקלו בממוצע 210-140 גרם בשבוע.,0,1
"לכל שאלה, בקשה או צורך במידע נוסף אנו עומדים לרשותכם במרכז שירות הלקוחות שלנו ב־2700* מכל טלפון או כאן באתר האינטרנט.",0,1
בעל העסק חייב לתלות שילוט האוסר על העישון במקום וכן אסור להציב מאפרות במקום בו אסור לעשן.,0,1
"אם הוועדה תגיע למסקנה שקיים צורך באבחון, אנחנו בכללית נעשה את מרב המאמצים כדי שהתהליך האדמיניסטרטיבי יהיה מהיר וממוקד ושהתהליך הטיפולי יהיה איכותי ויעיל.",0,1
"לבדיקה, הכניסו  אצבע בין הבטן לחיתול.",0,1
אם לאחר זמן מה תראו שאין שיפור - תוכלו לחזור שנית לרופא המטפל כדי לשקול את הצורך בהפניה חוזרת.,0,1
"התסמינים רבים וכוללים, בין היתר: צמא מוגבר מתן שתן רב איבוד משקל עלייה בתיאבון עייפות בחילות ראייה מטושטשת .",0,1
"איסור העישון מתייחס לכל מוצרי העישון, הכוללים בין השאר, סיגריות, סיגרים, מקטרת,נרגילה, סיגריות אלקטרוניות ואחרים.",0,1
צהבת שהולכת ומחמירה לאחר השחרור מבית החולים.,0,1
חתימה על טופס ויתור סודיות בדיקות שמיעה וראיה את המסכמים יש להגיש לשירות הפסיכולוגי החינוכי אשר נמצא בכתובת רח' שאול אביגור 1 באר שבע.,0,1
"חשוב, כמובן, להיות ערניים, אך יחד עם זאת יש לזכור שלא כל קושי של הילד הוא אכן בעיה בהתפתחות.",0,1
"ראוי להדגיש, כי בכל שלב במסלול הלימודי, לכל תלמיד קיימת הזכות והאפשרות למעבר בין מסגרות החינוך השונות, כולל השתלבות בחינוך הרגיל בהתאם להתפתחות במצבו ובתפקודו.",0,1
"כל מקום בית אבות או דיור מוגן, למעט בחדר מגורים, ובלבד שלא גר בו מי שאינו מעשן, ולמעט חדר נפרד לחלוטין שהוקצה לעישון בידי הנהלת המקום, אם הוקצה, ובלבד שיש בו סידורי אוורור תקינים והעישון בו אינו גורם למטרד בחלקים אחרים של המקום.",0,1
"אינסולין הוא הורמון חשוב ביותר שמופרש מתאי בטא בלבלב, ותפקידו לעזור לסוכר (גלוקוזה) המצוי בדם להיכנס לתוך התאים.",0,1
"מסגרת טיפולית קבועה, שבה כולם משתפים פעולה - הילד, הוריו, המטפלים המקצועיים ולעיתים גורמים נוספים - עשויה להביא לשינויים משמעותיים מאוד בתפקוד הילד.",0,1
לשאלות ניתן ליצור קשר בטלפון 08-641923,0,1
ניתן להירשם און-ליין באתר שירות התעסוקה.,0,1
בטיפול היומיומי נזקקים בדרך כלל החולים בסוכרת נעורים לזריקות אינסולין.,0,1
"גן אירועים, וכן איזור הנמצא מחוץ למבנה ומשמש את גן האירועים (להלן – אזור), למעט חלק של האזור שהוקצה לעישון בידי הנהלת המקום, אם הוקצה, ובלבד שעומד בתנאים הקבעים בחוק.",0,1
להנחיות לזכאות לדמי אבטלה בעקבות משבר הקורונה לחצו כאן באפשרותך לבדוק את זכאותך לדמי אבטלה במחשבון זכאות לדמי אבטלה.,0,1
המוקד זמין בימים א' – ה' בין השעות 08:00 – 17:00 בטלפון: 08-6206511 או 9771*מענה טלפוני ממוחשב – המענה הממוחשב זמין 24 שעות ביממה בטלפון: 1800-200-155 תשלום מקוון נפתח בחלון חדש אפליקציית CellPay – לאחר הורדת האפליקציה תוכלו לסרוק את הקוד המופיע על החשבון התקופתי שלכם ולשלם דרך האפליקציה.,0,1
פקחי אגף הפיקוח העירוני הוסמכו לביצוע אכיפה על פי החוק.,0,1
"עם זאת, יש לפנות עוד לפני כן לרופא ילדים אם מופיעים אחד או יותר מהתסמינים הבאים: עלייה לא מספקת במשקל.",0,1
"מומלץ להצטייד גם בתרשימים רפואיים העלולים להיות רלוונטיים, דוגמת תרשים א.ק.ג עדכני אם סובלים ממחלת־לב – ודרכי התקשרות (טלפון, טלפון נייד, פקס, דואר אלקטרוני) של הרופא או הרופאה הקרדיולוגים המטפלים בכם בארץ.",0,1
התינוק בוכה?,1,0
הוא ילמד כי יש מי שמקשיב לו ונענה לדרישותיו.,0,1
"בכל מקרה, אם נוסעים עם סוכרת מומלץ להתייעץ הן עם הרופא או הרופאה במרפאת־המטיילים והן עם הרופא או הרופאה המבצעים את המעקב אחר הסוכרת ולגבש תוכנית פעולה ברורה למקרה שיופיעו סיבוכים (למשל: שמות וכתובות מדויקים של מרפאות או בתי־חולים אמינים ביעדים השונים וכיצד בדיוק מגיעים אליהם).",0,1
"אולם שמחות, למעט חדר נפרד לחלוטין, אם קיים, שהוקצה לעישון בידי הנהלת אולם השמחות במפורש,אם הוקצה, ובלבד שיש בו סידורי אוורור תקינים והעישון בו אינו גורם למטרד בחלקים אחרים של אולם השמחות ושטחו אינו עולה על רבע של שטח הפתוח לציבור ובלבד שעומד בתנאים הקבועים בחוק.",0,1
"שלב ראשון: הרופא מעיין במסמכים שבתיק לפני שתוזמן להיכנס לחדר, רופא הוועדה יעיין במסמכים הרפואיים הנמצאים בתיק שלך.",0,1
"החוק אוסר עישון במקומות ציבוריים, בתי עסק ומקומות עבודה.",0,1
ועדת השמה חריגה במקרים בודדים וחריגים מאוד של שינוי משמעותי בנסיבות עשויה להידרש הפניה של תלמיד לדיון לאחר המועד הנקוב וליישום ההחלטה במהלך שנת הלימודים הנוכחית.,0,1
"מקומות שנערכים בהם אירועים והופעות תחת כיפת השמיים בהם משתתפים למעלה מ- 50 איש, למעט חצר בית מגורים.",0,1
"דו""ח רפואי / פסיכיאטרי – אם רלוונטי לקשיי הילד.",0,1
מהם התסמינים של סוכרת נעורים?,0,1
בדיקות מעבדה חשובות נוספות: בדיקת שתן לבדיקת רמת הגלוקוזה ותפקודי הכליות ובדיקת רמת ההמוגלובין הקשור לסוכר (HbA1C).,0,1
יש לו שתן כתום.,0,1
"מומלץ להציב את מיטת התינוק ליד קיר פנימי של הבית, באזור מואר  ומאוּורר.",0,1
"במסעדות, פאבים, אולמות שמחה ומקומות אחרים בהם העישון אסור, גודלו של חדר העישון אינו יכול לעלות על רבע מכלל השטח הפתוח לציבור.",0,1
כמו בכל סוג של למידה מוכרחים ליישם ולתרגל בבית את מה שנלמד בטיפולים כדי להשיג תוצאות.,0,1
במכתב צריכה להימצא רשימת כל התרופות הקבועות שנוטלים.,0,1
חודשי העבודה לא חייבים להיות רצופים ולא חייבים להיות ממעסיק אחד.,0,1
"ועדת השמה דנה בזכאותו של מי שהופנה אליה בידי הורה , מוסד חינוך מוכר, רשות חינוך מקומית, ארגון ציבורי או מי ששר העבודה והרווחה או שר הבריאות הסמיך לכך.",0,1
"לעיתים נדמה להורים שהילד אינו מתפתח כראוי (כמו ""הבן של השכנים"") ושקיים קושי התפתחותי, לעיתים הגננת היא שמצביעה על קושי של הילד או הסבתא מציינת ש""האח הגדול כבר זחל/עמד/דיבר... בגיל הזה"", ובאופן טבעי ההורים נכנסים לחרדה ומגיעים לרופא.",0,1
אם נפגעת בפגיעת איבה בחוץ לארץ ואתה זכאי לפיצוי לפי דיני המדינה שבה נפגעת או הארץ שבה אתה תושב - אינך זכאי לתגמולים לפי חוק התגמולים לנפגעי פעולות איבה.,0,1
"השיפור במצב הבריאותי של בני גילאים אלה, והעלייה בהכנסה הפנויה, למי שקרנות הנאמנות שלהם לא נמחקו בשנה האחרונה, מאפשרים לרבים לממש תוכניות וחלומות ישנים – גם לנסוע ליעדים שבעבר לא נמנו על היעדים הקלאסיים של הנוסעים מעל גיל 6",0,1
"לייעוץ זה חשוב להביא מכתב מרופא או מרופאת המשפחה, או מהרופא או הרופאה המטפלים במחלות רקע שונות - ובו פירוט מלא של האבחנות הכרוניות השונות ושל התרופות הקבועות.",0,1
שווה שהשותפים לטיול יידעו שיש לך סוכרת - וגם כיצד ניתן לעזור לך בשעת הצורך.,0,1
"כל מקום בבניין של מרכז תרבות נוער וספורט (מתנ""ס) או של תנועת נוער.",0,1
גן חיות.,1,0
"בכל מקום אחר בעסק או באותו מוסד, שאינו עונה על הדרישות המפורטות,כגון חדר מדרגות, אסור לעשן או להתיר עישון.",0,1
תלמידים עולים חדשים או תושבים חוזרים בעלי לקויות מובהקות.,0,1
בדיקת HbA1C משמשת מדד טוב של איזון הסוכרת בשלושת החודשים שקדמו לבדיקה ומשמשת כיום הבדיקה העיקרית לאיזון ולמעקב אחר המחלה.,0,1
זה מידבק?,1,0
"כאשר עולה חשד לסוכרת נעורים, יש לעבור סדרה ארוכה של בדיקות מעבדה.",0,1
חשוב להקפיד על גודל הארוחות ועל זמן הארוחות כדי למנוע חוסר התאמה בינן לבין זריקות האינסולין.,0,1
בכל שלב ניתן לבטל את הוראת הקבע באמצעות טופס ביטול הוראת קבע נפתח בחלון חדש יתרונות התשלום בהוראת קבע ישנם מספר יתרונות  המטיבים איתכם באם תבחרו לשלם באמצעות הוראת קבע בבנק או בכרטיס האשראי.,0,1
"במשרדי רשות ציבורית, משרדים ממשלתיים, בתי משפט ובתי דין, רשויות מקומיות ומועצות דתיות;השטח הפתוח לציבור בקניון, למעט בית עסק המפורט במקום אחר בתוספת זו ולמעט חדר עישון נפרד לחלוטין שהוקצה לעישון, אם הוקצה, ובלבד שיש בו סידורי אוורור תקינים והעישון בו אינו גורם למטרד בחלקים אחרים של המקום.",0,1
"אינך בעל אזרחות ישראלית, אך נכנסת לישראל כחוק לפי חוק הכניסה לישראל, או שאינך זקוק לאשרה (כגון בעלי דרכון דיפלומטי או תיירים ממדינה שישראל פטרה אותה מחובת אשרה וכו’) - ונפגעת בישראל או בשטחי יהודה שומרון (שטחים שבשליטת ישראל).",0,1
"בדיקה רפואית הרופא יחליט בהתאם לסוג המחלה או הליקוי הרפואי שלך, אם יש צורך לבדוק אותך.",0,1
"חשוב לדעת, עבודה בחלק מהחודש נחשבת לחודש עבודה מלא.",0,1
צריך לרחוץ את התינוק בין חיתול לחיתול?,1,0
"עם זאת, הנקה עשויה להיות מאתגרת בהתחלה.",0,1
בריכת שחייה לרבות החצר שלה.,0,1
"זה בסדר, זו הדרך שלו לתקשר אתכם.",0,1
מדובר בתופעה נורמלית.,0,1
האור מחיש את פירוק הבילירובין ומוריד את רמתו.,0,1
"הסיבה לקטואצידוזיס היא חוסר במנת אינסולין, מחלה זיהומית או טראומה.",0,1
כתמים כחולים באזור העכוז והגב התחתון ניתן לראות אצל תינוקות להורים בעלי עור כהה יותר.,0,1
יתרונות התשלום באמצעות הטלפון או האינטרנט גם התשלום הטלפוני או האינטרנטי עשוי להקל עליכם .,0,1
"לשם הבהרה, מאפרה היא כלי המיועד לשמש להשלכת אפר ושיירי מוצרי עישון לתוכו.",0,1
"קבלת חשבון ארנונה בדוא""ל.",0,1
"בטרקים ובטיולי שטח באזורים מרוחקים נוסף גם הסיכון של חוסר הזמינות של עזרה רפואית ממוסדת, בתי־חולים ומרפאות, ברמה שאליה רגילים בישראל.",0,1
"בחורף: שתי שכבות לבוש בחדר מחומם, שלוש שכבות לבוש כשיוצאים החוצה.",0,1
מה קורה כשאין לנו מספיק אינסולין בגוף?,0,1
"הסיבות להופעת הסוכרת אינן ידועות עד היום, אף שמדובר במחלה נפוצה מאוד שחוקרים רבים עמלים על פיצוח סודותיה.",0,1
הגלוקוזה חיונית לתאים בשל היותה חומר הגלם העיקרי ליצירת אנרגיה.,0,1
"קבלת חשבון ארנונה בדוא""למהיום ניתן לקבל  את חשבון הארנונה ישירות לדואר האלקטרוני (למייל), במקום בדואר.​תורם לאיכות הסביבהקבלת חשבון ארנונה תקופתי ללא עיכוב וללא תלות בדוארניתן לתיוק בקלותהשירות אינו כרוך בתשלוםניתן לקבל את חשבון הארנונה למייל במילוי טופסנפתח בחלון חדש​ או בהרש​מה באתר האינטרנט ​CityPayנפתח בחלון חדשחשוב להבהיר - חשבון הארנונה בדואר האלקטרוני מגיע כשהוא מאובטח ומי שאין לו הרשאה אינו יכול לצפות בפרטי השובר.",0,1
"להנקה יש יתרונות בריאותיים גם לאם לטווח הקצר והרחוק, כמו הפחתת הסיכון לסרטן השד.",0,1
תנאי הזכאות להכרה כנפגע פעולות איבה כדי להיות מוכר כנפגע פעולות איבה עליך לענות על שני התנאים האלה:תנאי ראשון - נפגעת באירוע איבהפגיעת איבה היא אחת.,0,1
"מאלה:פגיעה מפעולת איבה של כוחות אויב ,פגיעה בשגגה מידי אדם עקב פעולת איבה של כוחות אויב או פגיעה בשגגה בנסיבות שהיה בהן מקום לחשש סביר שתבוצע פעולת איבה.",0,1
בתקופת האכשרה יכללו רק חודשי עבודה מגיל 18 עד גיל 6.,0,1
"התינוק שלכם הוא יחיד ומיוחד, ובשעות הראשונות לאחר לידתו תנסו לבדוק למי הוא דומה.",0,1
"דמי אבטלה בעקבות משבר הקורונה - מידע לעובדים שכירים, מעסיקים ועצמאיים רישום והתייצבות בשירות התעסוקה תנאי הזכאות כמה זמן אפשר לקבל דמי אבטלה?",0,1
"מניעת העישון במקומות ציבוריים והחשיפה לעישון ב 7- לנובמבר 2007 , כ""ו בחשוון התשס""ח, נכנס לתוקף התיקון לחוק מניעת העישון במקומות ציבוריים והחשיפה לעישון.",0,1
"קליטת תלמיד חדש בחינוך המיוחד ועדת השילוב המוסדיות, ועדת השמה ביושבה כערר על ועדת שילוב, ועדת השמה וועדת ערר.",0,1
פגיעה חמורה בכליות עד אי־ספיקת כליות פגיעה בתחושה העצבית שעלולה להביא לפגיעות טראומטיות - בעיקר בכפות הרגליים בשל חוסר תחושה.,0,1
אפשרויות תשלום הארנונה אנו בעיריית באר שבע שואפים להקל על מחזיקי הנכסים בעיר ולכן בנינו מערכת תשלומים ידידותית לתשלומי הארנונה.,0,1
"הורים יקרים,במדריך הזה מפורט התהליך העומד בפניכם לאחר שרופא הילדים שאליו פניתם הפנה את בקשתכם לבדיקת הוועדה המקצועית שפועלת בתחום של התפתחות הילד.",0,1
"מהיום ניתן לקבל  את חשבון הארנונה ישירות לדואר האלקטרוני (למייל), במקום בדואר.",0,1
".תורם לאיכות הסביבה, קבלת חשבון ארנונה תקופתי ללא עיכוב וללא תלות בדואר, ניתן לתיוק בקלות, השירות אינו כרוך בתשלום",0,1
ניתן לקבל את חשבון הארנונה למייל במילוי טופס.,0,1
חשבון הארנונה בדואר האלקטרוני מגיע כשהוא מאובטח ומי שאין לו הרשאה אינו יכול לצפות בפרטי השובר.,0,1
